model,theta,path_index,path_phase,levels,maximum_depth,target_only_budget,anchored_budget,nuisance_total_variation,minimum_visibility,known_fisher,anchored_efficient_fisher,unanchored_efficient_fisher,stationary_unknown_fisher,anchor_efficiency_fraction,known_local_error,anchored_local_error
readout,0.173,0,0.31,3,7,1408,2816,0.18000000000000005,0.72,13853.709162053983,10845.610466348515,4.547473508864641e-13,11719.926308666869,0.7828669087449299,0.008496048188045169,0.009602249779836123
readout,0.173,0,0.31,4,15,3328,6656,0.18000000000000005,0.7260466131336252,85610.28681905306,77902.80439123,1.4580336937797256e-11,66599.13637027467,0.9099701366015316,0.003417724281997857,0.003582807329750235
readout,0.173,0,0.31,5,31,7296,14592,0.18000000000000005,0.7134640889222172,391079.8928887428,375287.81174204755,5.870504082849948e-11,366469.1145730627,0.9596192966351561,0.0015990691922472366,0.001632366862869254
readout,0.173,0,0.31,6,63,15360,30720,0.18000000000000005,0.7209860128669077,509345.20733379776,424914.3026068134,4.368416739453096e-11,426467.8561072836,0.8342363813160357,0.001401179865380571,0.0015340846526166348
readout,0.173,0,0.31,7,127,31616,63232,0.18000000000000005,0.7145000405198209,491983.1763517873,406809.37167096307,3.866773568006465e-11,426487.48184751446,0.8268765909590339,0.0014256892467880158,0.0015678500543730982
readout,0.173,0,0.31,8,255,64256,128512,0.18000000000000005,0.7216112762326303,4330650.140973075,2498087.9821358453,1.4566126083082054e-11,3380095.441398088,0.5768390197353919,0.00048053325712515017,0.0006326975241055817
readout,0.173,0,0.31,9,511,129664,259328,0.17999999999999994,0.7207151928881347,73924536.77840172,60819446.075427786,2.955857780762017e-11,62204215.47542755,0.8227233977500851,0.00011630695723327991,0.00012822678982906625
readout,0.173,1,0.87,3,7,1408,2816,0.18000000000000016,0.72,12549.300190261176,9662.11752266854,4.689582056016661e-13,11719.926308666869,0.7699327752289151,0.008926685740748432,0.01017334663008293
readout,0.173,1,0.87,4,15,3328,6656,0.17999999999999994,0.7307448704002062,73568.86365162156,65169.31356095572,5.9117155615240335e-12,66599.13637027466,0.8858273775922227,0.0036868288395423905,0.0039172241809835575
readout,0.173,1,0.87,5,31,7296,14592,0.18000000000000005,0.7216528642779791,366247.64556385763,350034.373467866,6.093614501878619e-11,366469.1145730627,0.9557313957034987,0.0016523900807429357,0.0016902255130485232
readout,0.173,1,0.87,6,63,15360,30720,0.17999999999999972,0.7261033564116556,486609.9281580074,418640.71299871284,0.0,426467.8561072836,0.8603209445056282,0.0014335390154113891,0.0015455365117936417
readout,0.173,1,0.87,7,127,31616,63232,0.18000000000000005,0.7297369232768183,510941.33389076544,423788.12877435074,9.094947017729282e-13,426487.48184751446,0.8294261995741232,0.0013989895848184868,0.0015361216371815318
readout,0.173,1,0.87,8,255,64256,128512,0.17999999999999994,0.7294597119301454,3667694.083037712,2128933.8759516855,7.30437932361383e-12,3380095.441398088,0.5804556835308435,0.0005221598172349459,0.0006853602521986106
readout,0.173,1,0.87,9,511,129664,259328,0.17999999999999994,0.7335155911407611,67882595.11870109,54842787.34107089,7.501526511077827e-09,62204215.47542757,0.8079064632866719,0.00012137263528175877,0.00013503310071785014
readout,0.173,2,1.49,3,7,1408,2816,0.18000000000000005,0.6985047115323899,9829.436475107666,7411.537874786614,2.3021584638627246e-12,11719.926308666869,0.7540145249990471,0.010086388450638646,0.01161571195340561
readout,0.173,2,1.49,4,15,3328,6656,0.17999999999999983,0.7442626052971444,72347.78712974244,63873.09456213881,9.094947017729282e-12,66599.13637027466,0.8828617584058814,0.0037178115642712687,0.003956771958382225
readout,0.173,2,1.49,5,31,7296,14592,0.18000000000000016,0.7358478391041429,339512.8701729051,322959.7370209095,3.637978807091713e-12,366469.1145730627,0.9512444605014074,0.001716215733096731,0.0017596480339793193
readout,0.173,2,1.49,6,63,15360,30720,0.17999999999999983,0.7409900509249322,483145.4360324972,422104.12055098923,1.729461018840084e-11,426467.8561072836,0.8736585075028998,0.0014386695752222466,0.001539182809046073
readout,0.173,2,1.49,7,127,31616,63232,0.18000000000000005,0.7438300253270391,522907.8932114229,434993.39600223093,1.6370904631912708e-11,426487.4818475143,0.8318738379157603,0.0013828892520436268,0.0015162075964331955
readout,0.173,2,1.49,8,255,64256,128512,0.18000000000000005,0.743369236382164,3238667.1686422606,1895575.1320198148,4.697540134657174e-10,3380095.441398088,0.5852948244800631,0.0005556698596289084,0.0007263225013062156
readout,0.173,2,1.49,9,511,129664,259328,0.18000000000000016,0.7372430922458486,62357761.15289563,49683915.81419522,2.2879476091475226e-12,62204215.47542757,0.7967559273395772,0.00012663528814554708,0.00014187049740140728
readout,0.231,0,0.31,3,7,1408,2816,0.18000000000000005,0.72,2908.302260163151,2610.692092982984,0.0,2551.051525712558,0.8976687632311396,0.01854300987519716,0.019571412616101035
readout,0.231,0,0.31,4,15,3328,6656,0.18000000000000005,0.7260466131336252,56243.536283000845,42457.49917657134,7.759126674500294e-12,31611.816196412692,0.7548867297912735,0.004216612487094088,0.004853139724572734
readout,0.231,0,0.31,5,31,7296,14592,0.18000000000000005,0.7134640889222172,366287.1088486855,350067.033468156,5.820766091346741e-11,335186.44182955124,0.9557175915048922,0.0016523010651929774,0.0016901466652164171
readout,0.231,0,0.31,6,63,15360,30720,0.18000000000000005,0.7209860128669077,1420828.8969336408,1217172.2748619304,7.73070496506989e-12,1125744.9827032024,0.8566635134524421,0.0008389365377076363,0.0009064085100280321
readout,0.231,0,0.31,7,127,31616,63232,0.18000000000000005,0.7145000405198209,6063666.802720083,5363493.099954346,4.092726157978177e-12,5627863.1255658055,0.8845296541604747,0.0004060993885215414,0.0004317935362679875
readout,0.231,0,0.31,8,255,64256,128512,0.18000000000000005,0.7216112762326303,27696287.460434146,26992982.700918876,6.554046194651164e-11,25883087.248778705,0.974606533077042,0.00019001558407157317,0.00019247510349167338
readout,0.231,0,0.31,9,511,129664,259328,0.17999999999999994,0.7207151928881347,62819762.96361481,48809980.699756995,1.319335751759354e-10,51579942.12125537,0.776984477449043,0.00012616876538493928,0.0001431349471656053
readout,0.231,1,0.87,3,7,1408,2816,0.18000000000000016,0.72,2851.3704880710575,2586.854390636062,5.684341886080802e-14,2551.051525712558,0.9072319438874673,0.01872721406693701,0.01966138050437399
readout,0.231,1,0.87,4,15,3328,6656,0.17999999999999994,0.7307448704002062,42247.851911181584,30363.983482928023,1.460875864722766e-11,31611.816196412678,0.7187107062096972,0.004865166233892489,0.005738793883339082
readout,0.231,1,0.87,5,31,7296,14592,0.18000000000000005,0.7216528642779791,341428.92787194304,324899.487448456,0.0,335186.44182955124,0.9515874635271484,0.0017113933607498747,0.0017543873487446892
readout,0.231,1,0.87,6,63,15360,30720,0.17999999999999972,0.7261033564116556,1279844.6650238023,1080521.4432358015,2.842170943040401e-14,1125744.9827032024,0.8442598330600583,0.0008839371134036696,0.0009620182369053779
readout,0.231,1,0.87,7,127,31616,63232,0.18000000000000005,0.7297369232768183,5693689.786486052,4986755.3803646695,1.1689849088725168e-10,5627863.1255658055,0.8758389668858868,0.0004190859481273592,0.0004478070922532084
readout,0.231,1,0.87,8,255,64256,128512,0.17999999999999994,0.7294597119301454,26156824.28611293,25455550.15958431,6.59383658785373e-11,25883087.248778705,0.9731896304055176,0.00019552734020969283,0.00019820233025362184
readout,0.231,1,0.87,9,511,129664,259328,0.17999999999999994,0.7335155911407611,58781191.63941812,46175704.20334418,2.913225216616411e-11,51579942.1212554,0.7855523665903225,0.00013043099489400362,0.00014716117145513387
readout,0.231,2,1.49,3,7,1408,2816,0.18000000000000005,0.6985047115323899,3051.61394242281,2847.33301098429,4.547473508864641e-13,2551.051525712558,0.9330580685195283,0.018102360306330546,0.018740486822998587
readout,0.231,2,1.49,4,15,3328,6656,0.17999999999999983,0.7442626052971444,40544.8752761457,28996.47575972047,2.2737367544323206e-13,31611.816196412678,0.7151699336162552,0.004966289309217125,0.00587255903890444
readout,0.231,2,1.49,5,31,7296,14592,0.18000000000000016,0.7358478391041429,313408.27729676804,296089.6908955961,0.0,335186.44182955124,0.9447411327149702,0.001786260393861697,0.0018377581469749015
readout,0.231,2,1.49,6,63,15360,30720,0.17999999999999983,0.7409900509249322,1213803.8196772218,1019952.3658999474,7.30437932361383e-12,1125744.9827032024,0.8402942463726766,0.0009076653363292098,0.000990170663780176
readout,0.231,2,1.49,7,127,31616,63232,0.18000000000000005,0.7438300253270391,5393807.233729161,4688936.747560769,5.820766091346741e-10,5627863.125565804,0.8693185618943486,0.0004305784492655817,0.0004618094470570439
readout,0.231,2,1.49,8,255,64256,128512,0.18000000000000005,0.743369236382164,24874262.707172118,24172072.052429505,3.725347141880775e-09,25883087.248778705,0.9717703932370165,0.00020050485434204026,0.0002033963054168143
readout,0.231,2,1.49,9,511,129664,259328,0.18000000000000016,0.7372430922458486,54947653.9979098,43533879.6768827,3.725432407009066e-09,51579942.1212554,0.7922791331280262,0.0001349041849997763,0.00015156059923631188
readout,0.317,0,0.31,3,7,1408,2816,0.18000000000000005,0.72,18805.168918017807,18225.41019904806,1.8189894035458565e-12,16939.548546281123,0.9691702466754094,0.007292247169647699,0.007407324047731793
readout,0.317,0,0.31,4,15,3328,6656,0.18000000000000005,0.7260466131336252,17428.626827965818,15854.964097160504,1.8474111129762605e-12,16941.05982868625,0.9097081631078228,0.007574751929874241,0.007941771154667605
readout,0.317,0,0.31,5,31,7296,14592,0.18000000000000005,0.7134640889222172,262463.58849326544,213491.69361671724,2.913225216616411e-11,188228.60853527603,0.8134145191046004,0.0019519355275702443,0.0021642603782738097
readout,0.317,0,0.31,6,63,15360,30720,0.18000000000000005,0.7209860128669077,1384797.671780719,1171051.345033189,2.3294433049159124e-10,1218131.0848491592,0.8456479736330923,0.0008497806498459811,0.0009240852354739605
readout,0.317,0,0.31,7,127,31616,63232,0.18000000000000005,0.7145000405198209,6335546.063319108,5834118.7553210985,3.494733391562477e-10,5660025.337440563,0.9208549187415553,0.00039729031085006754,0.0004140114645114841
readout,0.317,0,0.31,8,255,64256,128512,0.18000000000000005,0.7216112762326303,27858837.665310685,27246035.440062616,3.069544618483633e-12,25981512.99510101,0.9780033096638803,0.00018946042345722704,0.00019157919382999745
readout,0.317,0,0.31,9,511,129664,259328,0.17999999999999994,0.7207151928881347,55174562.703886166,43170986.48763323,3.865352482534945e-12,45323794.3636079,0.7824436546842359,0.00013462649841961336,0.00015219627164579652
readout,0.317,1,0.87,3,7,1408,2816,0.18000000000000016,0.72,17578.37214525924,16973.677151496013,1.8474111129762605e-12,16939.548546281123,0.9656000573451103,0.00754241931031699,0.007675594646910979
readout,0.317,1,0.87,4,15,3328,6656,0.17999999999999994,0.7307448704002062,18778.00943467207,17587.70902988078,2.5295321393059567e-12,16941.059828686244,0.9366120030489763,0.007297518817435955,0.007540417001555459
readout,0.317,1,0.87,5,31,7296,14592,0.18000000000000005,0.7216528642779791,235731.89725418712,188309.25693958352,2.9103830456733704e-11,188228.60853527603,0.7988280717756736,0.002059637660058605,0.0023044334211659544
readout,0.317,1,0.87,6,63,15360,30720,0.17999999999999972,0.7261033564116556,1236121.8907927773,1023753.031742516,1.185185283247847e-10,1218131.0848491592,0.8281974774234763,0.000899434104982461,0.0009883309587897617
readout,0.317,1,0.87,7,127,31616,63232,0.18000000000000005,0.7297369232768183,5972288.160688529,5460314.617126474,4.547473508864641e-13,5660025.337440563,0.9142751438331418,0.00040919434475989,0.0004279481630345549
readout,0.317,1,0.87,8,255,64256,128512,0.17999999999999994,0.7294597119301454,26309310.37693026,25689667.094215263,1.3969838619232178e-09,25981512.99510101,0.9764477565607975,0.00019495988848923488,0.00019729712727806767
readout,0.317,1,0.87,9,511,129664,259328,0.17999999999999994,0.7335155911407611,51916974.83369084,41302224.00470871,9.336247330793412e-10,45323794.363607906,0.795543733759814,0.0001387858887156405,0.00015560132151373675
readout,0.317,2,1.49,3,7,1408,2816,0.18000000000000005,0.6985047115323899,14597.459192501181,13977.432502787271,0.0,16939.548546281123,0.9575250266818748,0.008276779112648814,0.008458362585167144
readout,0.317,2,1.49,4,15,3328,6656,0.17999999999999983,0.7442626052971444,19493.03319897908,18355.50392842766,4.547473508864641e-13,16941.059828686244,0.941644316770004,0.007162428321692692,0.007381027849582384
readout,0.317,2,1.49,5,31,7296,14592,0.18000000000000016,0.7358478391041429,205607.81668675653,161246.28470852616,9.379164112033322e-13,188228.60853527603,0.7842419967631136,0.002205363534601853,0.0024903199148157895
readout,0.317,2,1.49,6,63,15360,30720,0.17999999999999983,0.7409900509249322,1167485.1912637574,958346.8249766655,2.353317540837452e-10,1218131.0848491592,0.8208642235018778,0.0009254954963424371,0.001021500646471952
readout,0.317,2,1.49,7,127,31616,63232,0.18000000000000005,0.7438300253270391,5668455.77296102,5153497.208149051,1.8953869584947824e-09,5660025.337440562,0.9091536415846515,0.00042001772546848397,0.000440503108499663
readout,0.317,2,1.49,8,255,64256,128512,0.18000000000000005,0.743369236382164,25019990.569594666,24395910.21314172,5.826734650327126e-10,25981512.99510101,0.9750567309481182,0.00019992008564443365,0.00020246105093090538
readout,0.317,2,1.49,9,511,129664,259328,0.18000000000000016,0.7372430922458486,48745761.23273234,39256262.247083865,1.1954170986427926e-10,45323794.363607906,0.8053266838865907,0.00014322920176634626,0.00015960464512460276
gate,0.173,0,0.19,3,7,1408,2816,0.012,0.851583896697063,17828.88560335944,14840.5537869088,3.694822225952521e-12,21099.503301299435,0.8323881883067579,0.007489242631577383,0.008208710629763515
gate,0.173,0,0.19,4,15,3328,6656,0.011999999999999997,0.6936695640959889,68850.9456631392,60614.160569587155,9.549694368615746e-12,91255.6323864936,0.8803678727398834,0.003811053497281324,0.004061747786312708
gate,0.173,0,0.19,5,31,7296,14592,0.012,0.4994908919528128,191692.29358573916,177312.71929674753,9.094947017729282e-12,397366.2936190137,0.9249861639192083,0.0022840082755619003,0.0023748164844986496
gate,0.173,0,0.19,6,63,15360,30720,0.012,0.24040111873361045,217264.79616923394,200096.92335443327,1.4551915228366852e-11,357805.2129875074,0.9209818013893603,0.002145385390031939,0.0022355263563280693
gate,0.173,0,0.19,7,127,31616,63232,0.012,0.06082596852167793,231879.81668216994,213558.8171582866,1.9326762412674725e-12,267840.2090139665,0.920989244402434,0.0020766749575883894,0.0021639202278638464
gate,0.173,0,0.19,8,255,64256,128512,0.012,0.0036835819522181338,254988.49914032914,235718.41683801325,1.7763568394002505e-14,1147278.1303035326,0.9244276413748728,0.001980339744514743,0.0020596965531570984
gate,0.173,0,0.19,9,511,129664,259328,0.012,1.4065432475528337e-05,253308.57742645606,232973.44563747387,1.4210854715202004e-14,20978461.71434398,0.9197218981071174,0.0019868956183698395,0.002071795037888114
gate,0.173,1,0.73,3,7,1408,2816,0.012,0.8627225209494186,18429.280791878984,15433.858837816386,1.1368683772161603e-13,21384.88524590695,0.8374639798541376,0.007366239015065949,0.00804938570503854
gate,0.173,1,0.73,4,15,3328,6656,0.012,0.7417673965132884,75521.82548516957,67038.292403344,9.663381206337363e-13,93682.74092227552,0.8876677963313864,0.003638846706657902,0.003862233515996913
gate,0.173,1,0.73,5,31,7296,14592,0.011999999999999997,0.5279887471249908,205409.3592893137,190554.90185674827,0.0,402957.97892499604,0.9276836387399305,0.0022064286395355945,0.0022908145742745276
gate,0.173,1,0.73,6,63,15360,30720,0.011999999999999993,0.2731389181835914,210686.839491862,192967.15912249236,5.115907697472721e-13,359962.2184761023,0.915895646770789,0.0021786190450490783,0.002276450956702491
gate,0.173,1,0.73,7,127,31616,63232,0.012,0.07447312455389411,221265.27432157853,203533.45839910003,3.9179326449811924e-11,266451.1718771156,0.919861731684531,0.0021259026326582984,0.0022165732814393947
gate,0.173,1,0.73,8,255,64256,128512,0.012000000000000007,0.005461614602417379,240298.62083633154,221640.97951675655,6.185985057527432e-11,1133177.3089824314,0.9223564361100399,0.0020399727252650764,0.002124100052132961
gate,0.173,1,0.73,9,511,129664,259328,0.012,2.9590661280818125e-05,254967.0596289411,235522.95660737177,2.7284841053187847e-12,20834330.16871723,0.9237387643334526,0.0019804230035523392,0.0020605510458078
gate,0.173,2,1.31,3,7,1408,2816,0.012,0.895380906088601,20371.298932378086,17447.841090523332,5.684341886080802e-14,22232.663688387136,0.8564913385464971,0.0070063308111458986,0.007570579970626269
gate,0.173,2,1.31,4,15,3328,6656,0.012,0.7584216761003348,77788.13543659326,69269.28967672105,1.1823431123048067e-11,93951.35012771918,0.8904865669801778,0.0035854470991366592,0.003799527856438617
gate,0.173,2,1.31,5,31,7296,14592,0.011999999999999997,0.5756843667974634,227779.23527825635,212168.77279546057,6.554046194651164e-11,408053.16555150825,0.9314667008003343,0.0020952841836854815,0.0021709972223636154
gate,0.173,2,1.31,6,63,15360,30720,0.012,0.30983597759552034,204959.9979980467,186455.89958847527,2.1032064978498966e-11,360876.4866849124,0.9097184885328318,0.00220884603997108,0.002315858047181534
gate,0.173,2,1.31,7,127,31616,63232,0.012,0.09620709393650895,212943.52576500486,195530.0675263711,2.9118041311448906e-11,264310.92006712704,0.9182249933353198,0.0021670442512125056,0.0022614824660049603
gate,0.173,2,1.31,8,255,64256,128512,0.012000000000000004,0.00872576258852221,220272.60894465333,202196.83012760675,3.107203383478918e-11,1105505.2252808944,0.9179390533228379,0.0021306874711955882,0.0022238875759251877
gate,0.173,2,1.31,9,511,129664,259328,0.011999999999999997,7.571823413013621e-05,233263.41978546497,214787.17785750664,9.109157872444484e-12,20335808.758562256,0.9207923730821097,0.0020705068937294465,0.0021577236619033124
gate,0.231,0,0.19,3,7,1408,2816,0.012,0.851583896697063,5145.110494568683,4807.899823889114,0.0,3660.986132530101,0.9344599749537861,0.013941279912147149,0.014421893856451882
gate,0.231,0,0.19,4,15,3328,6656,0.011999999999999997,0.6936695640959889,34347.159006967035,24514.508088300205,8.185452315956354e-12,49862.739124789296,0.7137273881466482,0.005395784418630703,0.006386874882018456
gate,0.231,0,0.19,5,31,7296,14592,0.012,0.4994908919528128,159278.40318624166,145208.11140350014,9.663381206337363e-13,363678.45697921194,0.9116622749771709,0.0025056566157329254,0.002624246106434324
gate,0.231,0,0.19,6,63,15360,30720,0.012,0.24040111873361045,246468.48891825243,210601.54914993973,1.1368683772161603e-13,927523.8453342218,0.8544765705111744,0.0020142774869689015,0.002179060153755943
gate,0.231,0,0.19,7,127,31616,63232,0.012,0.06082596852167793,302103.3119286666,255439.66609667492,3.637978807091713e-11,3480698.015395166,0.8455374569246363,0.001819375142450726,0.001978590097064303
gate,0.231,0,0.19,8,255,64256,128512,0.012,0.0036835819522181338,340047.041691664,290340.4116855864,0.0,13184413.663716845,0.8538242539655767,0.001714867222800102,0.001855864463383818
gate,0.231,0,0.19,9,511,129664,259328,0.012,1.4065432475528337e-05,369580.99989025714,311165.9894607265,1.4665602933450206e-11,17523795.779260516,0.8419426040654787,0.001644921518366744,0.001792684810928019
gate,0.231,1,0.73,3,7,1408,2816,0.012,0.8627225209494186,5193.860035970007,4827.275205355642,0.0,3686.7857874723863,0.9294195784877555,0.013875699276635683,0.014392921958639322
gate,0.231,1,0.73,4,15,3328,6656,0.012,0.7417673965132884,40675.88046974465,29437.5758700375,1.4551915228366852e-11,51941.04862089568,0.723710846085646,0.004958285371915718,0.00582839501545998
gate,0.231,1,0.73,5,31,7296,14592,0.011999999999999997,0.5279887471249908,173272.70619631835,159007.11769103515,3.637978807091713e-11,368855.1206219335,0.9176697310358837,0.002402342479820721,0.002507793182382958
gate,0.231,1,0.73,6,63,15360,30720,0.011999999999999993,0.2731389181835914,257806.79305708516,216979.51701539033,2.9103830456733704e-11,933684.6241091265,0.8416361510200602,0.0019694856540778587,0.0021467952758536385
gate,0.231,1,0.73,7,127,31616,63232,0.012,0.07447312455389411,294980.7888561628,248262.8484575434,5.837819117004983e-11,3461871.9807792194,0.8416237864852962,0.0018412091888652135,0.0020069850294863103
gate,0.231,1,0.73,8,255,64256,128512,0.012000000000000007,0.005461614602417379,315345.9787246083,267703.61796765856,5.2011728257639334e-11,13062080.214587415,0.8489203478996767,0.0017807639344108955,0.001932737529069622
gate,0.231,1,0.73,9,511,129664,259328,0.012,2.9590661280818125e-05,347115.0927068309,295315.6787121048,1.4779288903810084e-11,17406203.79421481,0.8507716458227438,0.0016973181343789988,0.0018401649212705833
gate,0.231,2,1.31,3,7,1408,2816,0.012,0.895380906088601,5394.409092751833,4911.862333321316,0.0,3761.2294640877167,0.9105468734140153,0.01361532651001522,0.014268453587933688
gate,0.231,2,1.31,4,15,3328,6656,0.012,0.7584216761003348,43124.329383368524,31399.461444979148,0.0,52174.58191528103,0.7281147763677172,0.004815471565145256,0.005643374876023776
gate,0.231,2,1.31,5,31,7296,14592,0.011999999999999997,0.5756843667974634,197210.99876082176,182996.414933933,5.832134775118902e-11,373578.34120303043,0.9279219520401686,0.002251823949085418,0.0023376458090273488
gate,0.231,2,1.31,6,63,15360,30720,0.012,0.30983597759552034,276619.7645924004,229013.549859598,5.098854671814479e-11,936297.4905384356,0.8279001690173866,0.0019013339207622916,0.002089630077172702
gate,0.231,2,1.31,7,127,31616,63232,0.012,0.09620709393650895,302220.7304559253,253717.96331254195,5.098854671814479e-11,3432872.666206468,0.839512110667548,0.001819021677115736,0.001985291996388794
gate,0.231,2,1.31,8,255,64256,128512,0.012000000000000004,0.00872576258852221,292429.2388054353,246443.34712902148,5.474021236295812e-11,12819743.932509162,0.8427452334648039,0.0018492243485094641,0.0020143802311676524
gate,0.231,2,1.31,9,511,129664,259328,0.011999999999999997,7.571823413013621e-05,310633.00503981207,262843.0676753223,4.376943252282217e-11,16999305.141617928,0.8461530597549838,0.0017942220969877078,0.0019505259670099641
gate,0.317,0,0.19,3,7,1408,2816,0.012,0.851583896697063,22403.468666036617,21957.878724604554,0.0,24547.762032296,0.9801106717859466,0.006681013786459214,0.006748462034100086
gate,0.317,0,0.19,4,15,3328,6656,0.011999999999999997,0.6936695640959889,24982.377382601015,24214.569423392466,3.751665644813329e-12,21764.363118590565,0.9692660171027883,0.006326785603881634,0.0064263093014199175
gate,0.317,0,0.19,5,31,7296,14592,0.012,0.4994908919528128,97674.13475107873,75749.32420014852,4.092726157978177e-12,211141.32598767627,0.7755310491686944,0.0031997070164804307,0.003633378305101722
gate,0.317,0,0.19,6,63,15360,30720,0.012,0.24040111873361045,179988.99353609007,135513.41534071614,6.821210263296962e-13,1003787.842248726,0.7528983449398754,0.0023570946697163116,0.002716494653036469
gate,0.317,0,0.19,7,127,31616,63232,0.012,0.06082596852167793,236992.94611884383,180919.7207518645,1.5006662579253316e-11,3545822.443036571,0.7633970703125461,0.002054150644332037,0.0023510239083191407
gate,0.317,0,0.19,8,255,64256,128512,0.012,0.0036835819522181338,273783.01521295926,210264.82992089435,4.7919002099661157e-11,13271340.353298757,0.7679980796374167,0.001911158687514292,0.0021808042351125104
gate,0.317,0,0.19,9,511,129664,259328,0.012,1.4065432475528337e-05,309784.6417790878,237556.04193238117,2.2737367544323206e-13,15716324.905902939,0.7668425412186382,0.0017966772080592723,0.002051714650967002
gate,0.317,1,0.73,3,7,1408,2816,0.012,0.8627225209494186,22894.96783664718,22462.616230044834,0.0,24725.94417796344,0.9811158674828843,0.006608912182562048,0.006672211913988882
gate,0.317,1,0.73,4,15,3328,6656,0.012,0.7417673965132884,24321.271863243626,23399.207615362946,2.2737367544323206e-13,22197.52931091861,0.9620881566940509,0.006412197033363337,0.0065373151907595125
gate,0.317,1,0.73,5,31,7296,14592,0.011999999999999997,0.5279887471249908,107502.96463230342,83125.78661270106,7.673861546209082e-12,215468.54822448478,0.7732418068377874,0.0030499293515044656,0.0034684234672724343
gate,0.317,1,0.73,6,63,15360,30720,0.011999999999999993,0.2731389181835914,200020.0128507428,150535.08383334108,1.4836132322670892e-11,1010484.1831907496,0.7526001107982734,0.0022359561106584124,0.002577395913592651
gate,0.317,1,0.73,7,127,31616,63232,0.012,0.07447312455389411,234218.35651710763,180431.9907713593,4.149569576838985e-12,3527088.5782186827,0.7703580259653146,0.002066281728463561,0.002354199318043909
gate,0.317,1,0.73,8,255,64256,128512,0.012000000000000007,0.005461614602417379,248963.1141384622,190592.59529663145,2.9672264645341784e-11,13148476.620636083,0.7655455144677871,0.002004160489787642,0.0022905880362208983
gate,0.317,1,0.73,9,511,129664,259328,0.012,2.9590661280818125e-05,281661.44895159046,216415.8164836002,3.370814738445915e-11,15612090.844694782,0.7683544101940479,0.0018842403313859626,0.0021495893476099637
gate,0.317,2,1.31,3,7,1408,2816,0.012,0.895380906088601,24372.05186797919,23988.873520844936,7.332801033044234e-12,25240.25907967721,0.9842779611166967,0.006405513534164586,0.006456469037348747
gate,0.317,2,1.31,4,15,3328,6656,0.012,0.7584216761003348,23903.0657347179,22910.498430831827,4.604316927725449e-12,22245.01106568868,0.9584753137985801,0.006468047447553179,0.006606671774440783
gate,0.317,2,1.31,5,31,7296,14592,0.011999999999999997,0.5756843667974634,125220.56944178962,96502.2492555856,9.094947017729282e-13,219462.5857795719,0.7706581249851759,0.0028259349640603905,0.003219076384440493
gate,0.317,2,1.31,6,63,15360,30720,0.012,0.30983597759552034,225359.67428383592,169286.14453781382,2.9331204132176936e-11,1013323.6519631005,0.7511820607470411,0.0021065021021364734,0.0024304645610055517
gate,0.317,2,1.31,7,127,31616,63232,0.012,0.09620709393650895,250235.04714253946,195698.73563550797,1.0913936421275139e-11,3498223.354695217,0.7820596589894684,0.001999060473876752,0.0022605076968167316
gate,0.317,2,1.31,8,255,64256,128512,0.012000000000000004,0.00872576258852221,232707.68728622756,178543.67805340947,2.0520474208751693e-11,12905070.30296342,0.7672444350057201,0.002072977722762989,0.0023666158098657342
gate,0.317,2,1.31,9,511,129664,259328,0.011999999999999997,7.571823413013621e-05,247863.25707226776,190151.26869504646,4.729372449219227e-11,15251285.752082944,0.7671619865771608,0.002008602152922526,0.0022932446357963425
