trial,pair_budget,best_gap,fraction_of_optimum
0,16,0.0045232109963415645,0.4311790744829569
0,64,0.0045232109963415645,0.4311790744829569
0,256,0.010261472313090048,0.9781838915693466
0,1024,0.010309671738194748,0.9827785442450817
1,16,0.002439046757394814,0.23250428165406273
1,64,0.002439046757394814,0.23250428165406273
1,256,0.005456734662567908,0.5201680406702455
1,1024,0.010367497539802373,0.9882908397445791
2,16,0.005443646459266205,0.5189203961560193
2,64,0.005443646459266205,0.5189203961560193
2,256,0.0059013543234186505,0.562551801679318
2,1024,0.010375683119838497,0.9890711373753854
3,16,0.004596750178821107,0.43818926186210166
3,64,0.004596750178821107,0.43818926186210166
3,256,0.010271678490093472,0.979156804386791
3,1024,0.010368897870858262,0.9884243275365784
4,16,0.004199675967698213,0.4003378127496245
4,64,0.010261472313090492,0.978183891569389
4,256,0.010261472313090492,0.978183891569389
4,1024,0.010298554964764617,0.9817188280207629
5,16,0.0019041149103297128,0.1815114319029583
5,64,0.0019041149103297128,0.1815114319029583
5,256,0.010374483279702917,0.9889567615570553
5,1024,0.010402333470027614,0.991611605493827
6,16,0.001983588814760795,0.18908735188233952
6,64,0.004985530242820668,0.4752500640905053
6,256,0.010279379695413926,0.9798909285709518
6,1024,0.010365133828514117,0.9880655168829131
7,16,0.00030083961313509544,0.028677801248784798
7,64,0.0039458275711674595,0.37613949063649715
7,256,0.0053399576324495435,0.5090361673598848
7,1024,0.01046782030072202,0.9978541953426034
8,16,0.00034189314999355513,0.03259126582985337
8,64,0.005541669687590733,0.5282645467828608
8,256,0.005541669687590733,0.5282645467828608
8,1024,0.010402450326985724,0.9916227449863436
9,16,0.010268865268515559,0.9788886315606148
9,64,0.010268865268515559,0.9788886315606148
9,256,0.010268865268515559,0.9788886315606148
9,1024,0.010490311668011842,0.9999982047509034
10,16,0.005424766270661907,0.5171206255384095
10,64,0.005424766270661907,0.5171206255384095
10,256,0.010397502103870915,0.9911510512571091
10,1024,0.010397502103870915,0.9911510512571091
11,16,0.00281509557644688,0.26835146673793864
11,64,0.00386768042572605,0.3686900451270647
11,256,0.010465960849595946,0.9976769415252964
11,1024,0.010465960849595946,0.9976769415252964
12,16,0.0032731967574967102,0.31202036554110635
12,64,0.0053399576324497655,0.5090361673599059
12,256,0.010168736011916368,0.9693437219324712
12,1024,0.010467347374453428,0.9978091132292652
13,16,0.0006416395795295626,0.061164858388644286
13,64,0.0032805675326601502,0.3127229911793453
13,256,0.010397551378970249,0.9911557484493788
13,1024,0.010397551378970249,0.9911557484493788
14,16,0.010259308162416492,0.9779775919991475
14,64,0.010303660688198546,0.9822055356067207
14,256,0.010303660688198546,0.9822055356067207
14,1024,0.010303660688198546,0.9822055356067207
15,16,0.0003215802573870441,0.030654921440606192
15,64,0.00532180998628462,0.5073062269958901
15,256,0.0053305698291844505,0.5081412667402708
15,1024,0.010402420117129108,0.991619865205138
16,16,0.004619347746476654,0.44034339491385743
16,64,0.004619347746476654,0.44034339491385743
16,256,0.005216265945633958,0.4972451483060496
16,1024,0.010467820300721797,0.9978541953425822
17,16,0.004607019338486951,0.43916817855734697
17,64,0.005294319479167808,0.5046856701778948
17,256,0.00539645452205717,0.5144217831518266
17,1024,0.01036938347455374,0.988470618136807
18,16,0.0027098209567305576,0.25831607083610186
18,64,0.0027098209567305576,0.25831607083610186
18,256,0.004557841031591181,0.4344802131122003
18,1024,0.010308151410626354,0.9826336176797764
19,16,0.0032690965596283705,0.3116295105658471
19,64,0.004044950619336962,0.38558848255932016
19,256,0.010365133828514339,0.9880655168829343
19,1024,0.010395677164022454,0.990977087257755
20,16,0.003275138599364902,0.3122054733285159
20,64,0.010396641865540124,0.9910690482801078
20,256,0.010396641865540124,0.9910690482801078
20,1024,0.010396641865540124,0.9910690482801078
21,16,0.0003820598286803367,0.03642018987412826
21,64,0.0037984432555598913,0.36208995086301
21,256,0.010490311668012287,0.9999982047509457
21,1024,0.010490311668012287,0.9999982047509457
22,16,0.0052912720809622504,0.504395174258311
22,64,0.0052912720809622504,0.504395174258311
22,256,0.005611882501646126,0.5349576451604812
22,1024,0.010297656222332363,0.9816331546063564
23,16,0.0019386751258676505,0.18480591490665457
23,64,0.010490316439058511,0.9999986595551318
23,256,0.010490316439058511,0.9999986595551318
23,1024,0.010490316439058511,0.9999986595551318
24,16,0.00255624871743354,0.24367666178356806
24,64,0.0052706372636096566,0.5024281421089348
24,256,0.010368897870858707,0.9884243275366207
24,1024,0.010402420117128885,0.9916198652051169
25,16,0.010267416171503396,0.9787504951108569
25,64,0.010267416171503396,0.9787504951108569
25,256,0.010267416171503396,0.9787504951108569
25,1024,0.01049031626930319,0.9999986433730562
26,16,0.0002965362310128894,0.028267577555461606
26,64,0.0013071651637460713,0.12460667122454806
26,256,0.0055195893912711735,0.5261597230770736
26,1024,0.010402450326985724,0.9916227449863436
27,16,0.005544497250817848,0.5285340867393863
27,64,0.005544497250817848,0.5285340867393863
27,256,0.010294924379863346,0.9813727393154542
27,1024,0.01039574573391766,0.9909836237434455
28,16,0.0012572425964146872,0.11984775849746779
28,64,0.003451114416396006,0.3289805231725811
28,256,0.0048419610178204175,0.4615642011913586
28,1024,0.01030774404595558,0.9825947852835288
29,16,0.001856075122155576,0.17693199675831542
29,64,0.003911365322896154,0.3728543464488301
29,256,0.010442128094322989,0.9954050631253536
29,1024,0.010490324380893368,0.9999994166175386
30,16,0.001288440728075213,0.12282174789258182
30,64,0.005307546509931926,0.5059465485423228
30,256,0.005307546509931926,0.5059465485423228
30,1024,0.010490311668012287,0.9999982047509457
31,16,0.0007364057738998842,0.07019852938341245
31,64,0.0044645292783866974,0.4255851880033488
31,256,0.010172756963326868,0.9697270226692979
31,1024,0.010402450326985724,0.9916227449863436
32,16,0.004455488768015492,0.4247233933849101
32,64,0.005550625353339167,0.5291182535128612
32,256,0.005550625353339167,0.5291182535128612
32,1024,0.010402420117129552,0.9916198652051804
33,16,0.005268656688241502,0.5022393420165059
33,64,0.005548660060914479,0.5289309102804869
33,256,0.010389488382697487,0.9903871362238468
33,1024,0.010395677164022454,0.990977087257755
34,16,0.000350823851615778,0.03344259283252206
34,64,0.004997435850654597,0.47638497664955737
34,256,0.010368897870858707,0.9884243275366207
34,1024,0.010397551378970249,0.9911557484493788
35,16,0.003817367210223188,0.36389389351876433
35,64,0.004766320338309038,0.4543536867556275
35,256,0.010016653269746989,0.9548463005063071
35,1024,0.010402420117129552,0.9916198652051804
36,16,0.005273784101126888,0.5027281171685386
36,64,0.005273784101126888,0.5027281171685386
36,256,0.005432674658685688,0.5178744995963529
36,1024,0.01025944071771534,0.9779902279498297
37,16,0.005256382870807985,0.501069329552874
37,64,0.010290572484897509,0.980957891092558
37,256,0.010290572484897509,0.980957891092558
37,1024,0.010466438712333992,0.9977224942119359
38,16,0.0003549671050507852,0.033837552117618346
38,64,0.01046734737445365,0.9978091132292864
38,256,0.01046734737445365,0.9978091132292864
38,1024,0.01046734737445365,0.9978091132292864
39,16,0.001363252164696016,0.12995321401896598
39,64,0.005447507478505309,0.5192884512176612
39,256,0.010466438712333992,0.9977224942119359
39,1024,0.010466438712333992,0.9977224942119359
40,16,0.0009410675721426287,0.0897080956671208
40,64,0.0057159007421222485,0.5448732756040126
40,256,0.0057159007421222485,0.5448732756040126
40,1024,0.010402333470027836,0.9916116054938482
41,16,0.0013268624457546396,0.12648433199101541
41,64,0.004719164740538018,0.4498585378403891
41,256,0.010180496761371782,0.9704648257389292
41,1024,0.010271692296292989,0.9791581204749271
42,16,0.003417021418834598,0.32573057813425166
42,64,0.003978516464234194,0.37925558817644983
42,256,0.010179047830090715,0.9703267050876341
42,1024,0.010278097652535068,0.9797687167036742
43,16,0.002800503986641112,0.26696051058029424
43,64,0.0052692766226550836,0.5022984378108221
43,256,0.01039558608654556,0.9909684052170046
43,1024,0.010407159517744735,0.992071652745605
44,16,0.005240636704953672,0.4995683124158867
44,64,0.005542543705845171,0.5283478633432279
44,256,0.010273114914555515,0.9792937328145405
44,1024,0.01046643871233377,0.9977224942119147
45,16,0.0051629065935147045,0.49215862104026464
45,64,0.0053348200609615315,0.5085464238301041
45,256,0.010280864630625386,0.9800324813286415
45,1024,0.010365133828513673,0.9880655168828708
46,16,0.00039737614288049006,0.03788023102335914
46,64,0.0020997036344293507,0.20015609939797335
46,256,0.010301784582721574,0.982026694198737
46,1024,0.010375683119838497,0.9890711373753854
47,16,0.010268851692868841,0.9788873374501273
47,64,0.010280864630624942,0.9800324813285991
47,256,0.010396582852274516,0.9910634227885561
47,1024,0.010466425136687718,0.9977212001014908
48,16,0.002616113790932739,0.24938335267331793
48,64,0.005253307249388106,0.5007761432305122
48,256,0.005253307249388106,0.5007761432305122
48,1024,0.01017991304806909,0.9704091827539298
49,16,0.00029408513028628125,0.02803392421856925
49,64,0.01027937969541437,0.9798909285709941
49,256,0.01027937969541437,0.9798909285709941
49,1024,0.010391404443693464,0.990569786426892
50,16,0.0009070761259771798,0.08646783110510727
50,64,0.0025388900785328072,0.2420219342323759
50,256,0.005550576078239833,0.5291135563205915
50,1024,0.010279379695413482,0.9798909285709094
51,16,0.010268865268514893,0.9788886315605513
51,64,0.010268865268514893,0.9788886315605513
51,256,0.010268865268514893,0.9788886315605513
51,1024,0.010393330750717023,0.9907534133415462
52,16,0.004980609123326096,0.4747809540377561
52,64,0.004980609123326096,0.4747809540377561
52,256,0.005268518671418421,0.5022261854412129
52,1024,0.010402450326985724,0.9916227449863436
53,16,0.004542044351645624,0.43297438067494776
53,64,0.01030366068819899,0.982205535606763
53,256,0.010367497539801929,0.9882908397445368
53,1024,0.010368897870858262,0.9884243275365784
54,16,0.0008251254368669692,0.07865580944342469
54,64,0.0019507530168574316,0.18595725050936954
54,256,0.010174838556948784,0.9699254524157929
54,1024,0.010375683119838497,0.9890711373753854
55,16,0.0056433856423809825,0.537960709814407
55,64,0.0056433856423809825,0.537960709814407
55,256,0.010172287893473131,0.9696823081721042
55,1024,0.010298554964764839,0.981718828020784
56,16,0.004028163412865604,0.3839882273080553
56,64,0.004028163412865604,0.3839882273080553
56,256,0.010467361180653056,0.997810429317412
56,1024,0.010467361180653056,0.997810429317412
57,16,0.005542543705845615,0.5283478633432702
57,64,0.005542543705845615,0.5283478633432702
57,256,0.005594608287579628,0.5333109654810151
57,1024,0.010397551378970249,0.9911557484493788
58,16,0.0003655229942934879,0.034843801562469454
58,64,0.003981135404864999,0.3795052410001253
58,256,0.01046643871233377,0.9977224942119147
58,1024,0.01046643871233377,0.9977224942119147
59,16,0.005145983076431659,0.4905453718598117
59,64,0.005145983076431659,0.4905453718598117
59,256,0.010179913048068423,0.9704091827538663
59,1024,0.010364621746069447,0.9880167021725822
60,16,0.0009365202560767116,0.08927461875563703
60,64,0.0038246046439730508,0.36458380826924175
60,256,0.005643398355262064,0.5379619216809998
60,1024,0.01046782030072202,0.9978541953426034
61,16,0.010392285159630532,0.9906537414497584
61,64,0.010392285159630532,0.9906537414497584
61,256,0.010392285159630532,0.9906537414497584
61,1024,0.010490330319231855,0.9999999826948882
62,16,0.0018865405673097468,0.1798361421665025
62,64,0.01037654833781676,0.9891536150416705
62,256,0.01037654833781676,0.9891536150416705
62,1024,0.010444822405404564,0.9956619007036718
63,16,0.0002339565853454184,0.022302117681448262
63,64,0.005168950183125021,0.4927347315460179
63,256,0.010397551378970249,0.9911557484493788
63,1024,0.010397551378970249,0.9911557484493788
64,16,0.004241734970922284,0.40434712429810155
64,64,0.010252238255582968,0.9773036468996098
64,256,0.010388507182702122,0.9902936024695678
64,1024,0.010467347374452984,0.9978091132292229
65,16,0.001179832651249435,0.11246858725404667
65,64,0.003287934741736054,0.31342527687714716
65,256,0.005340978090777493,0.5091334434493153
65,1024,0.01038028936435298,0.9895102316931617
66,16,0.004540333972370636,0.4328113372632208
66,64,0.004865387457411829,0.46379734719087656
66,256,0.010466438712333548,0.9977224942118935
66,1024,0.010466438712333548,0.9977224942118935
67,16,0.01025837581460387,0.9778887151222413
67,64,0.01025837581460387,0.9778887151222413
67,256,0.01025837581460387,0.9778887151222413
67,1024,0.01025837581460387,0.9778887151222413
68,16,0.0013397847575673527,0.12771616275285527
68,64,0.005207748210185659,0.4964331876678528
68,256,0.010267416171503396,0.9787504951108569
68,1024,0.010303029831194022,0.9821453986067971
69,16,0.0013269650876529537,0.1264941164204294
69,64,0.0051687037653481704,0.4927112415542743
69,256,0.010389469731476697,0.9903853582797879
69,1024,0.010389469731476697,0.9903853582797879
70,16,0.005091107184011956,0.48531427905337576
70,64,0.005104844940819087,0.4866238428279513
70,256,0.010115444697049725,0.9642636803777517
70,1024,0.01027937969541437,0.9798909285709941
71,16,0.0027512754582045273,0.2622677577225097
71,64,0.005184728792728133,0.4942388414119517
71,256,0.010402450326985946,0.9916227449863647
71,1024,0.010402450326985946,0.9916227449863647
72,16,0.001188228769603894,0.11326895463559333
72,64,0.003304337020388015,0.3149888385447953
72,256,0.005643404475136893,0.5379625050634612
72,1024,0.010395677164022232,0.9909770872577338
73,16,0.005323975342984122,0.5075126415315754
73,64,0.005398225835506865,0.5145906351674581
73,256,0.005398225835506865,0.5145906351674581
73,1024,0.010465960849595723,0.9976769415252752
74,16,0.005245837287480404,0.5000640625284642
74,64,0.005245837287480404,0.5000640625284642
74,256,0.005245837287480404,0.5000640625284642
74,1024,0.010389469731477363,0.9903853582798514
75,16,0.0018864170020963522,0.17982436320363898
75,64,0.010103308896439511,0.963106824489434
75,256,0.010103308896439511,0.963106824489434
75,1024,0.010402420117129552,0.9916198652051804
76,16,0.00037882979064096656,0.03611228365142788
76,64,0.001241821840376689,0.11837776133800089
76,256,0.010397502103870915,0.9911510512571091
76,1024,0.010397502103870915,0.9911510512571091
77,16,0.005544478418061494,0.5285322914902897
77,64,0.005544478418061494,0.5285322914902897
77,256,0.010369383474553961,0.9884706181368281
77,1024,0.010369383474553961,0.9884706181368281
78,16,0.0007180416935255174,0.06844795723766148
78,64,0.005368712540505749,0.5117772543117305
78,256,0.010296730024917267,0.9815448640215145
78,1024,0.010490330500768197,1.0
79,16,0.010490311668011842,0.9999982047509034
79,64,0.010490311668011842,0.9999982047509034
79,256,0.010490311668011842,0.9999982047509034
79,1024,0.010490311668011842,0.9999982047509034
80,16,0.0026726450722756034,0.25477224688773037
80,64,0.004054858003744277,0.3865329127092177
80,256,0.010467361180653056,0.997810429317412
80,1024,0.010467361180653056,0.997810429317412
81,16,0.005488855325914699,0.5232299712113698
81,64,0.005488855325914699,0.5232299712113698
81,256,0.005488855325914699,0.5232299712113698
81,1024,0.010376548337816982,0.9891536150416917
82,16,0.002822211719663681,0.26902981936145987
82,64,0.010395677164022232,0.9909770872577338
82,256,0.010395677164022232,0.9909770872577338
82,1024,0.010395677164022232,0.9909770872577338
83,16,0.0033043075392324983,0.31498602822766425
83,64,0.004989205411698561,0.4756004028026768
83,256,0.0052984311047811206,0.5050776145130148
83,1024,0.01027311491455507,0.979293732814498
84,16,0.00037428228265057317,0.035678788444574255
84,64,0.000757450849807495,0.07220466979110216
84,256,0.005550576078239833,0.5291135563205915
84,1024,0.010395677164022232,0.9909770872577338
85,16,0.0027572086424382247,0.2628333437384377
85,64,0.010490324380893368,0.9999994166175386
85,256,0.010490324380893368,0.9999994166175386
85,1024,0.010490324380893368,0.9999994166175386
86,16,0.0013006744427350725,0.1239879375239727
86,64,0.005124193824301848,0.4884682921979063
86,256,0.005533363338721897,0.5274727367566441
86,1024,0.010490330500767975,0.9999999999999788
87,16,0.005278954420400606,0.5032209824098519
87,64,0.005278954420400606,0.5032209824098519
87,256,0.005278954420400606,0.5032209824098519
87,1024,0.010397462192023199,0.9911472466250518
88,16,0.004547946626969668,0.4335370202718233
88,64,0.005192827740094885,0.4950108807072017
88,256,0.010289671599730932,0.9808720134201138
88,1024,0.01049032438089359,0.9999994166175598
89,16,0.0012730805382642485,0.12135752426208327
89,64,0.0026042226348232944,0.24824981773763846
89,256,0.010054674235816963,0.9584706826043916
89,1024,0.010444822405404564,0.9956619007036718
90,16,0.0003836073468187484,0.03656770840448327
90,64,0.0026042226348230724,0.24824981773761728
90,256,0.005397357287664106,0.5145078400789054
90,1024,0.010268865268514893,0.9788886315605513
91,16,0.001789858676008671,0.17061985567352728
91,64,0.010268865268515559,0.9788886315606148
91,256,0.010391404443692798,0.9905697864268285
91,1024,0.010391404443692798,0.9905697864268285
92,16,0.0003645467517674472,0.0347507403833227
92,64,0.0053346211118470155,0.5085274588304312
92,256,0.00546122538499505,0.5205961227432376
92,1024,0.010402450326985724,0.9916227449863436
93,16,0.00404475167022178,0.38556951755958374
93,64,0.005305135697849517,0.5057167357559447
93,256,0.0056190348239648635,0.5356394465887788
93,1024,0.01046643871233377,0.9977224942119147
94,16,0.004561384581177275,0.4348180050993864
94,64,0.005290760675412232,0.5043464240735593
94,256,0.010368595378173251,0.9883954921547962
94,1024,0.010466425136687274,0.9977212001014485
95,16,0.0054488561335582775,0.5194170129491404
95,64,0.0054488561335582775,0.5194170129491404
95,256,0.0054488561335582775,0.5194170129491404
95,1024,0.01039558608654556,0.9909684052170046
96,16,0.0009249620004485593,0.08817281785171832
96,64,0.0011897634573388993,0.11341525009643634
96,256,0.010261472313089826,0.9781838915693255
96,1024,0.010365133828514339,0.9880655168829343
97,16,0.0024279474562310943,0.23144623098893768
97,64,0.010296730024917045,0.9815448640214934
97,256,0.010296730024917045,0.9815448640214934
97,1024,0.010374483279702695,0.988956761557034
98,16,0.0027242790095374225,0.2596942974616411
98,64,0.004600653107073915,0.4385613119374088
98,256,0.010188792324927753,0.9712556076456922
98,1024,0.01046596084959639,0.9976769415253387
99,16,0.004670492305948293,0.4452187951186359
99,64,0.005561986396099172,0.5302012549263222
99,256,0.010392376970208117,0.9906624933739784
99,1024,0.010392376970208117,0.9906624933739784
100,16,0.0011982617762114067,0.11422535983243418
100,64,0.00565988144880103,0.5395331870989729
100,256,0.010467820300721353,0.9978541953425399
100,1024,0.010467820300721353,0.9978541953425399
101,16,0.0013108046254173278,0.1249536061157786
101,64,0.0042118421839102416,0.40149756803199027
101,256,0.010467347374453428,0.9978091132292652
101,1024,0.010467347374453428,0.9978091132292652
102,16,0.0012510613019255379,0.11925852115278197
102,64,0.003867662658309068,0.36868835143238265
102,256,0.010396582852274738,0.9910634227885772
102,1024,0.010396582852274738,0.9910634227885772
103,16,0.010466425136687274,0.9977212001014485
103,64,0.010466425136687274,0.9977212001014485
103,256,0.010466425136687274,0.9977212001014485
103,1024,0.01046643871233377,0.9977224942119147
104,16,0.0013149027589599571,0.1253442643073703
104,64,0.004619732794379772,0.4403800999445607
104,256,0.0052339026443091186,0.4989263821502902
104,1024,0.010369383474553961,0.9884706181368281
105,16,0.0027936213382842023,0.26630441606006866
105,64,0.0027936213382842023,0.26630441606006866
105,256,0.010168736011916368,0.9693437219324712
105,1024,0.010490316439058511,0.9999986595551318
106,16,0.003272275683066428,0.3119325633093068
106,64,0.005331771302543253,0.508255798247044
106,256,0.010054674235816963,0.9584706826043916
106,1024,0.01046643871233377,0.9977224942119147
107,16,0.0011951652421378078,0.11393017999292654
107,64,0.004436679226472506,0.42293035726068046
107,256,0.005327912531318368,0.5078879574793388
107,1024,0.010309671738195192,0.9827785442451241
108,16,0.010307744045956024,0.9825947852835712
108,64,0.010389469731477363,0.9903853582798514
108,256,0.010389469731477363,0.9903853582798514
108,1024,0.010442128094322989,0.9954050631253536
109,16,0.0006867788699368438,0.06546780102748447
109,64,0.004996944974927642,0.47633818348828194
109,256,0.005321567716009223,0.5072831323683777
109,1024,0.010467361180652612,0.9978104293173697
110,16,0.00046538171537469086,0.04436292215394085
110,64,0.00526927662265575,0.5022984378108856
110,256,0.00526927662265575,0.5022984378108856
110,1024,0.01039228515963031,0.9906537414497373
111,16,0.0002964598120360762,0.028260292849149674
111,64,0.004941217051339986,0.4710258700598751
111,256,0.005795127622337359,0.5524256477823065
111,1024,0.01039558608654556,0.9909684052170046
112,16,0.00520072231485269,0.4957634380033924
112,64,0.00520072231485269,0.4957634380033924
112,256,0.0056190348239644194,0.5356394465887364
112,1024,0.010371454509469524,0.9886680413653347
113,16,0.005619499111056192,0.5356837051649308
113,64,0.005619499111056192,0.5356837051649308
113,256,0.010296730024917267,0.9815448640215145
113,1024,0.010296730024917267,0.9815448640215145
114,16,0.0011799750494747574,0.11248216149036953
114,64,0.0018739181787585935,0.17863290185388994
114,256,0.010302556713904565,0.9821002982842265
114,1024,0.010302556713904565,0.9821002982842265
115,16,0.0012207660143128685,0.1163705961621965
115,64,0.010490330500767975,0.9999999999999788
115,256,0.010490330500767975,0.9999999999999788
115,1024,0.010490330500767975,0.9999999999999788
116,16,0.005164273819937115,0.49228895310390275
116,64,0.005164273819937115,0.49228895310390275
116,256,0.005164273819937115,0.49228895310390275
116,1024,0.010391404443692798,0.9905697864268285
117,16,0.0026285225319828687,0.25056622684961016
117,64,0.002734925809723565,0.26070921307229444
117,256,0.005620435155021308,0.535772934380831
117,1024,0.010402420117129108,0.991619865205138
118,16,0.003201857748676762,0.3052199116550516
118,64,0.005211000940760546,0.4967432570765001
118,256,0.005331771302542809,0.5082557982470017
118,1024,0.010402420117129108,0.991619865205138
119,16,0.00040401143320378807,0.038512745921036776
119,64,0.005545450944577257,0.5286249984374819
119,256,0.010490311668011842,0.9999982047509034
119,1024,0.010490311668011842,0.9999982047509034
120,16,0.0006145570483143681,0.05858319223301541
120,64,0.0045784045933664475,0.4364404527608711
120,256,0.01011346175280059,0.9640746544696557
120,1024,0.010391404443692798,0.9905697864268285
121,16,0.01039228515963031,0.9906537414497373
121,64,0.01039228515963031,0.9906537414497373
121,256,0.01039228515963031,0.9906537414497373
121,1024,0.01046596084959639,0.9976769415253387
122,16,0.005398225835507309,0.5145906351675004
122,64,0.005433938604994304,0.5179949863921238
122,256,0.010259308162416492,0.9779775919991475
122,1024,0.01027937969541437,0.9798909285709941
123,16,0.005113110988258396,0.48741181108488124
123,64,0.0053056251415654065,0.5057633924095033
123,256,0.005472168554279011,0.5216392899993274
123,1024,0.010396582852274738,0.9910634227885772
124,16,0.0011126449745697542,0.10606386276278676
124,64,0.01025223825558319,0.9773036468996309
124,256,0.010371454509469524,0.9886680413653347
124,1024,0.010466425136687718,0.9977212001014908
125,16,0.010179913048068423,0.9704091827538663
125,64,0.010179913048068423,0.9704091827538663
125,256,0.010402450326985946,0.9916227449863647
125,1024,0.010402450326985946,0.9916227449863647
126,16,0.004874799364265048,0.4646945455062708
126,64,0.004874799364265048,0.4646945455062708
126,256,0.010267416171503396,0.9787504951108569
126,1024,0.010395677164022454,0.990977087257755
127,16,0.0018176692367571912,0.17327092188602494
127,64,0.005550576078239833,0.5291135563205915
127,256,0.010442128094322989,0.9954050631253536
127,1024,0.010466425136687718,0.9977212001014908
