draw,distance_um,mask_0,mask_1,chi,principal_flux_rad,sin_flux,edge_geometric_mean,two_bit_leakage_ratio,branch_cut_margin_rad
0,9.473889369537595,0.005542205133961498,0.9840525725840582,0.24519937613880974,1.5699480077938592,0.9999996401774578,2.003411870531099,0.31529714783189383,0.971762211946892
1,9.428755314514978,0.010520123674760294,1.0,0.25679851776365586,1.5439265814396659,0.9996390301109066,2.026890055693325,0.3399557038811707,0.9446782809269125
2,9.466204767298882,0.005146406783161959,0.9962701731967193,0.23778300762315946,1.5310337743605293,0.9992095738628191,1.9729486915107188,0.30842198138392624,0.9464927322995069
3,9.476273352470491,0.00814938561483657,0.9925189665551643,0.20323566525349282,1.5670310377992025,0.9999929113077644,1.8787702488366824,0.2894566756255698,0.9993324972245765
4,9.487213372103406,0.0,1.0,0.24047027468797325,1.554172518068289,0.9998618276737598,1.9881491383775403,0.3081528331871736,0.997772707328727
5,9.440021973714584,0.0,0.9944267965883913,0.21962977310763288,1.5594287985429833,0.9999353903464675,1.9283827267804987,0.3227526937012168,0.9370409373962487
6,9.474428945075134,0.016522952563752805,1.0,0.23259784725603636,1.5243194458171099,0.9989201441713743,1.960836691197005,0.31180285207562314,0.9318130655042669
7,9.51423617775695,0.02057647522049984,0.9962495282834144,0.2614754461319049,1.5212083731122163,0.9987707693420333,2.0517430473433262,0.33293348080453183,0.9477687671704009
8,9.470719242881428,0.01941468618756075,0.9873125274726359,0.2291550354409322,1.573623997766896,0.9999960021411008,1.9625710362069126,0.32119888966597543,0.9825073802418087
9,9.515384591348589,0.0013298303973047186,0.9950294330840733,0.2174879771422012,1.5209250369288974,0.9987566849477251,1.91603611152509,0.27897285433960917,0.9555442009974429
10,9.469782565865557,0.0,0.9952755805871741,0.2655712758935615,1.6344592231152044,0.9979742021619351,2.0796957792812325,0.35007731872700565,0.8324675259698346
11,9.480082094848175,0.0014917668840859577,1.0,0.2352786483603885,1.5758644757636326,0.9999871569605061,1.9779707157913273,0.31270580072369514,0.9770033238494724
12,9.503187198229634,0.016054858772279194,0.9983275271029738,0.2169474444488188,1.602711210088713,0.9994907633383707,1.9494744537340076,0.3421203377213313,0.8409658316090276
13,9.506772843618396,0.0,0.9980487971196418,0.20441307386901353,1.6143105664655029,0.9990534048510493,1.915355901272015,0.3347713125476871,0.8155463158226621
14,9.48579979266306,0.0,0.9908307841733726,0.19821485615320994,1.5530788174102919,0.9998430490363759,1.8648472281470894,0.29446349391681925,1.020622181352946
15,9.458707115090212,0.0,0.9993754199826805,0.20457431198850975,1.609166205593562,0.9992639665090972,1.9022115192973426,0.3279511377253985,0.8693004275917864
16,9.511280699029713,0.0031127826375152807,0.997522025163681,0.21409387158276624,1.566157325764016,0.9999892398540146,1.9225500415586871,0.3090874487287774,0.9607707939596062
17,9.480165090894008,0.0,0.9948711925778612,0.2158261838302815,1.6288351925795335,0.9983162177619346,1.9433353341837132,0.3328182151571859,0.8487624628724646
18,9.432298867031625,0.008833508883575975,0.9973845259454911,0.260855343664109,1.573739795355255,0.9999956679995448,2.0404631480806286,0.3265570016084962,0.8925855499229054
19,9.500107301750198,0.002289909482535326,1.0,0.2438549541772105,1.534819605406977,0.9993529075592374,1.9949735503360735,0.3002796765579732,0.9413746214814753
20,9.46367703180725,0.024315893483513068,1.0,0.2396279339018155,1.4911192964187623,0.9968274643329408,1.9701202987264694,0.2799803059004955,0.644441154701695
21,9.442513212247306,0.0,0.9817714785915345,0.23213788506598473,1.5884215920175837,0.9998446790338485,1.9638097661607812,0.30918666293961955,0.9868198319354664
22,9.493599852707842,0.0,1.0,0.22913569208861614,1.554141969045702,0.9998613193894847,1.958400855139801,0.30861874659724853,0.9846553051780149
23,9.511791061298638,0.0,0.9929796062726169,0.22714231710607677,1.5537067243986094,0.999853976298927,1.9565880355091398,0.30874351887407875,0.972058325509555
24,9.466110972175889,0.0,0.9934651458105503,0.23998578935666,1.609742249277832,0.9992417034159787,2.0095148169250594,0.3563133892416396,0.7907243740130117
25,9.483334854567536,0.016064131963221172,1.0,0.2650542138785408,1.5306870170825284,0.9991957294688412,2.051548552975332,0.3067306104336815,0.7872222776380005
26,9.489402398995368,0.0,0.9996601866940316,0.2625589405619809,1.6318426780851822,0.9981372500907116,2.0713613334850733,0.3324795943916866,0.889757801520465
27,9.411422961622636,0.0018150841322916427,0.9982272380223403,0.2547882510801495,1.5823408780198442,0.9999333624086152,2.0200121810324543,0.31727939928995197,0.8817078797862461
28,9.447223155535978,0.0005364233697019087,1.0,0.24806999755981113,1.5917688722178869,0.999780084230204,2.0091610094062253,0.31140631918020595,0.9385281726220702
29,9.499887983056182,0.0142925415364335,1.0,0.24552996163322832,1.5844655782780006,0.9999065772366176,2.0184126076202658,0.33378208885975114,0.9122512939012224
30,9.494973380304687,0.005776313448007957,0.9784868598111452,0.23476392324943465,1.4775091933043554,0.9956519100023109,1.9565508497283037,0.2812064442006153,0.8259203578605363
31,9.412315685958113,0.005951344537369864,0.9973485679287092,0.22317110498160136,1.5944091590427087,0.9997212300296974,1.9359202914274674,0.30836212003788555,0.9447041776401433
32,9.485330135130457,0.002687939381490528,1.0,0.20702536980003022,1.521315121019275,0.9987760548926214,1.8821029224260812,0.2852554217338091,0.9879532378943021
33,9.37182580214182,0.0,1.0,0.2603226560432217,1.597761370071633,0.9996364652489299,2.0351892555641258,0.33853967885569747,0.9214541447314435
34,9.530270322176634,0.005601775855015026,0.9989244683296784,0.21175770958098702,1.5343847238114123,0.9993371708207854,1.9142114271143937,0.3093693008908873,0.9604495996390896
35,9.455283305485132,0.00729062329628417,1.0,0.23973516224801036,1.5834570662924563,0.9999198539082763,2.0025594480959557,0.3600895271234562,0.8049077423623543
36,9.481164235405924,0.004864559718909385,0.9956543318222331,0.2321853524975687,1.5645611044537995,0.9999805610641576,1.972145744866336,0.326724002480233,0.9223558698309278
37,9.404483235832089,0.0022173976873597944,0.9898370212254742,0.25056286188246324,1.5975171995424318,0.9996430187210994,2.0129056337495066,0.32678853433535565,0.9387696222882256
38,9.445104664338093,0.0034089016563994498,0.9892175052187308,0.237936819067112,1.5851071135102595,0.9998976024393849,1.9864656596472572,0.33305422647460436,0.9118236611866628
39,9.41721322690898,0.01878497587355143,0.9997319533974697,0.2731504673325036,1.4694098196538423,0.9948647891784074,2.0542590220703145,0.2920067872882077,0.5207571882997653
40,9.421498216433589,0.004419706788439366,0.983219618123938,0.2518148177234197,1.6546899382663625,0.9964829944674449,2.0310461797285417,0.3213952233210678,0.9344582819999792
41,9.451915612061018,0.0,1.0,0.24142346222380243,1.611542300511967,0.999169997655659,1.9941892152657166,0.3022112488932335,0.9311859163064429
42,9.443602301063796,0.0,0.9940911886146251,0.22522300350373461,1.5637381179754588,0.9999750909475414,1.9419960918409243,0.3143093042541612,0.9795371925361924
43,9.483203232942646,0.0,0.9981244069650504,0.267234919657249,1.5580336556950318,0.9999185582186829,2.0624002106718784,0.31676990841633645,0.9297732681870627
44,9.492359470400052,0.011269633067197827,1.0,0.2601716828160511,1.5479635439781616,0.9997393433388583,2.048419534861202,0.3357509067748417,0.9257953005162407
45,9.476106041988075,0.0,1.0,0.2280680896328516,1.5650305134681042,0.9999833777443904,1.9515136262426913,0.2993835110372215,0.9912618518023888
46,9.43888381642154,0.005206543852108087,1.0,0.24856990757181122,1.6465282609689857,0.9971337073929052,2.0234933992957393,0.3201937063160315,0.9584333298173662
47,9.457613282056013,0.0,1.0,0.2534912652330457,1.5655727667634574,0.9999863572413199,2.022369744264736,0.3205125001594946,0.9716963885946419
48,9.45884380884412,0.008024060432083223,1.0,0.2453617647370789,1.5664087790054666,0.9999903747276387,2.0018803442706607,0.3213963683342532,0.9677127263117398
49,9.440411329182545,0.008498466699255731,0.9950817601575688,0.23083261300712793,1.595552711081483,0.9996935763690465,1.9634945534583803,0.3149776019495131,0.9748662671298289
50,9.457154115377904,0.007605180074175159,0.9974635923688825,0.25170132525933636,1.5795569899243513,0.9999616256362006,2.0284994172865307,0.34815766712117857,0.8686213593197851
51,9.510605155368204,0.0010992630845588108,0.9937710463590163,0.2494862121643971,1.5370690821001625,0.9994312903959296,2.0197655906004903,0.32775271322185595,0.91733190365089
52,9.458957599957394,0.020088737235435205,1.0,0.25666267577469865,1.6063136147011774,0.9993693274323568,2.03940071792607,0.30799624776139356,0.7951167929148926
53,9.521891725935307,0.0,0.9936595750264329,0.22919115375646715,1.6109931481769069,0.9991922165511737,1.9879072499366028,0.34015387400406305,0.816813027260483
54,9.403783723146166,0.0,0.9934251609878392,0.2822590034685941,1.6825763653719135,0.9937591137563937,2.125941218465815,0.37864825148895087,0.7614742791397182
55,9.52070574493136,0.01342354248968266,1.0,0.2088957066955941,1.5565184653718391,0.9998980730681556,1.904577681342887,0.29976989339501814,1.0208023472143504
56,9.470156782115142,0.009584227410032307,1.0,0.24214492160499754,1.608356072629432,0.9992947156663503,1.999553595162651,0.30129589571799376,0.8936591459090644
57,9.453108629047472,0.005515074787568563,0.9981481105332652,0.3108476476499835,1.549816345931793,0.9997799282738931,2.1709975995146578,0.3439720548210762,0.819597364594467
58,9.491698950630827,0.01043272836646054,1.0,0.21320789091240785,1.6073938379066008,0.9993303858340833,1.9233301723844194,0.30586635173496657,0.9918263790630579
59,9.455433569651683,0.009204902437605333,1.0,0.23347013358280194,1.5506293687760377,0.9997966537941197,1.962504944824822,0.30637660416667417,0.9224582670394059
60,9.51959865416325,0.0053377549329647915,0.9907650080737991,0.2270016171237042,1.5251868268581372,0.9989600670511833,1.9507369769179337,0.3019808355006902,1.0195201978635238
61,9.499396216235322,0.0,1.0,0.2372636775884398,1.5593386162760823,0.9999343611529224,1.9854524203915884,0.31722796891059407,0.9490714999942202
62,9.507146489452019,0.009844149951155477,0.9928058946711021,0.22190146649495612,1.5649920083823943,0.9999831549911757,1.9396941631457276,0.2967327105847774,0.9901393972858634
63,9.425642687249578,0.009637628500588937,1.0,0.2249998761204733,1.5358316006685946,0.9993887962352799,1.9328741821738993,0.3088409354213882,0.9178043132161924
64,9.496073902016542,0.009998113025372775,1.0,0.2483183532762474,1.5677589373708325,0.9999953871362897,2.0219451897549896,0.33569164847436167,0.9036249250205803
65,9.409248059281982,0.0,1.0,0.24361300112980117,1.573878002305916,0.9999952516417803,1.9892034001505137,0.32097933552099067,0.94819571791193
66,9.480672575652683,0.002733241793206834,0.9914655872958223,0.24514961397018575,1.5605897988896449,0.9999479138462272,1.9991207839890734,0.2982760284887071,0.9044604326914754
67,9.476316852511063,0.006180824848681716,1.0,0.24776149594934652,1.578881161884802,0.999967317898806,2.014120433488464,0.321162281728735,0.9637044862731163
68,9.509362706343438,0.011447292915810425,0.9777501023156699,0.2410473390570537,1.541465919912331,0.9995698944513854,2.0011995720559863,0.3373437220545162,0.8934526660156559
69,9.461754511931561,0.009702085506642526,0.9992425174925875,0.2235274647385107,1.567870610409358,0.9999957200948686,1.9322804976242656,0.2698974418581072,0.7660986618384298
70,9.487166027187765,0.00014482393239726322,0.9885037664609353,0.2451742808400432,1.5756062819867773,0.9999884321878285,2.0045064285290586,0.3045463978689288,0.9643960640607938
71,9.480059859847039,0.0,0.9925719772786334,0.2770189541212194,1.566091120276715,0.9999889305362328,2.0892139052293586,0.3115300229116848,0.8619249610822166
72,9.468464286158312,0.0022171027430824596,1.0,0.22705518187889825,1.609677903111853,0.9992442067346569,1.95995797267674,0.31218397021383926,0.969846645036426
73,9.463443650079551,0.013476384387979037,0.9945150233452242,0.24484801268792575,1.572871667888757,0.999997846480445,2.0004826258426833,0.31025855847067374,0.890210487262479
74,9.486587014994178,0.0012329778192121728,0.9984692703032563,0.2327981457180224,1.5390002567258712,0.9994945475501862,1.9626387063000377,0.30204255701358595,0.985628480088732
75,9.457051133263127,0.0006331271006483896,0.9882257931435611,0.2148679632261935,1.5928741441036973,0.9997562948907797,1.9277346985472528,0.3303153291756527,0.8796115388312327
76,9.409643837430004,0.0,0.9969358618945563,0.23864867900638928,1.6156640775330573,0.9989936113201947,1.989608022463827,0.33779675382413493,0.8941735623385667
77,9.540552812301133,0.010275130580227498,0.9901410593196835,0.2107427586687486,1.551720087649524,0.9998180540676891,1.928909034289646,0.33782166654099477,0.8310583029804288
78,9.444243139795017,0.011822915415818685,0.9941055983190077,0.24242350181107936,1.5603657960861448,0.9999456025077552,1.9880320949628785,0.3107548814819999,0.8809453134848413
79,9.45358150830329,0.007081888566737921,1.0,0.22135786722222395,1.589987568317178,0.9998158537763329,1.931752817561241,0.2904132017360963,0.9070329838811384
80,9.475120474372297,0.0,1.0,0.25820407890309327,1.5229580345949987,0.9988559671014829,2.0289204970330155,0.3120407923561432,0.9206792457166317
81,9.442939426305196,0.0,0.9879694655517499,0.28527407682622685,1.5185385443955988,0.9986348727978503,2.0942828292232845,0.31955121814620524,0.8060606107146451
82,9.447454686540448,0.005449323513528668,0.9890100263564995,0.25190248530589016,1.5185722069322196,0.9986366305610027,2.0070720426913744,0.3155195747501934,0.8925692460924188
83,9.48357714829101,0.020984915511838162,0.9864982442262702,0.2298975162343092,1.5317921269950248,0.9992394326289987,1.9572696706577608,0.3139382453351012,0.9433965679271852
84,9.459507143492603,2.071517926175978e-05,1.0,0.25805208312573724,1.5813043857029134,0.9999447908570086,2.044486479485781,0.34543387296762246,0.8660193461857837
85,9.534997870955594,0.012338853300665387,1.0,0.2208757892739891,1.5716128459437266,0.9999996666482583,1.9475504695569512,0.30875681998981014,0.9775425553140047
86,9.428325675884368,0.0,1.0,0.28370332749952254,1.5929286697025278,0.9997550896962053,2.1015209452224504,0.3025082324914317,0.7265782754763102
87,9.44781239442137,0.0,1.0,0.234357068160996,1.642887232343243,0.9974025758834368,1.9978739459964587,0.3545428324596588,0.7920112273462903
88,9.509290675731815,0.0,1.0,0.21540125499415777,1.570267327149009,0.9999998600796906,1.935946397219234,0.3321198269534811,0.8502859579090019
89,9.456058493877286,0.0,0.9938337903227991,0.2777827005219951,1.5688260607786841,0.9999980590265406,2.08602893291604,0.30262510285819966,0.7812992285474021
90,9.45040538987052,0.00447651559985748,1.0,0.29222301194916206,1.5445736421704157,0.9996562051065035,2.120863860693127,0.3371429194814389,0.8606836999033822
91,9.471726063028095,0.016099294883162807,1.0,0.22895288259510121,1.5861684104364353,0.9998818518488297,1.9601986961010773,0.3068384264535961,0.9391940583748606
92,9.502928744202974,0.0,1.0,0.2370800405495122,1.5925056884492577,0.9997643610631464,1.9935309815394273,0.32057218287124173,0.9231630471109389
93,9.476185464607441,0.0,0.9955631682873117,0.2283872129488319,1.5914708316990012,0.9997862900359104,1.9695792562512677,0.33582904115243795,0.8620610734216401
94,9.4794817272348,0.007905670692165526,0.9959241600288473,0.2419973244146292,1.5823674274468325,0.999933055561791,2.0000435440794457,0.32106300149083633,0.9603368884170855
95,9.426909468299227,0.014132031738806446,0.9797086043160326,0.25769904869730115,1.6113731567201393,0.9991768733843064,2.0468409720973164,0.3548944719685844,0.8717036747381766
96,9.466390495835062,0.0,1.0,0.24617411526026206,1.5654798535097247,0.9999858675891916,2.000058834615745,0.2991825688441111,0.9028090357322593
97,9.45311809449567,0.0,1.0,0.24601990047134048,1.5458298595697089,0.9996883539457028,1.9946926402811058,0.3061225446123388,0.9161398331584296
98,9.448018756400849,0.001067671236984603,0.9986696749588937,0.2317014967069808,1.6010647085316254,0.999541947506473,1.9631509565035363,0.2966126624923425,0.9269125802134557
99,9.470104124757052,0.015345552532881307,1.0,0.25971790521268145,1.5921251955051892,0.9997725483026717,2.049106454247616,0.32473448401254756,0.9083993480106387
100,9.497674097715628,0.0,0.9998709777852373,0.25071692672802726,1.6090483437623135,0.9992684808030867,2.0353004239801877,0.3287691696767301,0.8981950793932629
101,9.489166994546295,0.01059277844836942,1.0,0.24494106950295363,1.5434370226133367,0.9996257575825781,2.001216963666478,0.31600062545382485,0.9617610614239176
102,9.477507767499441,0.0,1.0,0.29086765017398075,1.6192067255899496,0.9988284454724143,2.1450703731467278,0.3608152147136561,0.8097496992501605
103,9.410689288746331,0.006390391163736178,1.0,0.2630873051799271,1.6203647584010925,0.9987717368148474,2.0540567082172565,0.33689497497736476,0.9325383225133819
104,9.473585826176752,0.0,0.9950576344850401,0.2630352579495686,1.5259937855272439,0.9989965340168994,2.041980709974854,0.3109352072554394,0.894636409050964
105,9.449820167646129,0.00015145348018857802,0.9902049387999542,0.22993003251701571,1.5993818046190382,0.999591463048887,1.969052387102826,0.3331388899897613,0.887546700013953
106,9.471524838720205,0.0,1.0,0.2500560416724694,1.579813843707316,0.999959342469876,2.0213955444684055,0.32953910494311495,0.9176935845935881
107,9.471362053783281,0.0,0.98916666453155,0.2525584980595919,1.5927176065908155,0.999759738367613,2.030785625284067,0.3298715856240078,0.9147055892079012
108,9.473564492701094,0.001133240677310633,0.9962309967787919,0.255529011817768,1.6013495669272397,0.9995332860668759,2.0439070244385342,0.3400047261674435,0.8742889070294275
109,9.50771047265297,0.004210567619339999,1.0,0.21164807407667935,1.5932139265759464,0.9997487361329885,1.9161203107443332,0.2977342603179957,1.0095563174568416
110,9.519300236290384,0.0,0.991325743224126,0.19581915985381854,1.5027697540169447,0.9976870848444546,1.8586955151607238,0.30166112171121756,0.9770308067942799
111,9.507081484435199,0.0,1.0,0.23625758894237212,1.5429092210882898,0.9996111798671165,1.9755592048458417,0.29555536784290504,0.971069056261241
112,9.467108854001774,0.0,1.0,0.31043788869143635,1.5975034771174272,0.9996433852585197,2.1837361181353683,0.3270177755025015,0.7993806910242731
113,9.44598845669463,0.0032198695320028005,1.0,0.23419208973428693,1.5048854582935127,0.9978286649446542,1.9579506892091982,0.3181498539706778,0.9819904586084793
114,9.51363624167574,0.015127949773005606,1.0,0.23698336780933474,1.567854347919418,0.9999956723832695,1.9864953521011293,0.30454258541317486,0.94821496399355
115,9.448273992865268,0.005354325796753401,0.9932182519338514,0.21475767092369755,1.5071010230766893,0.9979721398824294,1.8959894765359395,0.2808466184687693,0.8526628005604708
116,9.478057018118243,0.0,0.9846205765873753,0.2726111468324478,1.5913197529512206,0.999789401881746,2.0921430618329473,0.35933082092513574,0.810399643151742
117,9.421205297432056,0.006026317823052129,1.0,0.2681854801551058,1.6003551288922082,0.9995631704163387,2.0621013517735785,0.3224632879735281,0.8519762072357757
118,9.436440012735597,0.016618412102944884,1.0,0.26738690161679146,1.5663037857110886,0.999989908554278,2.0582516068368615,0.3295624519229988,0.8410534586953315
119,9.518675132412785,0.0,1.0,0.26500379492178067,1.5060845458848746,0.9979069232752396,2.0572457741484054,0.3277618496824308,0.9315294515199657
120,9.493332453418017,0.0,1.0,0.23936847906929826,1.5607845148320718,0.999949882229248,1.9859158482430572,0.30074207616219495,0.9730858517307488
121,9.413019165066704,0.004097619510296168,1.0,0.2792715024312909,1.601914838811284,0.9995158581755383,2.088968612770339,0.3101256286018046,0.7433459561949936
122,9.485089912648814,0.0,0.9860302710516662,0.2500043881688995,1.5618476896348066,0.9999599612136755,2.0178446553522176,0.31939824185771876,0.9582413221454686
123,9.46551595608227,0.0,0.9889267571991872,0.24827013910009385,1.6008720230148004,0.9995477603393406,2.016935140606108,0.31869017283194323,0.9594248424530778
124,9.465216500947784,0.0007979473485588436,1.0,0.24550505067461564,1.5845019388275368,0.9999060795696167,2.0064054027560374,0.32019732895422515,0.9576408980444739
125,9.43407085629438,0.001619532799898956,1.0,0.27013722765679016,1.585991271807372,0.9998845590442047,2.064762439068444,0.3099838243393296,0.8176635550338678
126,9.469722440896867,0.012070386527172601,1.0,0.23826416680176565,1.556648703847482,0.9998999240517127,1.9775490233068915,0.29632714531219423,0.8538058138636404
127,9.50007599049536,0.0,1.0,0.24840818116286018,1.566362056209005,0.9999901686382948,2.0147141713566263,0.3062690181464292,0.9747752609553455
128,9.474092111382324,0.01792083752196816,1.0,0.266870058823871,1.6050023706060077,0.9994150303238813,2.076647093849511,0.345481502074359,0.9012387052919597
129,9.43376136690327,0.0026375713633252813,0.9828891650801149,0.2269207938772248,1.6440725827780902,0.9973164962129103,1.9690870355056114,0.3365742254049486,0.8710329826000809
130,9.418658758541655,0.0,1.0,0.23252521470869947,1.5612239348514676,0.9999541850060806,1.953569229729224,0.29923353815273473,0.8885600105303193
131,9.419452826893123,0.01369322148105637,1.0,0.26318280263483335,1.6198005864971765,0.99879953152986,2.0563015592638516,0.335706243111185,0.898209461290778
132,9.450244579901609,0.004331139495996852,1.0,0.22172373577694393,1.5729715546460257,0.9999976341928307,1.9355191138050258,0.31433647858529445,0.9790947889472847
133,9.434150767712232,0.0,1.0,0.2470773441152928,1.5281412542756345,0.9990904103198758,1.9911395369953964,0.2562310231258844,0.582381537280054
134,9.496472990164625,0.0,0.9977377426792534,0.23768397538217706,1.5705638423527948,0.9999999729754923,1.983081477184481,0.2975002867449975,0.969032562292726
135,9.486497072195,0.0,0.9903011636558535,0.22363693300977258,1.5246434411602792,0.9989351446136477,1.9376416599436053,0.3115427766581775,0.9781130379230483
136,9.487442059309709,0.0,0.9830631659792693,0.2213554711317174,1.563159133780655,0.9999708367831815,1.9393985300542413,0.31455088513738727,0.9500446043695003
137,9.492114174589352,0.0,1.0,0.18285577335751996,1.5926869656654412,0.9997604095327963,1.8270696175662007,0.2923962454202976,0.9963147082320583
138,9.451730721079313,0.009480211382086916,0.9992713572011106,0.24999166242462223,1.597528301426942,0.9996427220427527,2.0226846709464446,0.33445362034076925,0.9257836962132346
139,9.477702776114649,0.0017162214407163148,1.0,0.24619010377211908,1.5318004987500857,0.9992397590448014,1.9948096556730543,0.26499522954648,0.6982476582369963
140,9.473622562095825,0.0,0.9876992711239148,0.2525820887205585,1.5147511402921838,0.9984298795867451,2.015532972368372,0.32702380316962726,0.9505371838969432
141,9.447731274357505,0.003063125210559179,0.984445752814053,0.22005847049488395,1.5481727585819862,0.9997440979957087,1.9233144253029537,0.3057037773175447,0.9960829492754506
142,9.529343102793318,0.0,1.0,0.22349237643810765,1.4936284749678876,0.9970240385524646,1.9339789035412958,0.2888101187768378,1.002919112947076
143,9.469716837729305,0.005589238467776215,1.0,0.22724498208446656,1.6002190948010153,0.9995671815869962,1.9629560132920791,0.3245579829923119,0.9241988392828264
144,9.4516796542057,0.01647329899441106,0.9856772391173392,0.22559282348139093,1.6231879540580103,0.9986278726001613,1.9741289613833948,0.3603881091389425,0.7976812360670844
145,9.498705125774274,0.0005310461344337385,1.0,0.2463045916890904,1.5388692808510984,0.999490375160781,2.006497591414538,0.3193958923562668,0.9554751411388742
146,9.46778011663936,0.022865967285761464,1.0,0.21984626210845282,1.522407198920499,0.9988294745780437,1.9211899487179687,0.2984597242443926,0.8671565189660022
147,9.428060336728825,0.0,0.9852238860883424,0.2779958520297015,1.5670659887327845,0.9999930422970394,2.080586250984453,0.3103454959172495,0.7833056823739089
148,9.459871591808497,0.006261113929102477,1.0,0.2230485490512334,1.5402345066810483,0.9995330239246334,1.931087234976478,0.30109189253902613,0.9567590361131151
149,9.44400869059229,0.003075636023217414,1.0,0.25892611639832885,1.576710205867045,0.9999825130681257,2.0384208711901186,0.3294622350034335,0.9506956808056661
150,9.462078772510855,0.008224660805891572,1.0,0.2274980465871619,1.5649207370851803,0.9999827387724401,1.9470598178498728,0.2956938882893617,0.9089503554633622
151,9.480982677519016,0.015254146203545482,1.0,0.19965638243420147,1.5740171277901711,0.9999948132249582,1.873603380295029,0.2979727721255688,1.0324900101758736
152,9.44580235172662,0.0,1.0,0.24898972281114773,1.5833275612760278,0.9999214851086423,2.011525567737208,0.32006202435915787,0.971076243275308
153,9.49413902443207,0.0,0.9940935065012867,0.2406848232174658,1.5965118946600414,0.999669373005328,2.004560251042628,0.3280358526453661,0.8979892905070659
154,9.499339827329187,0.006204182303416413,0.9772250206667665,0.2045095044829418,1.556438930272774,0.9998969343530232,1.8892838264246659,0.30338695672917887,0.9922010864194966
155,9.497015311994886,0.0023138070980691615,0.9945788868480664,0.2293234345630346,1.5746177111941357,0.9999926985195219,1.9679777884689926,0.3220288545198704,0.9224300000762744
156,9.44533272245922,0.0,0.9881872573358563,0.26782387187941115,1.5873332914272522,0.9998632675164497,2.067534503469828,0.3454263133255102,0.88144779304633
157,9.488775424147326,0.0,0.995395720570121,0.23352261912198893,1.4843537095020147,0.9962661628640932,1.9530265953870516,0.2861953322617054,0.8872450758993407
158,9.459603209390146,0.004682954669645061,0.9978772535831469,0.22101085999884443,1.5958118103223673,0.999687129108004,1.938354002404655,0.3105072420008297,0.9852269397324682
159,9.469985442595595,0.009609296848007659,0.9905129485679743,0.21444505928872862,1.6626431354255617,0.9957850461774146,1.9620400631800672,0.37072164888791825,0.7073842971928701
160,9.402097828231707,0.0031130787393894395,0.9925648304835867,0.25445547572278215,1.5951980911964498,0.9997022917199218,2.025093355924778,0.338552205136375,0.927434812086005
161,9.457520724199233,0.007176479220781813,1.0,0.22838273474743695,1.5899788527014342,0.9998160209915785,1.9518024436250825,0.28706533685763774,0.8632233619084837
162,9.50109326942784,0.0,1.0,0.23111529356606242,1.569175046191099,0.9999986857248898,1.9710120176221895,0.317297509753597,0.9391299807363773
163,9.446441004914382,0.0,1.0,0.27311924047911185,1.5896216352690486,0.9998228091134421,2.077482691061875,0.323643808861113,0.9029195890425248
164,9.45602315227705,0.0,1.0,0.23854424039009714,1.5683021571843954,0.9999968895605895,1.979976977011077,0.3100809962247534,0.9781374404117185
165,9.556948242737178,0.009140045857550088,1.0,0.2313095515730434,1.4985090843707711,0.9973884148131986,1.9664864673990508,0.30201683174208926,1.0179530687506393
166,9.42833317989183,0.0028856536201998712,1.0,0.254744001649978,1.5823342974604357,0.9999334383548825,2.0238172989227556,0.32153372826239,0.921907077110891
167,9.483251440778606,0.0049593617385207305,0.9998977360619614,0.23536299941804018,1.6188070993812147,0.9988477042234505,1.9878712232830202,0.31200278570382545,0.9746258633283205
168,9.5188533267884,0.0003704650047651133,1.0,0.25848737094357105,1.5869658390075179,0.9998692762856172,2.0575131847475485,0.3327674927618409,0.8823469350889801
169,9.471981151836504,0.0,1.0,0.24961917126641828,1.5699927735466797,0.999999677151106,2.0197950076750915,0.33448531199535286,0.89920652939169
170,9.424641893637077,0.0,0.9887759536567643,0.2459103360529656,1.62214801898205,0.9986817915688508,2.02147547326935,0.3641706708276006,0.7844549358882151
171,9.521192075838563,0.014967017945865952,0.9966826646985096,0.21405502036848062,1.5297477314054124,0.999157624700873,1.9199065958898873,0.3141048185513404,0.969750922493013
172,9.491068138084742,0.0,0.9975899270330293,0.2238350034156452,1.5659685124027405,0.9999883461267329,1.9459373870090104,0.31006551974069385,0.9706764956882465
173,9.503098951737304,0.00011258540136580807,1.0,0.21628980171962803,1.5581580986725432,0.9999201386579586,1.920461831578478,0.2937095181073069,1.0354454094944505
174,9.446825047186358,0.0003324851254250498,1.0,0.2580517087073251,1.6245130520671873,0.9985576035976768,2.056979528810166,0.36353610769187017,0.7890635762862854
175,9.500420878503292,0.0,1.0,0.2456706756078108,1.5629353898387874,0.9999691029941915,2.0049805720248255,0.2983217172667916,0.9435361869269818
176,9.48931663479691,0.0,0.9854512375351832,0.24339024590289773,1.5797447016662791,0.9999599635607362,1.9996091264937295,0.2981918325492293,0.9422735212592883
177,9.469737183461515,0.0,0.9937794687905741,0.24909364854270985,1.5239037500852586,0.998900744577569,2.005912045345035,0.32236541566468846,0.966486699194705
178,9.467386322870539,0.00524735971427611,1.0,0.24295789318618244,1.5313778035422276,0.9992231906052673,1.9842802031631896,0.2901174332374681,0.8267116811328581
179,9.49247483565543,0.0,1.0,0.23655901541589935,1.566853401112195,0.9999922266786011,1.9828244781047264,0.3148966769645677,0.9604951565746451
180,9.42960070670878,0.028849303966981647,1.0,0.27885834788691455,1.6596223462011572,0.9960575623342035,2.1150048024980754,0.3599214046152102,0.8903829043545364
181,9.509185290352011,0.0,1.0,0.26166987024055227,1.5545710238217394,0.9998683726594422,2.0514301773642503,0.3085226860398128,0.940598395664777
182,9.476368589664474,0.0,0.9864342051851201,0.2176595912898479,1.5801065716159952,0.9999566599837487,1.9373603981875904,0.33256825471003104,0.8654791232122507
183,9.428162334794123,0.0,0.9917074885154589,0.25857798405923643,1.6078598456934465,0.9993132264074893,2.0422689265572855,0.3357796100825484,0.9158188430213028
184,9.437619005634247,0.011562343536796669,0.9945183429633794,0.24865831184460596,1.6252653913251167,0.9985169272337877,2.0167165318477167,0.3085311909402954,0.8553634197516993
185,9.436726116335253,0.010707392725435512,0.992227505400319,0.28317659580284193,1.5797131782487457,0.9999602451434859,2.1090991570577713,0.3700677332698502,0.8348946843258895
186,9.523240027541682,0.006569238365027425,1.0,0.22044063616116438,1.5135649742304227,0.9983627331107977,1.9280320912786195,0.29139387876979034,0.9925492849741842
187,9.492016491370318,0.0,0.9796586147407359,0.23093092827796027,1.5734671523143027,0.9999964333476427,1.975121051292404,0.33333953840025154,0.8722035055165609
188,9.414473892613897,0.0,1.0,0.2755897988148458,1.593067762441652,0.9997520018283097,2.0775646020358285,0.319145354632436,0.8282853885020227
189,9.497101663092868,0.0,1.0,0.23609677666161769,1.593250949287969,0.9997479055569936,1.994083753014638,0.3333414588330814,0.8700119762159217
190,9.44070723458524,0.0,1.0,0.2423813406428737,1.5677789879757704,0.999995447836679,1.9833820558547153,0.2821617372439066,0.7869325566208296
191,9.464503741147988,0.0,0.9956988928922624,0.25508391220737625,1.5381503292734044,0.9994671667481837,2.024999619050442,0.3296626690694229,0.9393569977701715
192,9.457762306940815,0.0008654320658282563,0.984944797400226,0.25858512893492525,1.5814444948542552,0.9999433087941467,2.037598615555121,0.26430471542423417,0.6336495189627871
193,9.444284522534767,0.006839277483706809,1.0,0.25434138400289863,1.5896824989985907,0.9998216615507654,2.0282939328032135,0.324630902430777,0.9415797838508273
194,9.498671160662687,0.0,1.0,0.22859638282408634,1.5678521990588965,0.9999956660590675,1.9569135644911184,0.29554523268767396,0.9986005794138486
195,9.438459255154813,0.0,1.0,0.24765152493267614,1.5184340579109972,0.9986294095994868,1.9947426559691102,0.32016318299088736,0.9502353137158961
196,9.501084500477205,0.010273984049768608,0.9904108553212276,0.21066689142526385,1.5477466138551987,0.999734367127669,1.917306400099867,0.33259759189441396,0.8751980100323515
197,9.447605632766946,0.007055913435005341,1.0,0.2672400900342887,1.5900852240308379,0.9998139749895475,2.064071743487196,0.3298350207589285,0.9195480022445537
198,9.47918449618177,0.0,0.9835909538834962,0.246935261911398,1.5073686661129178,0.9979891402179957,1.9932663798452726,0.29154412357784504,0.8567011228091501
199,9.475844546859935,0.0,0.9873560194937676,0.2631487425342096,1.5927267155423213,0.9997595386622539,2.0568817349647315,0.3156474379019945,0.9398576208934437
200,9.48743022151916,0.0,0.9953433349910016,0.2326803058252939,1.5520466485621527,0.9998242299325117,1.9770419984283172,0.33963961566936957,0.8555119724056706
201,9.467167804243031,0.0,0.9916848602047145,0.26085962093651927,1.5713980273736459,0.9999998189782122,2.0432069348575,0.3092764430669496,0.8999812966980829
202,9.462125467366965,0.003641717327553952,1.0,0.24090571784904283,1.5482466148962521,0.9997457660198605,1.983320777874427,0.3070447209507462,0.9350167701830654
203,9.530854180410383,0.008853619534027156,1.0,0.2252182455232833,1.5434375336217165,0.9996257715615372,1.947720464279898,0.2881216632751297,0.9588330371526426
204,9.513065328874793,0.006347749035507827,0.9953814277574399,0.26201151354942986,1.5095013188513076,0.998122049078407,2.044182552696467,0.30008068515592856,0.8517795137146882
205,9.463057795891979,0.010225256507958292,0.9992899303071824,0.24173205202435033,1.4800159792741943,0.9958822932772462,1.9722235184771308,0.2732279009788471,0.6753739535021142
206,9.474385973597368,0.0028843368851758913,0.9964820896612115,0.23622222105209634,1.5832561078985405,0.999922377931643,1.9816145392873235,0.3150577769915547,0.9718157042204139
207,9.515587904825441,0.004638165504824373,1.0,0.2480396090916263,1.521098816452805,0.9987653328837303,2.008922408755338,0.30712525833191784,0.9632080684214852
208,9.50177200684867,0.0,0.9999814083479365,0.26236830953301693,1.594916405283055,0.9997091250093332,2.061950200850058,0.31828135709620425,0.9506900886097416
209,9.45131357798166,0.0,1.0,0.2566206045305427,1.5071776234564132,0.9979770127405366,2.015542375726111,0.29732660103974884,0.8092533495006982
210,9.418943711222743,0.011705820271699094,1.0,0.26297364422392694,1.6023525393618172,0.9995021440397938,2.054249519516659,0.34694388254188996,0.9104484447170571
211,9.441952878526491,0.0,0.9950820599479197,0.22561373663826848,1.5546109619032031,0.9998690198410616,1.9340401490362353,0.2858823970534852,0.8751470534932335
212,9.478407300898827,0.0024117164821151706,1.0,0.26631297912187546,1.5436032058336926,0.999630289869371,2.0573196513921954,0.3235742205307139,0.9440966459755749
213,9.484021102659874,0.0,0.9897223605182139,0.27964834933448157,1.55896756389229,0.9999300409998224,2.096792270309954,0.321984178660194,0.9077758297273086
214,9.386546475013251,0.0,0.9925353743979659,0.2625640120452155,1.6185118508465586,0.9988618303528156,2.0461721259163674,0.3314845627326758,0.9084720415860397
215,9.493118489349383,0.0,1.0,0.2850417530604783,1.5677550387460113,0.9999953752870665,2.1153134767252415,0.32000572829999,0.8892343365281108
216,9.432904152506618,0.00681824780639415,0.9929359868695261,0.24518621472259702,1.5344772511309661,0.9993405348665851,1.9882303271890027,0.30932814423630983,0.8641996272864021
217,9.452710987489459,0.0,0.9810589408333396,0.25507450600040504,1.5756794192789076,0.9999880777275865,2.0296677288105696,0.32922453513463745,0.935878126746712
218,9.461944502485998,0.0,0.9933059037980684,0.2546779773936145,1.5652578585394983,0.9999846627238975,2.030641851035895,0.3371945577734556,0.9001403516312547
219,9.464272627348642,0.010886022832806376,1.0,0.2526901770732532,1.4701695249706475,0.994941394055574,2.005226646012176,0.2612984833912209,0.5459983606909131
220,9.450650186397272,0.004313372055291489,0.9940186511096981,0.25666582923394976,1.6310265748156232,0.9981867068821424,2.0490903771868965,0.34142184353203897,0.8813279116033641
221,9.441289129555594,0.008380445925549915,1.0,0.19829734481462735,1.5839076647960473,0.9999140476392394,1.8653447430444106,0.29838736719368414,1.0238372524231338
222,9.46188870083025,0.004805513361718948,0.9965207775984073,0.21772897065506608,1.6098664453908111,0.9992368599999849,1.9274585807822429,0.2939474625905659,0.9714134194615367
223,9.48852640817144,0.01819143238882602,1.0,0.23063355230432048,1.5244345764228115,0.9989254865362395,1.9521884500344684,0.2832844760569654,0.7917135205613857
224,9.534066101372481,0.00012337519127820714,1.0,0.26860433857039345,1.582639149624511,0.9999298745933239,2.084254498886608,0.31529121769299084,0.9490622753537736
225,9.476437350561781,0.0,0.9985756311256454,0.27611633463813734,1.5817239050130616,0.9999402946112746,2.0967002635505008,0.35299708768220867,0.8415113583877409
226,9.490522246412166,0.0,1.0,0.22447381923903884,1.616943550189014,0.9989354058336068,1.9644912405941195,0.32808975373909705,0.8777162276316433
227,9.465514314425072,0.0,1.0,0.28159749774680876,1.6342302460605336,0.9979887434972471,2.123084046909568,0.36413813074016127,0.7937927947118602
228,9.510896519857248,0.008987220586260227,1.0,0.2562387793893163,1.5771817405670603,0.999979613314749,2.0461880145503,0.32781680232460075,0.9291967169652517
229,9.451008570342625,0.00016068810163141395,1.0,0.24396465745785828,1.5258023166255854,0.9989879402813412,1.985911195427259,0.30923220048554867,0.9296611879418792
230,9.432323173965578,0.008329080825562767,0.9953571058371617,0.21731764606230958,1.5572698550421342,0.9999085186758003,1.9101847641206324,0.28514508457525944,0.8443350640248166
231,9.498643319247508,0.006075144891837393,1.0,0.24096718883509197,1.5107613373839648,0.9981984412189129,1.9829230965006917,0.3012941840695662,0.9285597013751534
232,9.441258136528218,0.0022375127413180244,0.993851616040934,0.25392960581329094,1.6206554944611682,0.9987572891735096,2.035449841135222,0.3341829277991326,0.9120529385171032
233,9.451120098784317,0.0,0.9970218388588304,0.2573405770938759,1.5944211708590035,0.999720946350929,2.0354444633340503,0.31106280925364593,0.9085491226989686
234,9.483971741459138,0.0,0.9950444225564077,0.232623896168106,1.5224171853955635,0.9988299575764945,1.9591246718655217,0.3035168232867152,0.9920201974839751
235,9.407459838322556,0.0008103268302935077,0.9931242163448577,0.24765794145642678,1.568770244201745,0.999997947495365,1.9957678832102246,0.3063827161729082,0.847523240846594
236,9.530658722746043,0.016992013353373275,1.0,0.27596254935513514,1.5378531838463765,0.9994574237382703,2.095483974802443,0.3201927728715288,0.8693593928303733
237,9.432706990598183,0.011788405639533877,0.9999644058277106,0.27289015529834715,1.5548503591844125,0.9998728657524268,2.067267217428531,0.31351748921674577,0.7540724230269205
238,9.480644911157666,0.0,0.9925979864409201,0.2746145542490013,1.6056084815062002,0.9993941181342044,2.0974721870320248,0.34527085432253696,0.8601374161856365
239,9.474132744558696,0.01574367696549881,0.9943322806437126,0.24026972814915365,1.5413771299018055,0.9995672866374933,1.9823852923423173,0.3010707664019589,0.8514691305091122
240,9.434053389656414,0.002100127581437687,0.9916588943020652,0.24782888442652473,1.5969577874895546,0.9996578085047786,2.0171764533394234,0.34788778472280224,0.8599130283429903
241,9.44810073437711,0.0,0.9801128954039204,0.2626888877291146,1.6417478364576745,0.9974839973915791,2.0735939282088856,0.3652845791845976,0.7807078247910826
242,9.42550168771167,0.0,0.9972247276732286,0.25992494855226583,1.6327044370037866,0.998084304905785,2.055316373794314,0.3520407118689151,0.8447955937548999
243,9.479317522927454,0.018827819581844745,1.0,0.1960270741512123,1.5515679564040294,0.9998151405818373,1.8772999134593706,0.3400797668601525,0.8478982572277975
244,9.468440316991359,0.0,0.9950194894295962,0.21224772778116607,1.5628529128438342,0.9999684512532897,1.8999353099900718,0.2797696882234582,0.9375826620923826
245,9.510368653110667,0.001486815608627816,1.0,0.24624906430869742,1.5840569325728568,0.999912079455568,2.014762647405402,0.3060305588274843,0.9904617696828275
246,9.437255954697388,0.0,1.0,0.19391073671504305,1.6255119104143878,0.9985034758677004,1.861139798998657,0.30211943281084824,0.9819313573318014
247,9.460039970655565,0.0,0.9949104466866414,0.2259373210867497,1.6181302422063324,0.9988799593702175,1.9612064864910255,0.324593980669766,0.909813304287387
248,9.507007109939435,0.0031061229280308572,1.0,0.2486361619287387,1.5031721302203704,0.9977143552452327,2.0057998951130402,0.30835745898389216,0.9590280235811908
249,9.49732385759652,0.0008663790841138484,1.0,0.2358732484518044,1.5996351404839098,0.9995841902319947,1.9885361519374036,0.31410566548695534,0.9536508983225844
250,9.478672339010892,0.0034885026106760107,0.9939296948140529,0.22282405601958163,1.5663872148865425,0.9999902798818366,1.9406647994521775,0.3092331060482349,0.9883875969024296
251,9.452325564018338,0.0,1.0,0.22708276520731574,1.558192381573122,0.999920571333931,1.9472785630389686,0.31350447555400596,0.982222033246114
252,9.461845348867891,0.0,1.0,0.276519329087227,1.5612084889468911,0.9999540370348036,2.082881514669855,0.31488182040854784,0.8569673117244565
253,9.487517214554666,0.004205566668156167,1.0,0.26122967991645074,1.5862097451801884,0.999881215618536,2.0632335184220136,0.35483521599563406,0.8237246887060086
254,9.474554360423411,0.0,0.9944198280830295,0.2266142238860386,1.5989294944511347,0.9996042885394939,1.9569328724050117,0.3100876507506429,0.9734076942249725
255,9.49353243081407,0.0,0.98110405136615,0.23858745559166133,1.5517392274878299,0.9998184189785443,1.9801592036248434,0.2908886401522733,0.9206206176455631
