k,horizon,regime,dimension_h0,dimension_h1,response_zero_error,response_min_abs,response_final_abs,rank64_relative_residual,effective_rank_1pct,atom_lower_bound_1pct,effective_rank_5pct,atom_lower_bound_5pct
3,2.0,uniform,5,3,0.0,0.6715288149481575,0.6715288149481575,2.1268837319625912e-16,2,1,1,0
4,2.0,uniform,8,5,0.0,0.6742356000252745,0.6742356000252746,2.1442384745247953e-16,2,1,1,0
5,2.0,uniform,13,8,0.0,0.6739745981271876,0.6739745981271876,2.212497568084286e-16,2,1,1,0
6,2.0,uniform,21,13,0.0,0.6739953748937961,0.6739953748937962,2.2920153652568113e-16,2,1,1,0
7,2.0,uniform,34,21,0.0,0.6739939882312518,0.6739939882312518,2.3416388916459643e-16,2,1,1,0
8,2.0,uniform,55,34,0.0,0.6739940689608275,0.6739940689608275,2.4789794860563966e-16,2,1,1,0
9,2.0,uniform,89,55,0.0,0.6739940648383596,0.6739940648383597,2.3441819452924514e-16,2,1,1,0
10,2.0,uniform,144,89,0.0,0.6739940650276142,0.6739940650276143,2.088466638521556e-16,2,1,1,0
11,2.0,uniform,233,144,0.0,0.6739940650197869,0.6739940650197869,2.043847070130413e-16,2,1,1,0
12,2.0,uniform,377,233,0.0,0.673994065020083,0.6739940650200831,2.0520850766189936e-16,2,1,1,0
13,2.0,uniform,610,377,0.0,0.6739940650200736,0.6739940650200735,2.061095190598297e-16,2,1,1,0
3,5.0,uniform,5,3,0.0,0.48758937444237865,0.5986898714361718,5.670234093299757e-16,2,1,2,1
4,5.0,uniform,8,5,0.0,0.5348866804041047,0.5450968422300662,5.009714046493314e-16,2,1,2,1
5,5.0,uniform,13,8,0.0,0.5240412029350332,0.5527771832802879,3.1770807271546256e-16,2,1,2,1
6,5.0,uniform,21,13,0.0,0.5261407821175056,0.5500027521041193,3.781006891352541e-16,2,1,2,1
7,5.0,uniform,34,21,0.0,0.5258314394640698,0.5507098830706388,3.1643367584432673e-16,2,1,2,1
8,5.0,uniform,55,34,0.0,0.5258736550480303,0.5505784480894905,2.714842273175014e-16,2,1,2,1
9,5.0,uniform,89,55,0.0,0.5258688209168345,0.550602786698632,2.846590450147372e-16,2,1,2,1
10,5.0,uniform,144,89,0.0,0.5258693378991961,0.5505992562777404,2.7181737004227025e-16,2,1,2,1
11,5.0,uniform,233,144,0.0,0.5258692896626029,0.5505997525277018,2.465896732837823e-16,2,1,2,1
12,5.0,uniform,377,233,0.0,0.52586929390913,0.5505996935667798,2.509892990665694e-16,2,1,2,1
13,5.0,uniform,610,377,0.0,0.5258692935749915,0.5505997002769017,2.631686329021943e-16,2,1,2,1
3,10.0,uniform,5,3,0.0,0.48759039952476385,0.5910664202834038,1.025629309879288e-15,4,1,2,1
4,10.0,uniform,8,5,0.0,0.5089908392728484,0.7202059090300236,1.0688648031880178e-15,3,1,3,1
5,10.0,uniform,13,8,0.0,0.5240446848392034,0.6205846717495916,4.3606249621112476e-16,3,1,2,1
6,10.0,uniform,21,13,0.0,0.5261407821175041,0.608206192789869,4.622746116988267e-16,3,1,2,1
7,10.0,uniform,34,21,0.0,0.5258315022828729,0.5840846821122893,3.765179621735474e-16,3,1,2,1
8,10.0,uniform,55,34,0.0,0.5258736550480304,0.5856369910798038,3.8706741499140794e-16,3,1,2,1
9,10.0,uniform,89,55,0.0,0.5258688209168348,0.5845995220307044,3.751189789860241e-16,3,1,2,1
10,10.0,uniform,144,89,0.0,0.5258693378991959,0.5849843319788943,3.052096882176662e-16,3,1,2,1
11,10.0,uniform,233,144,0.0,0.5258692896626025,0.5848267888404911,7.826910491450345e-16,3,1,2,1
12,10.0,uniform,377,233,0.0,0.5258692939091321,0.5848727952534147,7.228211355512135e-16,3,1,2,1
13,10.0,uniform,610,377,0.0,0.5258692935749993,0.584860269710077,5.51034593093087e-16,3,1,2,1
3,20.0,uniform,5,3,0.0,0.39455979758718523,0.5086833472170902,9.837868050801415e-16,6,2,3,1
4,20.0,uniform,8,5,0.0,0.44867714877000897,0.618429448326488,1.2786019180539758e-15,5,2,4,1
5,20.0,uniform,13,8,0.0,0.33020153146944226,0.3423807249955175,8.611496989202347e-16,6,2,3,1
6,20.0,uniform,21,13,0.0,0.4075728009426642,0.6078954081632468,6.648863489469694e-15,5,2,3,1
7,20.0,uniform,34,21,0.0,0.3935325358985558,0.4057085913191968,6.562076849341339e-15,6,2,3,1
8,20.0,uniform,55,34,0.0,0.4292042093142685,0.5882356299903673,3.5381753800658686e-15,5,2,3,1
9,20.0,uniform,89,55,0.0,0.4050502501055187,0.4050502501055187,2.0140531972913923e-15,5,2,3,1
10,20.0,uniform,144,89,0.0,0.4565122183953396,0.5127096242955285,1.5273353300435733e-15,5,2,2,1
11,20.0,uniform,233,144,0.0,0.43752166759033845,0.43752166759033845,1.143202268665524e-15,5,2,2,1
12,20.0,uniform,377,233,0.0,0.46141898418614563,0.47820798961006367,7.977514740247723e-16,5,2,2,1
13,20.0,uniform,610,377,0.0,0.4558185673551565,0.4558185673551565,6.120737481824545e-16,5,2,2,1
3,2.0,perturbed,5,3,0.0,0.6713134244900619,0.671313424490062,2.1418691568669043e-16,2,1,1,0
4,2.0,perturbed,8,5,0.0,0.6740200210571698,0.6740200210571698,2.135833812889032e-16,2,1,1,0
5,2.0,perturbed,13,8,0.0,0.6737586484582906,0.6737586484582906,2.1728225284947565e-16,2,1,1,0
6,2.0,perturbed,21,13,0.0,0.6737794554798361,0.673779455479836,2.2377363302468743e-16,2,1,1,0
7,2.0,perturbed,34,21,0.0,0.6737780662329313,0.6737780662329315,2.24609321380695e-16,2,1,1,0
8,2.0,perturbed,55,34,0.0,0.6737781471292361,0.6737781471292361,2.364276093516894e-16,2,1,1,0
9,2.0,perturbed,89,55,0.0,0.673778142995166,0.673778142995166,2.258757532582934e-16,2,1,1,0
10,2.0,perturbed,144,89,0.0,0.6737781431849922,0.6737781431849922,1.9924509968588723e-16,2,1,1,0
11,2.0,perturbed,233,144,0.0,0.6737781431771422,0.6737781431771424,2.0269721839297275e-16,2,1,1,0
12,2.0,perturbed,377,233,0.0,0.6737781431774404,0.6737781431774404,2.009129454308043e-16,2,1,1,0
13,2.0,perturbed,610,377,0.0,0.6737781431774297,0.6737781431774297,2.060640752490611e-16,2,1,1,0
3,5.0,perturbed,5,3,0.0,0.4865451659220964,0.598133558910514,5.689219581799254e-16,2,1,2,1
4,5.0,perturbed,8,5,0.0,0.5340558240144564,0.5456663544436523,5.064500789366635e-16,2,1,2,1
5,5.0,perturbed,13,8,0.0,0.5230811280443652,0.5526487433989539,3.108082540310544e-16,2,1,2,1
6,5.0,perturbed,21,13,0.0,0.5252125653662638,0.550065503428252,3.420969145854413e-16,2,1,2,1
7,5.0,perturbed,34,21,0.0,0.5248971064105995,0.5507264406310737,3.100873033195791e-16,2,1,2,1
8,5.0,perturbed,55,34,0.0,0.5249406363107556,0.5506037672424221,2.6822181295059613e-16,2,1,2,1
9,5.0,perturbed,89,55,0.0,0.524935679575172,0.5506266895028885,2.688668108604662e-16,2,1,2,1
10,5.0,perturbed,144,89,0.0,0.5249362109702685,0.5506233658354669,2.6702065157695393e-16,2,1,2,1
11,5.0,perturbed,233,144,0.0,0.5249361613505653,0.5506238386809144,2.501042359398708e-16,2,1,2,1
12,5.0,perturbed,377,233,0.0,0.5249361657184076,0.5506237819520569,2.4511003873617067e-16,2,1,2,1
13,5.0,perturbed,610,377,0.0,0.5249361653756799,0.550623788483446,2.5370544745387985e-16,2,1,2,1
3,10.0,perturbed,5,3,0.0,0.486547884320089,0.5896621546028373,9.57894362374278e-16,4,1,2,1
4,10.0,perturbed,8,5,0.0,0.5106973549441346,0.7167708788389158,9.83756591677633e-16,3,1,3,1
5,10.0,perturbed,13,8,0.0,0.5230839010793428,0.615875986944776,4.3940590663372844e-16,3,1,2,1
6,10.0,perturbed,21,13,0.0,0.525212565366264,0.6050375127243666,4.745389924792833e-16,3,1,2,1
7,10.0,perturbed,34,21,0.0,0.5248976311958764,0.5815239589850125,4.0037792418615867e-16,3,1,2,1
8,10.0,perturbed,55,34,0.0,0.5249406363107559,0.5824658393026229,3.941141692813739e-16,3,1,2,1
9,10.0,perturbed,89,55,0.0,0.5249356795751727,0.5817901991988527,3.632210198437313e-16,3,1,2,1
10,10.0,perturbed,144,89,0.0,0.5249362109702682,0.5820273352764488,3.0183113895468437e-16,3,1,2,1
11,10.0,perturbed,233,144,0.0,0.5249361613505695,0.5819124231499198,7.211361413750605e-16,3,1,2,1
12,10.0,perturbed,377,233,0.0,0.5249361657184118,0.5819494402031027,7.578311142394728e-16,3,1,2,1
13,10.0,perturbed,610,377,0.0,0.5249361653756901,0.5819383408731821,5.626314665808942e-16,3,1,2,1
3,20.0,perturbed,5,3,0.0,0.3959742532953766,0.5144654782017141,1.026398952935513e-15,6,2,3,1
4,20.0,perturbed,8,5,0.0,0.44946649104271563,0.6129469323145635,1.0979452782329747e-15,5,2,4,1
5,20.0,perturbed,13,8,0.0,0.33341121386631073,0.3504951684322062,8.613176183206869e-16,6,2,3,1
6,20.0,perturbed,21,13,0.0,0.40682263560103044,0.6110582919108207,6.1212486024421075e-15,5,2,3,1
7,20.0,perturbed,34,21,0.0,0.39731751002427984,0.4102120141087261,6.847933430742273e-15,6,2,3,1
8,20.0,perturbed,55,34,0.0,0.42858834756743774,0.5858552362510457,3.7618298280756755e-15,5,2,3,1
9,20.0,perturbed,89,55,0.0,0.4096543252359801,0.40965432523598017,2.221276238993595e-15,5,2,2,1
10,20.0,perturbed,144,89,0.0,0.45710132757401073,0.5128557396827906,1.4720883959995005e-15,5,2,3,1
11,20.0,perturbed,233,144,0.0,0.4417105399345724,0.4417105399345724,1.1376728102621467e-15,5,2,2,1
12,20.0,perturbed,377,233,0.0,0.4617609063648668,0.48041452067095286,8.604618825710239e-16,5,2,2,1
13,20.0,perturbed,610,377,0.0,0.4593056525918586,0.4593056525918587,5.983426573784767e-16,5,2,2,1
