host_code,host_n,host_edges,host_port_degree,regime,target_hilbert_dimension,surrogate_hilbert_dimension,prefix_hilbert_dimension,surrogate_max_trace_distance,prefix_max_trace_distance,trace_improvement_factor,surrogate_final_trace_distance,prefix_final_trace_distance,surrogate_max_tv_distance,prefix_max_tv_distance,surrogate_max_port_population_error,prefix_max_port_population_error
n2_1,2,1,1,uniform,1597,21,21,0.005271737137500265,0.007113590679961828,1.3493826597232288,0.005271737137500265,0.007113590679961828,0.0008914353529001183,0.002721230701465689,0.0008914353528998095,0.001562831885283264
n3_110,3,2,2,uniform,2817,37,37,0.004951165545375785,0.017961198787502616,3.6276708227374352,0.004951165545375785,0.017961198787502616,0.0020188408383093187,0.007670857512483739,0.0012703700478140512,0.006092429254793114
n3_011,3,2,1,uniform,2584,34,34,0.012017904384796413,0.01502631186906529,1.2503271275876306,0.012017904384796413,0.01502631186906529,0.0023577531231996803,0.008132169807000038,0.0016266458563561625,0.00813216980699949
n3_111,3,3,2,uniform,2207,29,29,0.011517158453264599,0.009934101529239708,0.8625479600329572,0.011517158453264599,0.009934101529239708,0.0018697967488025963,0.0038378261057131907,0.001869796748802055,0.0038378261057129825
n4_011011,4,4,2,uniform,3804,50,50,0.009240363538460312,0.012923297434081108,1.3985702380963325,0.009240363538460312,0.012923297434081108,0.001615862237126578,0.004321129708724933,0.0004848287111553079,0.0037472938372759557
n4_111011,4,5,3,uniform,3427,45,45,0.005113881425999542,0.01499380057894319,2.9319804919044543,0.005113881425999542,0.01499380057894319,0.0014195377473672638,0.0052474345379805165,0.000792577696764718,0.003941811989920108
n4_011010,4,3,2,uniform,4414,58,58,0.006058857847903832,0.012857964481802257,2.1221762920631475,0.006058857847903832,0.012857964481802257,0.0012419566417777791,0.003393330018809747,0.0008891674587102327,0.002577344960750516
n4_001111,4,4,1,uniform,3571,47,47,0.01298220657215162,0.014156982072372804,1.0904912037635588,0.01298220657215162,0.014156982072372804,0.0022469528330169054,0.00953012331572772,0.001989187768712153,0.00953012331572678
n4_001101,4,3,1,uniform,4181,55,55,0.009718381310338208,0.013852306363984402,1.4253717693962689,0.009718381310338208,0.013852306363984402,0.0017943558148514754,0.005872264742563527,0.0015191863208244283,0.0035914312746555543
n4_111111,4,6,3,uniform,2817,37,37,0.013146912850183053,0.009716652886391782,0.739082474883561,0.013146912850183053,0.009467467930737173,0.000913941301556434,0.0040614513602130475,0.0001696665273525355,0.003326519220418045
n4_011111,4,5,2,uniform,3194,42,42,0.013304551585790683,0.020120497557907548,1.512301818529256,0.013304551585790683,0.020120497557907548,0.002437998282875581,0.012353567897204931,0.0011117087679333726,0.011599014937395347
n4_001011,4,3,1,uniform,4558,60,60,0.012669905383937878,0.014644963155344585,1.1558857553830324,0.012669905383937878,0.014644963155344585,0.0020628336294582095,0.008328596283599617,0.001697008197552835,0.00832859628359861
n5_0011101010,5,5,2,uniform,6011,79,79,0.005514688650024302,0.009309732345956305,1.6881700739198175,0.005514688650024302,0.009309732345956305,0.0008066567698455985,0.0024028352387809398,0.0006381738521538116,0.0010308280131999456
n5_0011100111,5,6,2,uniform,5401,71,71,0.012739435010924813,0.016296551237953667,1.2792208778472842,0.012739435010924813,0.016296551237953667,0.0009004295576894028,0.0061449475822339394,0.000900429557690291,0.006144947582231719
n5_0001010111,5,5,1,uniform,6155,81,81,0.012613568784049498,0.01466403023303029,1.1625599768063821,0.012613568784049498,0.01466403023303029,0.0022012887410806517,0.008369447848527688,0.001957987797892219,0.008369447848527112
n5_0001110101,5,5,1,uniform,5778,76,76,0.007926398290239004,0.012667205221583907,1.5981035468761378,0.007926398290239004,0.012667205221583907,0.0014036078238275351,0.005039249490635712,0.001403607823827896,0.0014938728143762403
n5_0001001111,5,5,1,uniform,6532,86,86,0.012704917836837217,0.013833258981877705,1.088811368914872,0.012704917836837217,0.013833258981877705,0.0020102973650019808,0.008053754724358677,0.0018329015034725393,0.00799526604583295
n5_0011101111,5,7,2,uniform,4791,63,63,0.011021828372505548,0.017186041742074266,1.559273213230722,0.011021828372505548,0.017186041742074266,0.0014788826997487216,0.006692952738041356,0.0011594582723152835,0.005713096420590175
n5_0011100010,5,4,2,uniform,7231,95,95,0.005275361026020111,0.015188071363829467,2.8790581893667664,0.005275361026020111,0.015188071363829467,0.0014700230895275286,0.004578179426783529,0.0008531238056823931,0.003775809601118091
n5_0011101011,5,6,2,uniform,5401,71,71,0.006934048058046384,0.01067789470905544,1.539922224315223,0.006934048058046384,0.01067789470905544,0.0010200546254236966,0.0027937885007228705,0.0007488648351379606,0.0005824080544779703
n5_0001010101,5,4,1,uniform,7375,97,97,0.008848163977843184,0.01302193790035423,1.4717107337706052,0.008848163977843184,0.01302193790035423,0.0024597310947291236,0.003154394768098789,0.001348821574977524,0.0023775533271219174
n5_0011100011,5,5,2,uniform,6011,79,79,0.010283135715941891,0.010399426484439131,1.0113088820093032,0.010283135715941891,0.010399426484439131,0.0012672264359944664,0.0036826349693735937,0.0009372334945837446,0.0026720067682939885
n5_0001001101,5,4,1,uniform,7142,94,94,0.012602096801425745,0.014631044532861154,1.1610008051363216,0.012602096801425745,0.014631044532861154,0.0018810583029337006,0.008452266203214293,0.0017612369534162342,0.008452266203213321
n5_0111011111,5,8,3,uniform,4414,58,58,0.011018329139859175,0.016789608932062418,1.52378901727717,0.011018329139859175,0.016789608932062418,0.001804522940030008,0.005647467392901236,0.0004448925680323179,0.0056474673929006736
n5_0001010110,5,4,1,uniform,6765,89,89,0.01056516043427492,0.014738822150919246,1.3950400699173824,0.01056516043427492,0.014738822150919246,0.0021612651575436195,0.006414953735772265,0.0015354401613754398,0.005216011768211626
n5_0001110111,5,6,1,uniform,5168,68,68,0.010707957908186226,0.014724148671434381,1.3750659834194698,0.010707957908186226,0.014724148671434381,0.001958445690958553,0.005759583803967641,0.0018192361591291561,0.0047558769872066975
n5_0001111111,5,7,1,uniform,4558,60,60,0.012999079397798367,0.012236286760468569,0.9413194877893437,0.012999079397798367,0.012219160013424067,0.002172979688568409,0.008983131403464689,0.002172979688569665,0.008983131403463018
n5_0011011111,5,7,2,uniform,5168,68,68,0.013984219212988081,0.01925445500759343,1.3768702216646123,0.013984219212988081,0.01925445500759343,0.002790050977082164,0.012037852596689765,0.0013755891761046413,0.011493848381536442
n5_0001011111,5,6,1,uniform,5545,73,73,0.01320338574327937,0.01312689424486775,0.9942066754771173,0.01320338574327937,0.01312689424486775,0.002258667711183297,0.008896742313132793,0.002004949317459148,0.008896742313133865
n5_0111111111,5,9,3,uniform,3804,50,50,0.012930555021089009,0.023204524479692686,1.7945497654081677,0.012930555021089009,0.023204524479692686,0.002022656700178281,0.012136166163799315,0.000983333747520937,0.01123593827400865
n2_1,2,1,1,perturbed,1597,21,21,0.0014070747388192483,0.007158869731406272,5.087767930091378,0.0014070747388192483,0.007158869731406272,0.0002131438829864607,0.0027247599113018467,0.0001444025870226684,0.0015654755570438106
n3_110,3,2,2,perturbed,2817,37,37,0.0013502021670121372,0.018017672971997807,13.344426051299504,0.0013502021670121372,0.018017672971997807,0.00022040066749832998,0.0077454660148329885,9.394805380044668e-05,0.00615068391333648
n3_011,3,2,1,perturbed,2584,34,34,0.003011103958665784,0.015046272229126707,4.996928845921908,0.003011103958665784,0.015046272229126707,0.00032184519672160544,0.008100343915742478,0.00021466647407086814,0.008100343915743047
n3_111,3,3,2,perturbed,2207,29,29,0.0022359312500458608,0.010002555363102766,4.473552289632163,0.0022359312500458608,0.010002555363102766,0.0001980315515237585,0.003898878800554631,0.0001719107329852254,0.0038988788005551167
n4_011011,4,4,2,perturbed,3804,50,50,0.002391449580810027,0.012971585790873052,5.424151901408409,0.002391449580810027,0.012971585790873052,0.0002116532002746259,0.004354579648898481,0.00013986196222304237,0.003778261732022087
n4_111011,4,5,3,perturbed,3427,45,45,0.001340565701754213,0.015021569581861117,11.205396022145326,0.001340565701754213,0.015021569581861117,0.00048481880264376886,0.005268376365181682,0.00024728512972982397,0.003967400343834138
n4_011010,4,3,2,perturbed,4414,58,58,0.0017436027978088458,0.012915430515606445,7.407323807828844,0.0017436027978088458,0.012915430515606445,0.0001459919628759073,0.0034346592578980897,0.00011039328871642606,0.0026244096470880995
n4_001111,4,4,1,perturbed,3571,47,47,0.0023346992118115474,0.014174096451607448,6.071058909815384,0.0023346992118115474,0.014174096451607448,0.00024100460559590628,0.009479400166828307,0.00020222262915059463,0.009479400166828356
n4_001101,4,3,1,perturbed,4181,55,55,0.0026130199989842606,0.013879217789172286,5.311562021939154,0.0026130199989842606,0.013879217789172286,0.00021653633360280838,0.005883505083497189,0.00010917955600964202,0.00358790162478953
n4_111111,4,6,3,perturbed,2817,37,37,0.0027994590182648217,0.009738219713202089,3.478607705869577,0.0027994590182648217,0.009462373757362023,0.00022174768936431694,0.004094745504713206,0.00017664444881268504,0.003354096335373369
n4_011111,4,5,2,perturbed,3194,42,42,0.003526547379948226,0.020148739251579045,5.713446348727307,0.003526547379948226,0.020148739251579045,0.00024856648513409824,0.012352811525411428,0.00024856648513549295,0.011590489678906746
n4_001011,4,3,1,perturbed,4558,60,60,0.0029349583147214274,0.01464782018413919,4.990810298963137,0.0029349583147214274,0.01464782018413919,0.000322302202875116,0.00829945190090886,0.000310095614917516,0.008299451900908361
n5_0011101010,5,5,2,perturbed,6011,79,79,0.001507025315239544,0.009350020543125078,6.204288971508669,0.001507025315239544,0.009350020543125078,0.0001944223890438298,0.002397129089358824,5.691314237432632e-05,0.0010315184634052954
n5_0011100111,5,6,2,perturbed,5401,71,71,0.0031614552850891342,0.016329256968061846,5.165107678441025,0.0031614552850891342,0.016329256968061846,0.0001911506716202778,0.006154635817254417,0.00017094502625406016,0.006154635817253895
n5_0001010111,5,5,1,perturbed,6155,81,81,0.0026662645214733287,0.014678190563209098,5.505151662558297,0.0026662645214733287,0.014678190563209098,0.000207153910825722,0.008323525466963218,0.00018231328153217596,0.0083235254669623
n5_0001110101,5,5,1,perturbed,5778,76,76,0.002350815706367379,0.012692532332200326,5.399203475551721,0.002350815706367379,0.012692532332200326,0.00019344365047222964,0.005061835998072611,8.980532990432444e-05,0.0015039741208668633
n5_0001001111,5,5,1,perturbed,6532,86,86,0.00263398212337576,0.013827308973314377,5.2495834541173885,0.00263398212337576,0.013827308973314377,0.0004446497371013722,0.00803392740912584,0.00028412832956020706,0.007958741255058494
n5_0011101111,5,7,2,perturbed,4791,63,63,0.00282828906653781,0.01721363643726624,6.086236601811692,0.00282828906653781,0.01721363643726624,0.00016923670157189402,0.006690750686093204,0.00015330980066163846,0.005704944764783559
n5_0011100010,5,4,2,perturbed,7231,95,95,0.0016213050094223808,0.015242334413150208,9.401275099113255,0.0016213050094223808,0.015242334413150208,0.00019986397975341533,0.004638817745153144,7.981225524367197e-05,0.0038246621177273066
n5_0011101011,5,6,2,perturbed,5401,71,71,0.001996900508502316,0.010687314934461935,5.351951631519923,0.001996900508502316,0.010687314934461935,0.00014476501533705177,0.0028260821411019666,8.162621880476728e-05,0.0005829649613854904
n5_0001010101,5,4,1,perturbed,7375,97,97,0.0024741503305037303,0.013050187730030804,5.274613902451845,0.0024741503305037303,0.013050187730030804,0.00021894948340175566,0.0031733401549510036,9.329803465601971e-05,0.0023881896495080435
n5_0011100011,5,5,2,perturbed,6011,79,79,0.0023516326871916493,0.010449994256510135,4.4437187463105285,0.0023516326871916493,0.010449994256510135,0.0001838552746163363,0.0037243879387754927,0.00013531963994922735,0.002710806393020182
n5_0001001101,5,4,1,perturbed,7142,94,94,0.0028998872689793577,0.014641301184088754,5.04892081175345,0.0028998872689793577,0.014641301184088754,0.0003467494772704848,0.008415900640746718,0.00022727894821317207,0.008415900640745821
n5_0111011111,5,8,3,perturbed,4414,58,58,0.0027999372883431633,0.016823356798388193,6.008476285675404,0.0027999372883431633,0.016823356798388193,0.00024353002901568443,0.005671229635008601,0.00018049268390910034,0.00567122963500738
n5_0001010110,5,4,1,perturbed,6765,89,89,0.002835090343686976,0.014761309543140786,5.206645204802895,0.002835090343686976,0.014761309543140786,0.00026518481973747746,0.006388111654825545,0.00014829144002614925,0.005201354727406876
n5_0001110111,5,6,1,perturbed,5168,68,68,0.002583163701813943,0.014745937387164895,5.708479635576342,0.002583163701813943,0.014745937387164895,0.00017483921396082777,0.005771891582594529,0.00015073220401501386,0.004736401359792558
n5_0001111111,5,7,1,perturbed,4558,60,60,0.0016434801084899545,0.012265075427415933,7.462868192962313,0.0016434801084899545,0.01224258399785745,0.00023692402666748626,0.008924478722912722,0.00023251390713013853,0.008924478722911855
n5_0011011111,5,7,2,perturbed,5168,68,68,0.0034997821995022857,0.019266422089053985,5.50503459666545,0.0034997821995022857,0.019266422089053985,0.0002281987582406532,0.012050756786622562,0.00020944457413499262,0.011477621372183555
n5_0001011111,5,6,1,perturbed,5545,73,73,0.0024132569036432994,0.013127514351702573,5.4397500456266945,0.0024132569036432994,0.013127514351702573,0.0003760570334441129,0.008842930017978696,0.0002185267844986294,0.008842930017977813
n5_0111111111,5,9,3,perturbed,3804,50,50,0.003352679734248763,0.02323094573714198,6.929067963107235,0.003352679734248763,0.02323094573714198,0.0003019843482995853,0.012124355449417796,0.0002591979302161984,0.01124297736021046
