regime,tau,surrogate_max_gram_error,prefix_max_gram_error,max_error_improvement,surrogate_relative_frobenius_error,prefix_relative_frobenius_error,frobenius_improvement,case_passes
uniform,0.05,0.005996097075731411,0.06323420243082081,10.545893709218747,0.00515374779061857,0.05481665059809637,10.63626953144269,True
uniform,0.1,0.005996097075731507,0.06452659990432559,10.761433494045546,0.005058818055681991,0.05540432906789061,10.952030386952003,True
uniform,0.15000000000000002,0.00599609707573141,0.06577009012926995,10.96881676507001,0.00496846594970214,0.05598118922475258,11.267298556832952,True
uniform,0.2,0.005996097075731548,0.06696200623356457,11.16759875429384,0.004883359359041311,0.05654511818218145,11.579143377497052,True
uniform,0.25,0.005996097075731328,0.06809984628808653,11.357362202108874,0.004804112277542796,0.0570940240547696,11.884406682512425,True
uniform,0.3,0.005996097075731176,0.06918128260449334,11.537718907937666,0.004731282484302839,0.05762584613408531,12.17975175341418,True
uniform,0.35000000000000003,0.005996097075731355,0.07020416983176377,11.708311080537474,0.004665379099208868,0.058138565186910796,12.461702243397465,True
uniform,0.4,0.005996097075731563,0.0711665517992109,11.868812479245612,0.004606880029601281,0.05863021384110492,12.726663916659293,True
uniform,0.45,0.005996097075731329,0.07206666706336727,12.018929339061357,0.004556258536460914,0.05909888700754473,12.970924835501092,True
uniform,0.5,0.005996097075731494,0.07290295312571601,12.158401074055696,0.004514017215707869,0.059542752269434084,13.190634732680532,True
uniform,0.55,0.0059960970757313966,0.07367404929780602,12.287000755206979,0.00448072668315647,0.059960060153383274,13.381771394086487,True
uniform,0.6000000000000001,0.005996097075731395,0.07437879819992217,12.4045353603368,0.0044570652599337,0.060349154180659705,13.540110063714305,True
uniform,0.6500000000000001,0.005996097075731258,0.07501624588932317,12.510845795500153,0.004443855083759079,0.06070848058264704,13.66121969290084,True
uniform,0.7000000000000001,0.0059960970757311485,0.07558564062417725,12.605806688838594,0.004442089449075332,0.06103659755247235,13.740515190475906,True
uniform,0.7500000000000001,0.0059960970757311745,0.07608643027983168,12.689325959679126,0.004452945970172038,0.06133218389576401,13.77339503030046,True
uniform,0.8,0.005996097075730913,0.07651825844501134,12.761344167478128,0.00447778056900526,0.06159404693824247,13.75548577895714,True
uniform,0.8500000000000001,0.0059960970757310895,0.07688095923697429,12.821833647114591,0.004518098525155743,0.06182112954700368,13.68299721725804,True
uniform,0.9000000000000001,0.005996097075730967,0.07717455088661017,12.870797439049474,0.004575501030060814,0.0620125161264863,13.55316406204854,True
uniform,0.9500000000000001,0.005996097075731089,0.07739922815683568,12.90826802489661,0.004651608804664562,0.06216743745962271,13.36471747092794,True
uniform,1.0,0.00599609707573113,0.07755535367040053,12.934305881120824,0.004747967989016964,0.06228527427982095,13.118301223576006,True
uniform,1.05,0.005996097075731268,0.07764344823619425,12.948997865703342,0.004865946956683017,0.06236555948022555,12.816736400007624,True
uniform,1.1,0.006168894329846482,0.07766418027615424,12.589643479609899,0.00500663499903975,0.0624079788929313,12.46505465345504,True
uniform,1.1500000000000001,0.006451549870924139,0.0776183544677068,12.030962485079344,0.005170754146436032,0.06241237060196722,12.070264575426634,True
uniform,1.2000000000000002,0.006776879166371833,0.07750689972905746,11.436960557547119,0.005358593449151065,0.06237872278915921,11.640876170414002,True
uniform,1.2500000000000002,0.007142772795620294,0.07733085668625618,10.8264477814096,0.00556997127474789,0.06230717015033245,11.18626417928028,True
uniform,1.3,0.007546329311212257,0.07709136477153744,10.215743521422514,0.005804226641871016,0.062197988959439635,10.715982127705105,True
uniform,1.35,0.007984070313335465,0.07678964911157907,9.617857320635125,0.006060236530735278,0.062051590898568966,10.239136803302355,True
uniform,1.4000000000000001,0.008452133658257671,0.07642700737176185,9.042333032333586,0.0063364533994623605,0.06186851581073759,9.763902913889819,True
uniform,1.4500000000000002,0.008946432493607537,0.07600479672790074,8.495542416735182,0.006630956111851918,0.06164942356821154,9.297214840258363,True
uniform,1.5000000000000002,0.009462778336750579,0.07552442113998123,7.981210005381521,0.00694150790538045,0.061395085280092625,8.844632335937343,True
uniform,1.55,0.009996972517940619,0.07498731910292085,7.5010028254402235,0.007265616345589288,0.0611063740875466,8.410349677304698,True
uniform,1.6,0.01054487271218555,0.07439495204706957,7.055082984652769,0.007600591840726288,0.06078425581196311,7.997305615894612,True
uniform,1.6500000000000001,0.011102441331300056,0.07374879355596678,6.642574489275059,0.00794360279663121,0.060429779729532916,7.607351635854765,True
uniform,1.7000000000000002,0.0116657814468019,0.07305031956062208,6.2619310925500296,0.008291726650944659,0.060044069744570924,7.241443461927225,True
uniform,1.7500000000000002,0.012231164468698619,0.07230099965838144,5.911211466693177,0.008641996783972206,0.05962831622326657,6.899830874023888,True
uniform,1.8,0.012795052442922977,0.07150228969024426,5.588276406775701,0.008991445710799852,0.059183768729699375,6.582230559276164,True
uniform,1.85,0.01335411672362536,0.07065562569349997,5.290924675572137,0.009337145106857977,0.05871172987774618,6.287974451058214,True
uniform,1.9000000000000001,0.013905253956807407,0.06976241932695769,5.016982756564834,0.009676243199567775,0.05821355047720836,6.016131392791851,True
uniform,1.9500000000000002,0.014445599746245175,0.06882405484407302,4.764361193238956,0.010005999946405041,0.057690626111725096,5.765603280105173,False
uniform,2.0,0.014972540009310765,0.06784188766532238,4.531087418910518,0.010323820266477506,0.05714439524184975,5.5351985763839195,False
uniform,2.05,0.015483719818379479,0.06681724457553996,4.315322503848629,0.010627285430451393,0.05657633888114725,5.32368677320302,False
uniform,2.1,0.015977049421172375,0.0657514255450927,4.115367225312616,0.010914182559690087,0.05598798184858538,5.129837396652011,False
uniform,2.15,0.016450707109126553,0.06464570714613384,3.92966130375451,0.011182532047831765,0.05538089555892513,4.952446844957909,False
uniform,2.1999999999999997,0.016903138633888672,0.06350134750720063,3.7567784825410113,0.011430612599495462,0.05475670227610842,4.790355879834939,False
uniform,2.25,0.01733305294226348,0.06231959272162858,3.5954192795242466,0.011656983481769863,0.05411708072422747,4.6424601020375595,False
uniform,2.3,0.017739414097957353,0.061895719086766665,3.4891636637477106,0.011860503504285387,0.05346377292733819,4.507715284432982,False
uniform,2.35,0.018121429375817694,0.06189571908676658,3.4156091003154465,0.012040346182996011,0.05279859213326574,4.385139042582562,False
uniform,2.4,0.018478533644181908,0.06189571908676657,3.349601233442831,0.01219601050198601,0.052123431666850316,4.273810001915174,False
uniform,2.45,0.01881037028749032,0.06189571908676649,3.2905104014847453,0.01232732666828742,0.05144027455311707,4.172865369541102,False
uniform,2.5,0.01911676905870067,0.06189571908676655,3.2377709275404865,0.012434456259381324,0.05075120374792888,4.081497629591888,False
uniform,2.55,0.019397721383406178,0.06189571908676642,3.1908757664554996,0.012517886195234635,0.0500584128091613,3.998950943348387,False
uniform,2.6,0.01965335375873576,0.0618957190867662,3.1493718500464096,0.012578416030730778,0.04936421683087083,3.924517738184788,False
uniform,2.65,0.01988389999386472,0.0618957190867663,3.1128560848658733,0.012617138165331472,0.04867106344120123,3.85753590104421,False
uniform,2.7,0.020089673119070582,0.06189571908676668,3.080971936174051,0.012635410710425838,0.04798154362652103,3.797386941045778,False
uniform,2.75,0.02027103784110107,0.06189571908676659,3.053406518795417,0.012634822946815337,0.04729840208432054,3.743495439818752,False
uniform,2.8,0.02042838443953744,0.061895719086766235,3.0298881083798395,0.01261715354996994,0.046624546721416825,3.695330054973287,False
uniform,2.85,0.020562104978730865,0.06189571908676654,3.0101839841198434,0.012584322061528404,0.04596305679938892,3.6524062698540445,False
uniform,2.9,0.020672572651762592,0.06189571908676651,2.9940985154302573,0.012538334439956902,0.04531718908603492,3.614290981234242,False
uniform,2.95,0.02076012497804241,0.06189571908676664,2.9814714098413457,0.012481223922192896,0.04469038120407358,3.5806088795994997,False
uniform,3.0,0.020825051448596057,0.06189571908676636,2.9721760466977925,0.012414988852748847,0.04408625118555521,3.5510504043500544,False
uniform,3.05,0.020867586059131877,0.06189571908676636,2.9661178303697535,0.01234152955677214,0.043508592058328695,3.5253808580358927,False
uniform,3.1,0.020887904999092516,0.061895719086766304,2.9632325065369356,0.012262586707061936,0.04296136013252633,3.5034500598299694,False
uniform,3.15,0.020886129584937244,0.06189571908676639,2.9634843945143685,0.012179683911276263,0.04244865555129453,3.4852017392663597,False
uniform,3.2,0.020862334348276904,0.06189571908676634,2.9668644962484043,0.01209407737126569,0.04197469365841268,3.470681753544948,False
uniform,3.25,0.020816560024223062,0.061895719086766214,2.97338844721422,0.0120067153955293,0.04154376585757541,3.4600441910236523,False
uniform,3.3,0.020748831041126504,0.061895719086766436,2.983094274760935,0.01191821025063142,0.04116018893426297,3.453554524437285,False
uniform,3.35,0.020659176996337368,0.061895719086766485,2.9960399244238953,0.011828824319394322,0.040828242312635314,3.451589203645039,False
uniform,3.4,0.020547657517566764,0.061895719086766415,3.012300503541586,0.01173847182894262,0.040552093439071644,3.4546314060306864,False
uniform,3.45,0.020414389856712293,0.06189571908676629,3.031965173645141,0.01164673658982686,0.04033571240307421,3.4632630429975095,False
uniform,3.5,0.020259578540303417,0.06189571908676641,3.05513359834382,0.01155290534167633,0.04018277796835917,3.478153484336316,False
uniform,3.55,0.020083546402864236,0.06189571908676655,3.0819118220046646,0.011456015531586986,0.04009657829197838,3.500045734175419,False
uniform,3.6,0.019886766348676543,0.06189571908676658,3.112407417150839,0.011354915747348749,0.040079910619403726,3.5297409079201625,False
uniform,3.65,0.019669893213721947,0.0618957190867664,3.1467236966791066,0.011248336648867293,0.04013498499991929,3.5680817753583933,False
uniform,3.7,0.019433795121379844,0.06189571908676652,3.1849527434130827,0.01113497010961666,0.04026333741782389,3.6159358329171143,False
uniform,3.75,0.019179583729769512,0.06189571908676665,3.2271669687332922,0.011013554377580236,0.04046575757055418,3.6741778524223188,False
uniform,3.8,0.018908642741755178,0.06189571908676655,3.273408881436253,0.010882963339754434,0.04074223580759817,3.7436711432051455,False
uniform,3.85,0.01862265397635947,0.06189571908676653,3.3236787390959455,0.010742298349074187,0.04109193252809503,3.825245882473232,False
uniform,3.9,0.018323620169094626,0.06189571908676664,3.377919784168115,0.010590981455417823,0.04151317176361946,3.9196718395143044,False
uniform,3.95,0.018013883466750574,0.06189571908676655,3.4360008601705236,0.01042884917053029,0.04200345895292656,4.027621673887029,False
uniform,4.0,0.017696138302246266,0.06189571908676663,3.497696391698627,0.010256245975854752,0.04255952127618558,4.149619790357912,False
uniform,4.05,0.017373436978778828,0.06189571908676671,3.562664034892498,0.010074116518734721,0.04317736756099831,4.285970633822018,False
uniform,4.1,0.017049185876325257,0.06189571908676684,3.6304208034188963,0.009884094672823316,0.0438523638411873,4.436659632749269,False
uniform,4.15,0.01672712975856634,0.061895719086766464,3.7003191808844718,0.009688586164399347,0.04457932019860915,4.601220388833987,False
uniform,4.2,0.01641132128047306,0.061895719086766936,3.7715256455562347,0.009490839069796204,0.04535258452339767,4.778564275494718,False
uniform,4.25,0.016106072597634927,0.06189571908676662,3.8430050970871448,0.00929499299796956,0.04616613920228734,4.966775038170774,False
uniform,4.3,0.015815886129142174,0.061895719086766984,3.9135157259838023,0.009106093214904182,0.04701369736768202,5.162883385679982,False
uniform,4.35,0.015545362237287027,0.06189571908676676,3.9816196073131063,0.00893005086039903,0.047888796086197255,5.362656588952215,False
uniform,4.4,0.015299083073266377,0.06189571908676661,4.045714294794778,0.008773526172905227,0.04878488462547553,5.560464933259682,False
uniform,4.45,0.015081474243539835,0.061895719086766686,4.104089433649352,0.008643710978361285,0.04969540663174176,5.74931377924939,False
uniform,4.5,0.014896649247939818,0.0618957190867665,4.155009496201072,0.00854799350264,0.050613875629610894,5.921141097496048,False
uniform,4.55,0.0147482455135864,0.0618957190867667,4.196819142300488,0.008493506604626968,0.05153394370035775,6.0674520076647545,False
uniform,4.6,0.014639264634132482,0.061895719086766575,4.228062039568048,0.008486590460024425,0.052449463507287984,6.180275076822434,False
uniform,4.65,0.014571932166257769,0.061895719086766506,4.247598628690433,0.00853223637458798,0.05335454403297809,6.253289488308927,False
uniform,4.7,0.01454759301751034,0.0618957190867665,4.254705160658892,0.008633605569032584,0.054243600495800154,6.282844410956601,False
uniform,4.75,0.014566656373656452,0.06189571908676669,4.249137035916083,0.0087917185688161,0.055111398946902326,6.268558134058159,False
uniform,4.8,0.014628599232139229,0.06189571908676646,4.2311446300873925,0.009005379004259025,0.055953096036349965,6.213297187146413,False
uniform,4.8500000000000005,0.014732030749626427,0.061895719086766256,4.201438358274931,0.009271339582373923,0.05676427439764138,6.122553692840459,False
uniform,4.9,0.014874812257390613,0.061895719086766395,4.161109264153115,0.00958466154216856,0.05754097404811238,6.003443501364739,False
uniform,4.95,0.01505422159826924,0.061895719086766804,4.111519063455454,0.009939185284049997,0.05827972014958288,5.863631523512075,False
perturbed,0.05,0.0004998625283629597,0.06324284223742226,126.52047042722198,0.00033679865075782927,0.05482756039637831,162.790320783682,True
perturbed,0.1,0.0008113485168456909,0.0645262597032586,79.52964523078158,0.000516495490212015,0.0554111740337824,107.28297745840297,True
perturbed,0.15000000000000002,0.0011275359193843647,0.06576082528084541,58.32259899689126,0.0007054542558899587,0.055983924468592045,79.35868839286552,True
perturbed,0.2,0.0014431767575963002,0.06694388901283953,46.38647945268929,0.0008975681365679376,0.05654371209510591,62.99656793891332,True
perturbed,0.25,0.0017558195022404437,0.0680729656377401,38.76991088826516,0.0010906745892592664,0.057088458214560704,52.34233819762174,True
perturbed,0.3,0.0020636565920231623,0.0691457438106185,33.50641966201827,0.0012836518377469185,0.05761611518733797,44.88453449220817,True
perturbed,0.35000000000000003,0.0023650821837254534,0.07016009412172175,29.664970885369524,0.0014757286053690075,0.05812467670589574,39.387104440766464,True
perturbed,0.4,0.002658569885882308,0.07111407586140948,26.74899623253975,0.0016662684353297228,0.05861218815288285,35.17571773559079,True
perturbed,0.45,0.0029426366324702665,0.07200594248955557,24.469872255042397,0.0018546895507216736,0.0590767569922744,31.852639148846876,True
perturbed,0.5,0.003215835601662411,0.07283414577711309,22.648591159156837,0.0020404320319021237,0.05951656312442775,29.16860850735883,True
perturbed,0.55,0.003486027468678874,0.07359733859711133,21.112093710782798,0.0022229441882888577,0.05992986911928161,26.95968231456745,True
perturbed,0.6000000000000001,0.0037684387619856324,0.07429437635202293,19.71489548973761,0.0024016777364357575,0.06031503022618889,25.113706685602306,True
perturbed,0.6500000000000001,0.00404503783341909,0.07492431703427709,18.522525652361303,0.002576087497696564,0.060670504044715384,23.55141434402541,True
perturbed,0.7000000000000001,0.004315235958580385,0.07548641992684821,17.492999375098258,0.002745633686426295,0.06099485972892815,22.215221218500854,True
perturbed,0.7500000000000001,0.004578455604335626,0.07598014296136978,16.59514681968728,0.0029097858535033663,0.06128678658891432,21.062301376964,True
perturbed,0.8,0.004834131878317977,0.07640513876219283,15.805348444233548,0.0030680279942472575,0.06154510194824208,20.060150058488045,True
perturbed,0.8500000000000001,0.005081714317514804,0.07676124941628645,15.10538464386292,0.0032198645328452204,0.061768758115442725,19.183651201891095,True
perturbed,0.9000000000000001,0.005320669016649855,0.07704850002078971,14.480979700049653,0.003364826984338479,0.06195684833187491,18.413085909097806,True
perturbed,0.9500000000000001,0.005550481110662728,0.07726709107243378,13.920791645250386,0.0035024811265315405,0.06210861156799335,17.732746965434377,True
perturbed,1.0,0.005770657619214149,0.07741738977576244,13.415696248897397,0.0036324345148485582,0.062223436055268005,17.129953974645073,True
perturbed,1.05,0.005980730643903265,0.07749992036003302,12.958269645371198,0.003754344157141002,0.062300861461838136,16.59433947826491,True
perturbed,1.1,0.006180260886186968,0.07751535350762316,12.542407988127465,0.0038679241405775006,0.06234057964617086,16.11732220706456,True
perturbed,1.1500000000000001,0.006368841429520607,0.07746449500953476,12.16304344624979,0.003972952974059004,0.06234243395404416,15.69171202405435,True
perturbed,1.2000000000000002,0.0065461017055659975,0.07734827377584415,11.81592912161397,0.004069280380705183,0.06230641705928198,15.311409200189992,True
perturbed,1.2500000000000002,0.006711711543406938,0.07716772934046752,11.497474055819797,0.004156833248936466,0.06223266738679012,14.971172443040018,True
perturbed,1.3,0.006865385183892558,0.07692399900998796,11.20461517446474,0.004235620430341036,0.06212146419623659,14.666437944071113,True
perturbed,1.35,0.0070068851295118015,0.07661830481529934,10.934716839098181,0.004305736060840692,0.06197322144472581,14.393177047788104,True
perturbed,1.4000000000000001,0.00713602569417577,0.07625194043203065,10.685491294442144,0.004367361081796336,0.06178848058533372,14.14778385118538,True
perturbed,1.4500000000000002,0.007252676117157385,0.0758262582409036,10.454935118572887,0.004420762653004034,0.061567902493747335,13.92698665962313,True
perturbed,1.5000000000000002,0.007356763111167086,0.07534265670198133,10.241278068015552,0.004466291183628281,0.061312258745764625,13.72777909566487,True
perturbed,1.55,0.007448272725835126,0.07480256821701359,10.042941628272139,0.0045043747635836245,0.06102242249257125,13.547367991206524,True
perturbed,1.6,0.007527251424135448,0.07420744765152068,9.858505245830004,0.0045355108598193,0.06069935919716208,13.383136117015143,True
perturbed,1.6500000000000001,0.007593806289844157,0.07355876168276633,9.686678705663418,0.004560255251454924,0.060344117503049945,13.232618389902077,True
perturbed,1.7000000000000002,0.007648104308097329,0.0728579791313014,9.52627948002278,0.004579208314842483,0.059957820504904516,13.093490486240734,True
perturbed,1.7500000000000002,0.007690370687527896,0.0721065624222598,9.376214145203809,0.004592998931407113,0.05954165767983098,12.963568807447942,True
perturbed,1.8,0.007720886220319293,0.07130596030818223,9.235463167495482,0.004602266470534527,0.05909687771799395,12.840820516663864,True
perturbed,1.85,0.007739983704694313,0.07045760196792339,9.103068514884693,0.004607641484817752,0.0586247824630009,12.723381941969757,True
perturbed,1.9000000000000001,0.007748043481874139,0.06956289257642538,8.978123669434948,0.004609725928735855,0.05812672213721649,12.60958309362154,True
perturbed,1.9500000000000002,0.0077454881652769935,0.06862321041802581,8.859765705364255,0.004609073853190306,0.0576040919865742,12.497975476505294,True
perturbed,2.0,0.0077327766627765,0.06763990559191761,8.747169165963097,0.004606173614397656,0.0570583304355397,12.387359924339533,True
perturbed,2.05,0.007710397612301005,0.06661430033271222,8.63954152331096,0.00460143264524302,0.05649091879773453,12.276810974541824,True
perturbed,2.1,0.007678862366236482,0.06554769094221184,8.536120041742288,0.004595165755268188,0.05590338254360839,12.165694453898038,True
perturbed,2.15,0.0076386976704247555,0.06444135130094202,8.436169891949488,0.004587587747335654,0.05529729408550191,12.053675511191491,True
perturbed,2.1999999999999997,0.007590438188739799,0.06329653790016558,8.338983379650495,0.00457881087336587,0.054674277004311184,11.940715289714573,True
perturbed,2.25,0.007534619024206405,0.06211449630749834,8.243880162745274,0.004568847320930941,0.05403601161213938,11.827055669947205,True
perturbed,2.3,0.0074717683826204025,0.061913377174965416,8.286308408458982,0.004557616560793421,0.05338424172256048,11.713192852113691,True
perturbed,2.35,0.007402400515164026,0.061913377174965235,8.363959373467289,0.004544957032654873,0.052720782484540527,11.599841781946267,True
perturbed,2.4,0.007327009063385703,0.06191337717496524,8.450020552636792,0.0045306413416229515,0.0520475291268022,11.487894362469643,True
perturbed,2.45,0.0072460609141698756,0.06191337717496522,8.544418534198611,0.004514393912979058,0.051366466454801626,11.378374914763429,True
perturbed,2.5,0.007159990655182458,0.06191337717496506,8.647131002908734,0.0044959099272078576,0.050679678939764695,11.272396413697468,True
perturbed,2.55,0.007069195704072736,0.0619133771749651,8.758192553545419,0.004474874336168361,0.04998936123479382,11.171120679468627,True
perturbed,2.6,0.006974032168675844,0.06191337717496508,8.87770169071654,0.004450979836713872,0.04929782894239376,11.075725065245413,True
perturbed,2.65,0.006874811481781116,0.061913377174965416,9.005829081865237,0.004423942832116788,0.048607529435847716,10.987377387195975,True
perturbed,2.7,0.0067717978434429695,0.06191337717496543,9.142827149649074,0.004393516620850013,0.047921052498313466,10.907220032103165,True
perturbed,2.75,0.006665206496839306,0.061913377174965395,9.28904111287853,0.004359501292070607,0.04724114048322963,10.836363454956514,True
perturbed,2.8,0.006555202860197452,0.0619133771749652,9.444921613470903,0.004321750055028926,0.04657069761338732,10.775888707213916,True
perturbed,2.85,0.006441902536768921,0.06191337717496548,9.611039102435646,0.0042801719672877405,0.045912797921354234,10.726858236597502,True
perturbed,2.9,0.0063253722262040435,0.06191337717496528,9.788100203570231,0.004234731240556933,0.04527069119113439,10.690333959701439,True
perturbed,2.95,0.006205631562503142,0.061913377174965624,9.97696633314013,0.004185443484170638,0.044647806094228415,10.667401498332632,True
perturbed,3.0,0.006082655904341546,0.061913377174965534,10.17867493224043,0.004132369389517869,0.044047749532108604,10.659199451975356,True
perturbed,3.05,0.005956380101271756,0.06191337717496534,10.394463772005773,0.004075606461692668,0.043474301017445455,10.666952618234353,True
perturbed,3.1,0.005826703252560022,0.061913377174965506,10.625798928023874,0.004015279466794506,0.04293140077143652,10.692008146996974,True
perturbed,3.15,0.005693494463083483,0.06191337717496553,10.874407198673989,0.003951530285735114,0.04242313011505618,10.735873711559847,True
perturbed,3.2,0.005556599582170327,0.06191337717496553,11.142313974472685,0.0038845078502411008,0.041953682725248576,10.80025690323798,True
perturbed,3.25,0.005415848886650961,0.06191337717496558,11.431887866659334,0.0038143587873535586,0.04152732545393152,10.887105217163802,True
perturbed,3.3,0.005271065639399706,0.06191337717496549,11.745893792742919,0.0037412193195958815,0.0411483477076564,10.99864621465206,True
perturbed,3.35,0.005122075420792122,0.061913377174965624,12.087556720394954,0.0036652088649266968,0.04082099888903479,11.137427741065773,True
perturbed,3.4,0.004968716094671774,0.06191337717496587,12.460638924682971,0.00358642566053079,0.04054941411861043,11.306358462929671,True
perturbed,3.45,0.004810848234905082,0.06191337717496579,12.869534467072487,0.0035049446052839023,0.0403375293688222,11.508749470108912,True
perturbed,3.5,0.0046483658058124565,0.06191337717496583,13.319385728538723,0.0034208173855725457,0.04018898819238104,11.748358261355879,True
perturbed,3.55,0.004525416052751391,0.06191337717496549,13.68125636477623,0.00333407482594246,0.040107043315886444,12.029437073161422,True
perturbed,3.6,0.004472582526938239,0.06191337717496572,13.842869707168775,0.0032447312966742965,0.040094457359281445,12.356788187785058,True
perturbed,3.65,0.004413458545357539,0.06191337717496566,14.028312838712749,0.0031527909198614426,0.04015340767666265,12.73582952288739,True
perturbed,3.7,0.004348264092142241,0.061913377174965874,14.238642332430933,0.0030582552467027443,0.040285400646028244,13.172674416061877,True
perturbed,3.75,0.004277178616226913,0.061913377174966075,14.475284464407657,0.002961132031788778,0.04049120055835153,13.674230032185145,True
perturbed,3.8,0.004200336534434821,0.0619133771749658,14.740099196193714,0.002861444702988139,0.040770777535825406,14.24831921205727,True
perturbed,3.85,0.004117823904554016,0.06191337717496595,15.035460138665526,0.002759242114058382,0.04112327770092436,14.903830835069027,True
perturbed,3.9,0.0040296764107241295,0.06191337717496594,15.364354569562115,0.0026546081657562934,0.04154701726469513,15.65090388880743,True
perturbed,3.95,0.0039358788052577184,0.06191337717496594,15.730509052326346,0.002547670883952577,0.042039500508629674,16.501150432510972,True
perturbed,4.0,0.0038363659560222067,0.06191337717496603,16.138548273210578,0.002438610544049988,0.04259746002390868,17.467922513434146,True
perturbed,4.05,0.0037310256584527275,0.06191337717496582,16.59419763964892,0.0023276664247643647,0.04321691624343608,18.566627839644607,True
perturbed,4.1,0.003619703389238311,0.061913377174965666,17.104544355495936,0.002215141757592854,0.04389325239172801,19.815098623496606,True
perturbed,4.15,0.003502209210099154,0.061913377174965964,17.678377692694458,0.0021014064101881826,0.0446213005396124,21.234017524300082,True
perturbed,4.2,0.003378327084168599,0.06191337717496599,18.326637898710974,0.0019868968056708253,0.04539543445964501,22.847404218518733,True
perturbed,4.25,0.0032478269603133593,0.06191337717496601,19.06301595852029,0.0018721125456518358,0.04620966534861624,24.683166327763093,True
perturbed,4.3,0.0031104801396951353,0.06191337717496608,19.90476530772331,0.0017576091937590282,0.04705773709739059,26.773720383623747,True
perturbed,4.35,0.0029660787116140073,0.061913377174966304,20.873814620137242,0.0016439867287478083,0.04793321852260197,29.15669432387191,True
perturbed,4.4,0.00281446031622326,0.06191337717496664,21.998312364925628,0.0015318733620312225,0.0488295907226499,31.875735901499837,True
perturbed,4.45,0.0026555403121942627,0.06191337717496639,23.314794691935067,0.001421904850252282,0.049740328403451384,34.98147460051647,True
perturbed,4.5,0.002489354880408421,0.06191337717496618,24.87125385867371,0.0013147003032480586,0.05065897459025446,38.53271689760619,True
perturbed,4.55,0.00231612121993319,0.06191337717496604,26.731492567022016,0.0012108370665471887,0.05157920858118872,42.59797623165889,True
perturbed,4.6,0.0021363258466101545,0.06191337717496673,28.98124238547629,0.0011108299367603885,0.0524949073081193,47.25737538296352,True
perturbed,4.65,0.001950861193027461,0.06191337717496655,31.736433835605563,0.0010151242829248288,0.053400200466260705,52.6045937078771,True
perturbed,4.7,0.001761248421895071,0.06191337717496631,35.153120028546944,0.0009241193155081943,0.05428951987829718,58.74730564249935,True
perturbed,4.75,0.0015700185298227268,0.06191337717496616,39.43480665922898,0.000838247697476566,0.05515764359535281,65.80112747270003,True
perturbed,4.8,0.0013813864631331927,0.061913377174966706,44.81973642230273,0.0007581517636938294,0.055999735228386575,73.86349001623032,True
perturbed,4.8500000000000005,0.0012024442996628397,0.0619133771749667,51.48960096723561,0.0006850131348512677,0.05681137896813005,82.93472939094099,True
perturbed,4.9,0.001045098295499082,0.061913377174966484,59.24167845417835,0.0006210960339783683,0.05758861070414588,92.72094419162173,True
perturbed,4.95,0.0009281970393214416,0.061913377174966755,66.7028384622176,0.000570489173757575,0.05832794560440569,102.24198510240564,True
