case,qubits,method,schedule,ordering,setting,bond,cutoff,circuit_file,circuit_sha256,bks_projector_rank,native_gate_count,checkpoint_count,p_bks_exact,p_bks_mps,actual_bks_error,observable_telescope_bound,telescope_signed_sum,telescope_identity_error,bound_slack,cancellation_ratio,simulation_seconds
chesapeake,7,prior_matched_random,MR,sorted,bond128,128,1e-12,C:\Users\psgpe\Downloads\Taiwan\Quantum_github_stage_20260814\experiments\evoq_mis_full_qoblib\results\cross_case_replication\circuits\chesapeake__prior_matched_random__sorted.qpy,f1d5e3cdd24d4be91b3e3a91da8105a8a12695da5251a86453a4a67a5d2b9672,1,427,212,0.6640795390180093,0.6640795387702283,2.4778101792577445e-10,1.1006578981564985e-09,-2.477796856581449e-10,1.3322676295501878e-15,8.528768802307241e-10,4.442058989709263,0.019894599972758442
chesapeake,7,prior_matched_random,MR,spectral,bond128,128,1e-12,C:\Users\psgpe\Downloads\Taiwan\Quantum_github_stage_20260814\experiments\evoq_mis_full_qoblib\results\cross_case_replication\circuits\chesapeake__prior_matched_random__spectral.qpy,2a8fea151092fa42dbafe5c2ded6d198206a7084ac9539fb5710e0d9724cf265,1,427,212,0.6640795390180081,0.6640795387390086,2.789994901775117e-10,1.4576122531195779e-09,-2.789994901775117e-10,0.0,1.1786127629420662e-09,5.2244262245503785,0.018327999976463616
chesapeake,7,published_lr,LR,sorted,bond128,128,1e-12,C:\Users\psgpe\Downloads\Taiwan\Quantum_github_stage_20260814\experiments\evoq_mis_full_qoblib\results\cross_case_replication\circuits\chesapeake__published_lr__sorted.qpy,02fcc7d04a10b262d867653a6d6b3876bccac57b1e1a22c457357575f111a2e9,1,427,212,0.7982931304718344,0.7982931304079399,6.389444529020238e-11,7.756046915829984e-10,-6.389577755783193e-11,1.3322676295501878e-15,7.11710246292796e-10,12.138843808100642,0.0195351000293158
chesapeake,7,published_lr,LR,spectral,bond128,128,1e-12,C:\Users\psgpe\Downloads\Taiwan\Quantum_github_stage_20260814\experiments\evoq_mis_full_qoblib\results\cross_case_replication\circuits\chesapeake__published_lr__spectral.qpy,b70b87114143b211075d18dfd2cee48379b8d9984347da8b9dbfa4d75782e677,1,427,212,0.7982931304718348,0.7982931304060544,6.578038114213314e-11,9.125792344022443e-10,-6.578304567739224e-11,2.6645352591003757e-15,8.467988532601112e-10,13.87312172044753,0.018515000003390014
chesapeake,7,prior_matched_random,MR,sorted,confirm,128,0.0001,C:\Users\psgpe\Downloads\Taiwan\Quantum_github_stage_20260814\experiments\evoq_mis_full_qoblib\results\cross_case_replication\circuits\chesapeake__prior_matched_random__sorted.qpy,f1d5e3cdd24d4be91b3e3a91da8105a8a12695da5251a86453a4a67a5d2b9672,1,427,212,0.6640795390180093,0.6626502511927927,0.001429287825216563,0.008738833248142508,-0.0014292878252152308,1.3322676295501878e-15,0.007309545422925945,6.114117180574469,0.019104400009382516
chesapeake,7,prior_matched_random,MR,spectral,confirm,128,0.0001,C:\Users\psgpe\Downloads\Taiwan\Quantum_github_stage_20260814\experiments\evoq_mis_full_qoblib\results\cross_case_replication\circuits\chesapeake__prior_matched_random__spectral.qpy,2a8fea151092fa42dbafe5c2ded6d198206a7084ac9539fb5710e0d9724cf265,1,427,212,0.6640795390180081,0.6624474254702714,0.0016321135477367354,0.008431021848616882,-0.0016321135477367354,0.0,0.0067989083008801465,5.165707900843201,0.01871839998057112
chesapeake,7,published_lr,LR,sorted,confirm,128,0.0001,C:\Users\psgpe\Downloads\Taiwan\Quantum_github_stage_20260814\experiments\evoq_mis_full_qoblib\results\cross_case_replication\circuits\chesapeake__published_lr__sorted.qpy,02fcc7d04a10b262d867653a6d6b3876bccac57b1e1a22c457357575f111a2e9,1,427,212,0.7982931304718344,0.7986876857017409,0.0003945552299065014,0.006913628081722578,0.0003945552299051691,1.3322676295501878e-15,0.006519072851816077,17.522586339461057,0.019546399998944253
chesapeake,7,published_lr,LR,spectral,confirm,128,0.0001,C:\Users\psgpe\Downloads\Taiwan\Quantum_github_stage_20260814\experiments\evoq_mis_full_qoblib\results\cross_case_replication\circuits\chesapeake__published_lr__spectral.qpy,b70b87114143b211075d18dfd2cee48379b8d9984347da8b9dbfa4d75782e677,1,427,212,0.7982931304718348,0.7985466006487338,0.00025347017689902884,0.005273492727604134,0.0002534701768963643,2.6645352591003757e-15,0.0050200225507051055,20.805180286376878,0.01804719999199733
chesapeake,7,prior_matched_random,MR,sorted,cutoff1e-4,1024,0.0001,C:\Users\psgpe\Downloads\Taiwan\Quantum_github_stage_20260814\experiments\evoq_mis_full_qoblib\results\cross_case_replication\circuits\chesapeake__prior_matched_random__sorted.qpy,f1d5e3cdd24d4be91b3e3a91da8105a8a12695da5251a86453a4a67a5d2b9672,1,427,212,0.6640795390180093,0.6626502511927927,0.001429287825216563,0.008738833248142508,-0.0014292878252152308,1.3322676295501878e-15,0.007309545422925945,6.114117180574469,0.01928129995940253
chesapeake,7,prior_matched_random,MR,spectral,cutoff1e-4,1024,0.0001,C:\Users\psgpe\Downloads\Taiwan\Quantum_github_stage_20260814\experiments\evoq_mis_full_qoblib\results\cross_case_replication\circuits\chesapeake__prior_matched_random__spectral.qpy,2a8fea151092fa42dbafe5c2ded6d198206a7084ac9539fb5710e0d9724cf265,1,427,212,0.6640795390180081,0.6624474254702714,0.0016321135477367354,0.008431021848616882,-0.0016321135477367354,0.0,0.0067989083008801465,5.165707900843201,0.017717899987474084
chesapeake,7,published_lr,LR,sorted,cutoff1e-4,1024,0.0001,C:\Users\psgpe\Downloads\Taiwan\Quantum_github_stage_20260814\experiments\evoq_mis_full_qoblib\results\cross_case_replication\circuits\chesapeake__published_lr__sorted.qpy,02fcc7d04a10b262d867653a6d6b3876bccac57b1e1a22c457357575f111a2e9,1,427,212,0.7982931304718344,0.7986876857017409,0.0003945552299065014,0.006913628081722578,0.0003945552299051691,1.3322676295501878e-15,0.006519072851816077,17.522586339461057,0.018501099955756217
chesapeake,7,published_lr,LR,spectral,cutoff1e-4,1024,0.0001,C:\Users\psgpe\Downloads\Taiwan\Quantum_github_stage_20260814\experiments\evoq_mis_full_qoblib\results\cross_case_replication\circuits\chesapeake__published_lr__spectral.qpy,b70b87114143b211075d18dfd2cee48379b8d9984347da8b9dbfa4d75782e677,1,427,212,0.7982931304718348,0.7985466006487338,0.00025347017689902884,0.005273492727604134,0.0002534701768963643,2.6645352591003757e-15,0.0050200225507051055,20.805180286376878,0.017777099972590804
chesapeake,7,prior_matched_random,MR,sorted,cutoff1e-5,1024,1e-05,C:\Users\psgpe\Downloads\Taiwan\Quantum_github_stage_20260814\experiments\evoq_mis_full_qoblib\results\cross_case_replication\circuits\chesapeake__prior_matched_random__sorted.qpy,f1d5e3cdd24d4be91b3e3a91da8105a8a12695da5251a86453a4a67a5d2b9672,1,427,212,0.6640795390180093,0.6638252542041263,0.00025428481388301005,0.0022875176531745867,-0.0002542848138816778,1.3322676295501878e-15,0.0020332328392915766,8.99588779307527,0.019272000005003065
chesapeake,7,prior_matched_random,MR,spectral,cutoff1e-5,1024,1e-05,C:\Users\psgpe\Downloads\Taiwan\Quantum_github_stage_20260814\experiments\evoq_mis_full_qoblib\results\cross_case_replication\circuits\chesapeake__prior_matched_random__spectral.qpy,2a8fea151092fa42dbafe5c2ded6d198206a7084ac9539fb5710e0d9724cf265,1,427,212,0.6640795390180081,0.6636589242033899,0.00042061481461819206,0.0017747444256746014,-0.00042061481461819206,0.0,0.0013541296110564094,4.219405413205914,0.01824030000716448
chesapeake,7,published_lr,LR,sorted,cutoff1e-5,1024,1e-05,C:\Users\psgpe\Downloads\Taiwan\Quantum_github_stage_20260814\experiments\evoq_mis_full_qoblib\results\cross_case_replication\circuits\chesapeake__published_lr__sorted.qpy,02fcc7d04a10b262d867653a6d6b3876bccac57b1e1a22c457357575f111a2e9,1,427,212,0.7982931304718344,0.7980862006421245,0.0002069298297098232,0.0011076068610733625,-0.00020692982971115548,1.3322676295501878e-15,0.0009006770313635393,5.3525722348805616,0.019295300007797778
chesapeake,7,published_lr,LR,spectral,cutoff1e-5,1024,1e-05,C:\Users\psgpe\Downloads\Taiwan\Quantum_github_stage_20260814\experiments\evoq_mis_full_qoblib\results\cross_case_replication\circuits\chesapeake__published_lr__spectral.qpy,b70b87114143b211075d18dfd2cee48379b8d9984347da8b9dbfa4d75782e677,1,427,212,0.7982931304718348,0.7980059718068764,0.00028715866495843123,0.0012955976965776106,-0.00028715866496109577,2.6645352591003757e-15,0.0010084390316191794,4.5117833960022065,0.018513200047891587
chesapeake,7,prior_matched_random,MR,sorted,released,64,0.001,C:\Users\psgpe\Downloads\Taiwan\Quantum_github_stage_20260814\experiments\evoq_mis_full_qoblib\results\cross_case_replication\circuits\chesapeake__prior_matched_random__sorted.qpy,f1d5e3cdd24d4be91b3e3a91da8105a8a12695da5251a86453a4a67a5d2b9672,1,427,212,0.6640795390180093,0.7206113313018295,0.056531792283820215,0.10099547859690672,0.05653179228382155,1.3322676295501878e-15,0.0444636863130865,1.786525325251581,0.01807740004733205
chesapeake,7,prior_matched_random,MR,spectral,released,64,0.001,C:\Users\psgpe\Downloads\Taiwan\Quantum_github_stage_20260814\experiments\evoq_mis_full_qoblib\results\cross_case_replication\circuits\chesapeake__prior_matched_random__spectral.qpy,2a8fea151092fa42dbafe5c2ded6d198206a7084ac9539fb5710e0d9724cf265,1,427,212,0.6640795390180081,0.7067611567778522,0.04268161775984414,0.08062657774286075,0.04268161775984414,0.0,0.03794495998301661,1.8890234713342127,0.017437400005292147
chesapeake,7,published_lr,LR,sorted,released,64,0.001,C:\Users\psgpe\Downloads\Taiwan\Quantum_github_stage_20260814\experiments\evoq_mis_full_qoblib\results\cross_case_replication\circuits\chesapeake__published_lr__sorted.qpy,02fcc7d04a10b262d867653a6d6b3876bccac57b1e1a22c457357575f111a2e9,1,427,212,0.7982931304718344,0.8292799106578751,0.03098678018604073,0.07236170284382049,0.030986780186039398,1.3322676295501878e-15,0.041374922657779756,2.3352443335309423,0.020820700039621443
chesapeake,7,published_lr,LR,spectral,released,64,0.001,C:\Users\psgpe\Downloads\Taiwan\Quantum_github_stage_20260814\experiments\evoq_mis_full_qoblib\results\cross_case_replication\circuits\chesapeake__published_lr__spectral.qpy,b70b87114143b211075d18dfd2cee48379b8d9984347da8b9dbfa4d75782e677,1,427,212,0.7982931304718348,0.8285608631066143,0.030267732634779443,0.06790976327854181,0.03026773263477678,2.6645352591003757e-15,0.03764203064376237,2.243635626690762,0.017154300003312528
football,7,prior_matched_random,MR,sorted,bond128,128,1e-12,C:\Users\psgpe\Downloads\Taiwan\Quantum_github_stage_20260814\experiments\evoq_mis_full_qoblib\results\cross_case_replication\circuits\football__prior_matched_random__sorted.qpy,769b1bd4951dc0bbaf323209e3ea97e056cf3b3f338a3c7a54850ca6a1eb885d,4,382,167,0.8820366866508706,0.8820366866994565,4.8585802048251026e-11,2.368170104460887e-10,4.85855800036461e-11,2.220446049250313e-16,1.882312083978377e-10,4.874201936831329,0.014672200020868331
football,7,prior_matched_random,MR,spectral,bond128,128,1e-12,C:\Users\psgpe\Downloads\Taiwan\Quantum_github_stage_20260814\experiments\evoq_mis_full_qoblib\results\cross_case_replication\circuits\football__prior_matched_random__spectral.qpy,49f11250c9649cf1d9f9885652767f4884c681083deebd0fc3b92443f8dc3deb,4,382,167,0.8820366866508698,0.8820366867039678,5.309808148723505e-11,2.6948743236943073e-10,5.3098747621049824e-11,6.661338147750939e-16,2.1638935088219569e-10,5.075276258977763,0.01374759996542707
football,7,published_lr,LR,sorted,bond128,128,1e-12,C:\Users\psgpe\Downloads\Taiwan\Quantum_github_stage_20260814\experiments\evoq_mis_full_qoblib\results\cross_case_replication\circuits\football__published_lr__sorted.qpy,093e3201a84d816685dd2caa55a1d3dfdb2e7ec0acbc1e7e1ccb81e6a8c82533,4,382,167,0.8627678117715563,0.8627678106768284,1.0947278639150682e-09,1.3805511178688334e-09,-1.0947281969819755e-09,3.3306690738754696e-16,2.858232539537653e-10,1.2610906905498664,0.01555529999313876
football,7,published_lr,LR,spectral,bond128,128,1e-12,C:\Users\psgpe\Downloads\Taiwan\Quantum_github_stage_20260814\experiments\evoq_mis_full_qoblib\results\cross_case_replication\circuits\football__published_lr__spectral.qpy,aba61caf0209628f8fadd3af3bb5a6a6b44ca8c3f4ddc10dae649062e2d05dbe,4,382,167,0.8627678117715568,0.86276781127767,4.93886820329692e-10,1.9607329093673798e-09,-4.938862652181797e-10,5.551115123125783e-16,1.4668460890376878e-09,3.97000452058733,0.014156499993987381
football,7,prior_matched_random,MR,sorted,confirm,128,0.0001,C:\Users\psgpe\Downloads\Taiwan\Quantum_github_stage_20260814\experiments\evoq_mis_full_qoblib\results\cross_case_replication\circuits\football__prior_matched_random__sorted.qpy,769b1bd4951dc0bbaf323209e3ea97e056cf3b3f338a3c7a54850ca6a1eb885d,4,382,167,0.8820366866508706,0.882650191093082,0.0006135044422113101,0.01457334829329171,0.000613504442211088,2.220446049250313e-16,0.0139598438510804,23.754266946729285,0.014703700027894229
football,7,prior_matched_random,MR,spectral,confirm,128,0.0001,C:\Users\psgpe\Downloads\Taiwan\Quantum_github_stage_20260814\experiments\evoq_mis_full_qoblib\results\cross_case_replication\circuits\football__prior_matched_random__spectral.qpy,49f11250c9649cf1d9f9885652767f4884c681083deebd0fc3b92443f8dc3deb,4,382,167,0.8820366866508698,0.883748022460414,0.00171133580954419,0.00981643944859667,0.001711335809544856,6.661338147750939e-16,0.00810510363905248,5.736126944723522,0.014054199971724302
football,7,published_lr,LR,sorted,confirm,128,0.0001,C:\Users\psgpe\Downloads\Taiwan\Quantum_github_stage_20260814\experiments\evoq_mis_full_qoblib\results\cross_case_replication\circuits\football__published_lr__sorted.qpy,093e3201a84d816685dd2caa55a1d3dfdb2e7ec0acbc1e7e1ccb81e6a8c82533,4,382,167,0.8627678117715563,0.8634577772877989,0.0006899655162426743,0.005735469653601055,0.0006899655162423413,3.3306690738754696e-16,0.005045504137358381,8.312690299124716,0.014448800007812679
football,7,published_lr,LR,spectral,confirm,128,0.0001,C:\Users\psgpe\Downloads\Taiwan\Quantum_github_stage_20260814\experiments\evoq_mis_full_qoblib\results\cross_case_replication\circuits\football__published_lr__spectral.qpy,aba61caf0209628f8fadd3af3bb5a6a6b44ca8c3f4ddc10dae649062e2d05dbe,4,382,167,0.8627678117715568,0.8631528783755975,0.0003850666040406958,0.007830872072361217,0.0003850666040412509,5.551115123125783e-16,0.007445805468320521,20.33640931253963,0.013761300011537969
football,7,prior_matched_random,MR,sorted,cutoff1e-4,1024,0.0001,C:\Users\psgpe\Downloads\Taiwan\Quantum_github_stage_20260814\experiments\evoq_mis_full_qoblib\results\cross_case_replication\circuits\football__prior_matched_random__sorted.qpy,769b1bd4951dc0bbaf323209e3ea97e056cf3b3f338a3c7a54850ca6a1eb885d,4,382,167,0.8820366866508706,0.882650191093082,0.0006135044422113101,0.01457334829329171,0.000613504442211088,2.220446049250313e-16,0.0139598438510804,23.754266946729285,0.014581700030248612
football,7,prior_matched_random,MR,spectral,cutoff1e-4,1024,0.0001,C:\Users\psgpe\Downloads\Taiwan\Quantum_github_stage_20260814\experiments\evoq_mis_full_qoblib\results\cross_case_replication\circuits\football__prior_matched_random__spectral.qpy,49f11250c9649cf1d9f9885652767f4884c681083deebd0fc3b92443f8dc3deb,4,382,167,0.8820366866508698,0.883748022460414,0.00171133580954419,0.00981643944859667,0.001711335809544856,6.661338147750939e-16,0.00810510363905248,5.736126944723522,0.013947899977210909
football,7,published_lr,LR,sorted,cutoff1e-4,1024,0.0001,C:\Users\psgpe\Downloads\Taiwan\Quantum_github_stage_20260814\experiments\evoq_mis_full_qoblib\results\cross_case_replication\circuits\football__published_lr__sorted.qpy,093e3201a84d816685dd2caa55a1d3dfdb2e7ec0acbc1e7e1ccb81e6a8c82533,4,382,167,0.8627678117715563,0.8634577772877989,0.0006899655162426743,0.005735469653601055,0.0006899655162423413,3.3306690738754696e-16,0.005045504137358381,8.312690299124716,0.014040800044313073
football,7,published_lr,LR,spectral,cutoff1e-4,1024,0.0001,C:\Users\psgpe\Downloads\Taiwan\Quantum_github_stage_20260814\experiments\evoq_mis_full_qoblib\results\cross_case_replication\circuits\football__published_lr__spectral.qpy,aba61caf0209628f8fadd3af3bb5a6a6b44ca8c3f4ddc10dae649062e2d05dbe,4,382,167,0.8627678117715568,0.8631528783755975,0.0003850666040406958,0.007830872072361217,0.0003850666040412509,5.551115123125783e-16,0.007445805468320521,20.33640931253963,0.012915000028442591
football,7,prior_matched_random,MR,sorted,cutoff1e-5,1024,1e-05,C:\Users\psgpe\Downloads\Taiwan\Quantum_github_stage_20260814\experiments\evoq_mis_full_qoblib\results\cross_case_replication\circuits\football__prior_matched_random__sorted.qpy,769b1bd4951dc0bbaf323209e3ea97e056cf3b3f338a3c7a54850ca6a1eb885d,4,382,167,0.8820366866508706,0.8819604462751129,7.624037575770792e-05,0.0019829579679546683,-7.624037575792997e-05,2.220446049250313e-16,0.0019067175921969604,26.009289018413458,0.014862500014714897
football,7,prior_matched_random,MR,spectral,cutoff1e-5,1024,1e-05,C:\Users\psgpe\Downloads\Taiwan\Quantum_github_stage_20260814\experiments\evoq_mis_full_qoblib\results\cross_case_replication\circuits\football__prior_matched_random__spectral.qpy,49f11250c9649cf1d9f9885652767f4884c681083deebd0fc3b92443f8dc3deb,4,382,167,0.8820366866508698,0.8818750503793547,0.00016163627151510873,0.00255762995349329,-0.0001616362715144426,6.661338147750939e-16,0.0023959936819781813,15.82336643575832,0.013960500014945865
football,7,published_lr,LR,sorted,cutoff1e-5,1024,1e-05,C:\Users\psgpe\Downloads\Taiwan\Quantum_github_stage_20260814\experiments\evoq_mis_full_qoblib\results\cross_case_replication\circuits\football__published_lr__sorted.qpy,093e3201a84d816685dd2caa55a1d3dfdb2e7ec0acbc1e7e1ccb81e6a8c82533,4,382,167,0.8627678117715563,0.8625330849255892,0.00023472684596703708,0.001329323833863083,-0.00023472684596737015,3.3306690738754696e-16,0.001094596987896046,5.6632799217596155,0.014327600016258657
football,7,published_lr,LR,spectral,cutoff1e-5,1024,1e-05,C:\Users\psgpe\Downloads\Taiwan\Quantum_github_stage_20260814\experiments\evoq_mis_full_qoblib\results\cross_case_replication\circuits\football__published_lr__spectral.qpy,aba61caf0209628f8fadd3af3bb5a6a6b44ca8c3f4ddc10dae649062e2d05dbe,4,382,167,0.8627678117715568,0.8626734467236692,9.436504788762345e-05,0.0013189352812805755,-9.436504788706834e-05,5.551115123125783e-16,0.001224570233392952,13.976947087985971,0.013939099968411028
football,7,prior_matched_random,MR,sorted,released,64,0.001,C:\Users\psgpe\Downloads\Taiwan\Quantum_github_stage_20260814\experiments\evoq_mis_full_qoblib\results\cross_case_replication\circuits\football__prior_matched_random__sorted.qpy,769b1bd4951dc0bbaf323209e3ea97e056cf3b3f338a3c7a54850ca6a1eb885d,4,382,167,0.8820366866508706,0.9275085681689453,0.045471881518074686,0.07147910138602287,0.045471881518074464,2.220446049250313e-16,0.026007219867948184,1.5719407026870118,0.014420200022868812
football,7,prior_matched_random,MR,spectral,released,64,0.001,C:\Users\psgpe\Downloads\Taiwan\Quantum_github_stage_20260814\experiments\evoq_mis_full_qoblib\results\cross_case_replication\circuits\football__prior_matched_random__spectral.qpy,49f11250c9649cf1d9f9885652767f4884c681083deebd0fc3b92443f8dc3deb,4,382,167,0.8820366866508698,0.9150334353302749,0.03299674867940516,0.055968449668809095,0.03299674867940583,6.661338147750939e-16,0.02297170098940393,1.6961807423087614,0.013449799967929721
football,7,published_lr,LR,sorted,released,64,0.001,C:\Users\psgpe\Downloads\Taiwan\Quantum_github_stage_20260814\experiments\evoq_mis_full_qoblib\results\cross_case_replication\circuits\football__published_lr__sorted.qpy,093e3201a84d816685dd2caa55a1d3dfdb2e7ec0acbc1e7e1ccb81e6a8c82533,4,382,167,0.8627678117715563,0.8756512505014545,0.012883438729898278,0.06139117550112139,0.012883438729897945,3.3306690738754696e-16,0.04850773677122311,4.765123410619589,0.013284899992868304
football,7,published_lr,LR,spectral,released,64,0.001,C:\Users\psgpe\Downloads\Taiwan\Quantum_github_stage_20260814\experiments\evoq_mis_full_qoblib\results\cross_case_replication\circuits\football__published_lr__spectral.qpy,aba61caf0209628f8fadd3af3bb5a6a6b44ca8c3f4ddc10dae649062e2d05dbe,4,382,167,0.8627678117715568,0.8760224887262656,0.013254676954708833,0.05263496933394152,0.013254676954709388,5.551115123125783e-16,0.039380292379232684,3.971048824033581,0.013197299966122955
