estimator,theta,curvature,depth,duration,physical_depth_budget,trials,bias,deterministic_bias,rmse,median_absolute_error,q90_absolute_error,crossover_xi,normalized_absolute_deterministic_bias
amplified_rtr,0.173,0.0,1,1.0,1536,4096,-0.0005315999110164701,0.0,0.03966987691261165,0.02637056185660064,0.06569744714626519,0.0,0.0
amplified_rtr,0.173,0.0,3,3.0,4608,4096,0.00031840485412311614,0.0,0.011787664775855997,0.00775492249667227,0.01949020843058434,0.0,0.0
amplified_rtr,0.173,0.0,7,7.0,10752,4096,-5.859596491886855e-06,0.0,0.0051319919746195194,0.0034882177506871115,0.008416178578662448,0.0,0.0
amplified_rtr,0.173,0.0,15,15.0,23040,4096,5.8244173656175004e-05,0.0,0.0025368298368014116,0.0016925287486399265,0.004189430352656648,0.0,0.0
amplified_rtr,0.173,0.0,31,31.0,47616,4096,5.985525005620999e-06,0.0,0.0012232708485577345,0.0008293825578088304,0.002029047720401897,0.0,0.0
amplified_rtr,0.173,0.0,63,63.0,96768,4096,2.121506801498649e-05,0.0,0.0006669658372349,0.0004609827467823152,0.0011008673468143049,0.0,0.0
amplified_rtr,0.173,0.0,127,127.0,195072,4096,-4.0616957493821255e-06,0.0,0.00032117926934486677,0.00021911109764818915,0.0005216866249531937,0.0,0.0
amplified_rtr,0.173,0.0,255,255.0,391680,4096,-1.007542969472239e-06,0.0,0.000152044366268437,0.00010103947411363445,0.0002512074614941101,0.0,0.0
amplified_rtr,0.173,1e-09,1,1.0,1536,4096,0.0003216970030615267,-5e-10,0.03900699595052362,0.026323905495013622,0.06485359646502081,1e-09,5e-10
amplified_rtr,0.173,1e-09,3,3.0,4608,4096,0.00029475331176404836,-4.500000000000001e-09,0.011621760418950564,0.007781479113414452,0.019135236013588658,2.7e-08,1.3500000000000002e-08
amplified_rtr,0.173,1e-09,7,7.0,10752,4096,-9.203325158048076e-05,-2.45e-08,0.00526586247933239,0.0035444939210799303,0.008692813343067374,3.4300000000000004e-07,1.7150000000000002e-07
amplified_rtr,0.173,1e-09,15,15.0,23040,4096,4.427942637459703e-05,-1.1250000000000002e-07,0.0024883942333294314,0.0016812387448582322,0.004045353397593376,3.3750000000000003e-06,1.6875000000000004e-06
amplified_rtr,0.173,1e-09,31,31.0,47616,4096,-8.994148268246865e-06,-4.805e-07,0.0012158752206931104,0.0008169233719937524,0.0020209105236613234,2.9791000000000003e-05,1.48955e-05
amplified_rtr,0.173,1e-09,63,63.0,96768,4096,-7.276887853645668e-06,-1.9845000000000002e-06,0.0006530471293909879,0.00044453731047600087,0.0010860314776702656,0.00025004700000000004,0.00012502350000000002
amplified_rtr,0.173,1e-09,127,127.0,195072,4096,-1.1520609007274025e-05,-8.0645e-06,0.0003266950269257549,0.0002183272513653911,0.000536027215358989,0.002048383,0.0010241915
amplified_rtr,0.173,1e-09,255,255.0,391680,4096,-3.698249987763855e-05,-3.25125e-05,0.0001567320234511917,0.00010544391465298897,0.00025748807325207124,0.016581375000000002,0.0082906875
amplified_rtr,0.173,3e-09,1,1.0,1536,4096,0.0008659380177853042,-1.5e-09,0.03941908758307921,0.027423518887606746,0.06452190206700661,3e-09,1.5e-09
amplified_rtr,0.173,3e-09,3,3.0,4608,4096,4.2957103938210756e-05,-1.35e-08,0.011723059194855051,0.007846044070143651,0.019226954096021903,8.1e-08,4.05e-08
amplified_rtr,0.173,3e-09,7,7.0,10752,4096,-9.660357672338613e-05,-7.35e-08,0.005201731991317363,0.0034909770893450515,0.008722180950093195,1.029e-06,5.145e-07
amplified_rtr,0.173,3e-09,15,15.0,23040,4096,-2.624084645455258e-05,-3.3749999999999995e-07,0.0025563068632147323,0.0017284859941740088,0.004146037578089332,1.0125e-05,5.062499999999999e-06
amplified_rtr,0.173,3e-09,31,31.0,47616,4096,1.833350551304078e-05,-1.4415e-06,0.0012098337142663668,0.0008107790928035125,0.001979152340525453,8.9373e-05,4.46865e-05
amplified_rtr,0.173,3e-09,63,63.0,96768,4096,7.992311526132582e-06,-5.953500000000001e-06,0.000642729532438556,0.00043178939529750493,0.0010559712043700514,0.000750141,0.00037507050000000003
amplified_rtr,0.173,3e-09,127,127.0,195072,4096,-1.6580164726097218e-05,-2.4193499999999998e-05,0.0003171585647263945,0.0002165459190313912,0.0005170439578532915,0.006145149,0.0030725744999999995
amplified_rtr,0.173,3e-09,255,255.0,391680,4096,-0.00010175568544480612,-9.753750000000002e-05,0.00018537910209431879,0.00012420451093417273,0.00030243038033841985,0.049744125,0.024872062500000004
amplified_rtr,0.173,1e-08,1,1.0,1536,4096,0.0004863729328489074,-5.000000000000001e-09,0.03891441965831102,0.026620945334143165,0.06473217637626852,1e-08,5.000000000000001e-09
amplified_rtr,0.173,1e-08,3,3.0,4608,4096,0.00021880232897019991,-4.499999999999999e-08,0.01157657571182795,0.007432791567111921,0.019347652789657444,2.7e-07,1.3499999999999998e-07
amplified_rtr,0.173,1e-08,7,7.0,10752,4096,0.0001891946192168711,-2.45e-07,0.005259883475644107,0.0035492697403359252,0.008575002822140354,3.43e-06,1.7149999999999999e-06
amplified_rtr,0.173,1e-08,15,15.0,23040,4096,-3.884778134884984e-05,-1.125e-06,0.0025379459318324122,0.001680772010437273,0.004177761013853684,3.375e-05,1.6875e-05
amplified_rtr,0.173,1e-08,31,31.0,47616,4096,9.317023806728005e-06,-4.805000000000001e-06,0.00121648555632528,0.0008195761829363213,0.002005859129061996,0.00029791,0.000148955
amplified_rtr,0.173,1e-08,63,63.0,96768,4096,-1.7759769547577975e-05,-1.9844999999999997e-05,0.0006727524265609134,0.00045665958429505493,0.0011029654597686372,0.00250047,0.0012502349999999997
amplified_rtr,0.173,1e-08,127,127.0,195072,4096,-7.644763335826906e-05,-8.064500000000001e-05,0.0003269467339118562,0.00022112191800804926,0.0005304234427054022,0.02048383,0.010241915
amplified_rtr,0.173,1e-08,255,255.0,391680,4096,-0.00032587356114217826,-0.000325125,0.00036090620238971504,0.0003211174077756701,0.0005255935725264893,0.16581375,0.082906875
amplified_rtr,0.173,3e-08,1,1.0,1536,4096,0.00019241689984968304,-1.4999999999999995e-08,0.03968298501826712,0.02652967099656678,0.06546762409503151,3e-08,1.4999999999999995e-08
amplified_rtr,0.173,3e-08,3,3.0,4608,4096,-8.803406959476893e-05,-1.3499999999999998e-07,0.01178783598752382,0.00811365769425465,0.019250207037523545,8.1e-07,4.0499999999999993e-07
amplified_rtr,0.173,3e-08,7,7.0,10752,4096,5.304144615953039e-05,-7.35e-07,0.005182196302900245,0.0034748246603212574,0.008571214554926113,1.029e-05,5.145e-06
amplified_rtr,0.173,3e-08,15,15.0,23040,4096,-3.082174280237684e-05,-3.3749999999999995e-06,0.00254206023485947,0.001679500669991979,0.004191197505827277,0.00010125,5.062499999999999e-05
amplified_rtr,0.173,3e-08,31,31.0,47616,4096,4.996591228581189e-05,-1.4415000000000002e-05,0.0012372676048415792,0.0008244270633402245,0.00206198386045528,0.0008937299999999999,0.00044686500000000007
amplified_rtr,0.173,3e-08,63,63.0,96768,4096,-5.702160669550398e-05,-5.953499999999999e-05,0.0006618034560104517,0.0004519307806077344,0.0010897653612885472,0.007501409999999999,0.0037507049999999996
amplified_rtr,0.173,3e-08,127,127.0,195072,4096,-0.00023034934940028724,-0.00024193499999999993,0.00039169421503244285,0.0002715423720376503,0.0006372957677725222,0.06145149,0.030725744999999992
amplified_rtr,0.173,3e-08,255,255.0,391680,4096,-0.000976938632855089,-0.0009753750000000001,0.0009899019289175339,0.0009701156696177993,0.0011827920921629875,0.49744124999999995,0.24872062500000003
amplified_rtr,0.173,1e-07,1,1.0,1536,4096,-0.0005749216470024338,-5.0000000000000004e-08,0.039191776489216686,0.026371532579152285,0.06508004805263237,1e-07,5.0000000000000004e-08
amplified_rtr,0.173,1e-07,3,3.0,4608,4096,0.0003567985000222921,-4.499999999999999e-07,0.011829648883014226,0.007927542280989783,0.019610875893068938,2.7e-06,1.3499999999999996e-06
amplified_rtr,0.173,1e-07,7,7.0,10752,4096,0.00013795852926699908,-2.45e-06,0.005142929047712302,0.0035167559399857107,0.00842380085019341,3.43e-05,1.715e-05
amplified_rtr,0.173,1e-07,15,15.0,23040,4096,-3.740267700780829e-05,-1.1249999999999997e-05,0.0025266294546592125,0.0017113915627994386,0.004169378455423686,0.00033749999999999996,0.00016874999999999995
amplified_rtr,0.173,1e-07,31,31.0,47616,4096,-4.023044150910032e-05,-4.8049999999999996e-05,0.0012452387596207108,0.0008445466256015721,0.002041276425136032,0.0029790999999999997,0.0014895499999999999
amplified_rtr,0.173,1e-07,63,63.0,96768,4096,-0.0001951064506975546,-0.00019844999999999997,0.0006981243624127557,0.00048178108263417785,0.0011375660098719986,0.025004699999999998,0.012502349999999999
amplified_rtr,0.173,1e-07,127,127.0,195072,4096,-0.0008028995272822077,-0.00080645,0.0008608958194312144,0.00080493600476364,0.0012043223941124032,0.2048383,0.10241915
amplified_rtr,0.173,1e-07,255,255.0,391680,4096,-0.003253515166581762,-0.003251250000000001,0.00325697271855452,0.003251434796115296,0.003446070162712797,1.6581374999999998,0.8290687500000002
amplified_rtr,0.173,3e-07,1,1.0,1536,4096,-0.0008836067822011117,-1.5e-07,0.039827590269895664,0.027106666088040104,0.06568318629292468,3e-07,1.5e-07
amplified_rtr,0.173,3e-07,3,3.0,4608,4096,0.0003225126448742127,-1.35e-06,0.011571713562985801,0.007781940970762999,0.019060400128016006,8.1e-06,4.05e-06
amplified_rtr,0.173,3e-07,7,7.0,10752,4096,7.540008321766335e-05,-7.350000000000001e-06,0.005193099445959736,0.003472372593379347,0.00859669843512724,0.0001029,5.1450000000000004e-05
amplified_rtr,0.173,3e-07,15,15.0,23040,4096,-5.6246729833763076e-05,-3.3749999999999994e-05,0.002487530133478027,0.0016938450832905544,0.0040008595556424165,0.0010125,0.0005062499999999999
amplified_rtr,0.173,3e-07,31,31.0,47616,4096,-0.00012009087550167216,-0.00014415,0.0012217394117392689,0.000828800431744936,0.0020241796827208253,0.0089373,0.00446865
amplified_rtr,0.173,3e-07,63,63.0,96768,4096,-0.0005643757317479819,-0.0005953500000000001,0.0008609924026903362,0.000627315014699828,0.0014073101564272827,0.0750141,0.03750705000000001
amplified_rtr,0.173,3e-07,127,127.0,195072,4096,-0.0024287315830387687,-0.0024193500000000002,0.002449384552758779,0.002431403510472857,0.0028286633918751664,0.6145149,0.30725745000000004
amplified_rtr,0.173,3e-07,255,255.0,391680,4096,-0.00975398112847162,-0.00975375,0.009755039897093712,0.009755970210215723,0.009937052139744162,4.9744125,2.4872062500000003
amplified_rtr,0.173,1e-06,1,1.0,1536,4096,-0.0001975602753729597,-5e-07,0.0401472918960945,0.027091133837277126,0.06535748445971361,1e-06,5e-07
amplified_rtr,0.173,1e-06,3,3.0,4608,4096,0.00038292863347282947,-4.5e-06,0.011771660556797315,0.007944963998157514,0.01926074022083296,2.7e-05,1.35e-05
amplified_rtr,0.173,1e-06,7,7.0,10752,4096,-0.00012230355263749172,-2.4499999999999996e-05,0.005176061787905508,0.003527296240452407,0.00853048014779223,0.000343,0.00017149999999999997
amplified_rtr,0.173,1e-06,15,15.0,23040,4096,-0.00015985969988342762,-0.0001125,0.002538064874293285,0.00172322424255629,0.004184170016879679,0.003375,0.0016875
amplified_rtr,0.173,1e-06,31,31.0,47616,4096,-0.0004932399733352023,-0.00048049999999999986,0.0013310668375076057,0.0009236726980256793,0.0021776289640088736,0.029790999999999998,0.014895499999999996
amplified_rtr,0.173,1e-06,63,63.0,96768,4096,-0.001966553552868665,-0.0019844999999999997,0.0020689657429026204,0.0019738911353446437,0.0027688999294394057,0.25004699999999996,0.12502349999999998
amplified_rtr,0.173,1e-06,127,127.0,195072,4096,-0.008069183987220441,-0.0080645,0.0080752818217037,0.00806382645631,0.00847121798726995,2.048383,1.0241915000000001
amplified_rtr,0.173,1e-06,255,255.0,391680,4096,-0.03251163616621018,-0.0325125,0.03251205847225835,0.03251086644619858,0.032724821976617274,16.581374999999998,8.2906875
direct_depth1_equal_cost,0.173,0.0,1,1.0,1536,4096,0.0005196238643128161,0.0,0.03889715034949577,0.025222823630079536,0.06487008200069116,0.0,0.0
direct_depth1_equal_cost,0.173,0.0,3,1.0,4608,4096,-0.0007047603494038711,0.0,0.02284399505589865,0.015757191111589713,0.037334678373991986,0.0,0.0
direct_depth1_equal_cost,0.173,0.0,7,1.0,10752,4096,-0.0004073830969041336,0.0,0.014753382591044004,0.009904462061587155,0.024087443529456243,0.0,0.0
direct_depth1_equal_cost,0.173,0.0,15,1.0,23040,4096,-0.0002804146498883135,0.0,0.010214846212500163,0.006835453354201451,0.016794341458446216,0.0,0.0
direct_depth1_equal_cost,0.173,0.0,31,1.0,47616,4096,-5.344262232143531e-05,0.0,0.007168353074014505,0.004886373797317281,0.011708456650145083,0.0,0.0
direct_depth1_equal_cost,0.173,0.0,63,1.0,96768,4096,0.0001280311316708466,0.0,0.004992097452479247,0.003370980249254224,0.008290236923173391,0.0,0.0
direct_depth1_equal_cost,0.173,0.0,127,1.0,195072,4096,-3.585638391265219e-05,0.0,0.003491379104534123,0.002343583496123583,0.005639088819917273,0.0,0.0
direct_depth1_equal_cost,0.173,0.0,255,1.0,391680,4096,1.2865380565075817e-05,0.0,0.0024859456837327404,0.0015961637467241385,0.00408703908745954,0.0,0.0
amplified_rtr,0.231,0.0,1,1.0,1536,4096,-0.0009599680081557333,0.0,0.03836477158409946,0.025922391227284874,0.06323938560026351,0.0,0.0
amplified_rtr,0.231,0.0,3,3.0,4608,4096,0.00039900922637433353,0.0,0.012900898032513347,0.008718797573709747,0.020926920615678177,0.0,0.0
amplified_rtr,0.231,0.0,7,7.0,10752,4096,6.394653807108831e-05,0.0,0.00599556361628322,0.004118968846760662,0.009920854054427414,0.0,0.0
amplified_rtr,0.231,0.0,15,15.0,23040,4096,-3.1364119252299496e-05,0.0,0.0023844824633445704,0.0016294362901419362,0.0038954969098832087,0.0,0.0
amplified_rtr,0.231,0.0,31,31.0,47616,4096,6.846043072692855e-06,0.0,0.001250374908769037,0.000837523778087032,0.002052632955289152,0.0,0.0
amplified_rtr,0.231,0.0,63,63.0,96768,4096,-3.684826099060151e-06,0.0,0.0005878012527922568,0.0003919682740747277,0.0009549599172950229,0.0,0.0
amplified_rtr,0.231,0.0,127,127.0,195072,4096,-1.4436621239030483e-06,0.0,0.00028121628458506237,0.0001858814824599736,0.00046383297269017576,0.0,0.0
amplified_rtr,0.231,0.0,255,255.0,391680,4096,-1.8801330294095458e-06,0.0,0.00015880336017611666,0.00010601267889681631,0.00026343895504898907,0.0,0.0
amplified_rtr,0.231,1e-09,1,1.0,1536,4096,0.0016932583482943248,-5e-10,0.038174314480227685,0.02576307776384204,0.062057476587643184,1e-09,5e-10
amplified_rtr,0.231,1e-09,3,3.0,4608,4096,0.0001248955108140579,-4.500000000000001e-09,0.012836065737766751,0.008670668985275173,0.02113571245645915,2.7e-08,1.3500000000000002e-08
amplified_rtr,0.231,1e-09,7,7.0,10752,4096,-8.555473383160528e-05,-2.45e-08,0.00607062442895495,0.004132189784969306,0.009977305228147063,3.4300000000000004e-07,1.7150000000000002e-07
amplified_rtr,0.231,1e-09,15,15.0,23040,4096,3.0520613348010204e-05,-1.1250000000000002e-07,0.0023913175603147304,0.0016036866327061722,0.003919117931058647,3.3750000000000003e-06,1.6875000000000004e-06
amplified_rtr,0.231,1e-09,31,31.0,47616,4096,-4.076073201598146e-05,-4.805e-07,0.0012425919064830966,0.0008216435920287563,0.0020320774132772806,2.9791000000000003e-05,1.48955e-05
amplified_rtr,0.231,1e-09,63,63.0,96768,4096,-9.879530655722555e-06,-1.9845000000000002e-06,0.0005746222890808879,0.00039026058310473455,0.0009450419905498719,0.00025004700000000004,0.00012502350000000002
amplified_rtr,0.231,1e-09,127,127.0,195072,4096,-1.0275160017694325e-05,-8.0645e-06,0.00028643401149056264,0.00019112992683835428,0.00047383890118031513,0.002048383,0.0010241915
amplified_rtr,0.231,1e-09,255,255.0,391680,4096,-3.894630246506463e-05,-3.25125e-05,0.000164005824725702,0.00010883555582978655,0.0002726268366601281,0.016581375000000002,0.0082906875
amplified_rtr,0.231,3e-09,1,1.0,1536,4096,-5.667662948131123e-06,-1.5e-09,0.03766801323536177,0.02527527881854852,0.06172746447179475,3e-09,1.5e-09
amplified_rtr,0.231,3e-09,3,3.0,4608,4096,-0.0002384076639045617,-1.35e-08,0.012840265764586732,0.008786647629110383,0.021206257493536843,8.1e-08,4.05e-08
amplified_rtr,0.231,3e-09,7,7.0,10752,4096,4.005939742594044e-06,-7.35e-08,0.00599505707791777,0.004054269276316982,0.009693033087929515,1.029e-06,5.145e-07
amplified_rtr,0.231,3e-09,15,15.0,23040,4096,7.212053237407929e-05,-3.3749999999999995e-07,0.002465279065012295,0.0016590045608211312,0.004059949093211876,1.0125e-05,5.062499999999999e-06
amplified_rtr,0.231,3e-09,31,31.0,47616,4096,-1.7260565069883274e-05,-1.4415e-06,0.0012568828114995002,0.0008219565522270961,0.002073654045334314,8.9373e-05,4.46865e-05
amplified_rtr,0.231,3e-09,63,63.0,96768,4096,1.6539758874042347e-05,-5.953500000000001e-06,0.0005845711438139943,0.0003940776515236333,0.0009619414432226608,0.000750141,0.00037507050000000003
amplified_rtr,0.231,3e-09,127,127.0,195072,4096,-2.147145337771879e-05,-2.4193499999999998e-05,0.00028125930802937334,0.00019150616797034004,0.0004585628744711717,0.006145149,0.0030725744999999995
amplified_rtr,0.231,3e-09,255,255.0,391680,4096,-9.703464287604418e-05,-9.753750000000002e-05,0.0001869525390213334,0.00012581027951374946,0.000307413567423101,0.049744125,0.024872062500000004
amplified_rtr,0.231,1e-08,1,1.0,1536,4096,-0.0009820381084938569,-5.000000000000001e-09,0.03837793226900611,0.02552244151585842,0.0632606762470522,1e-08,5.000000000000001e-09
amplified_rtr,0.231,1e-08,3,3.0,4608,4096,0.0005918320581407786,-4.499999999999999e-08,0.012947539450918965,0.00878294543780428,0.021471649631962714,2.7e-07,1.3499999999999998e-07
amplified_rtr,0.231,1e-08,7,7.0,10752,4096,-0.0001690921633594783,-2.45e-07,0.005874184683427246,0.0039030780840434987,0.009731255415899032,3.43e-06,1.7149999999999999e-06
amplified_rtr,0.231,1e-08,15,15.0,23040,4096,-5.188683402387183e-06,-1.125e-06,0.002364188340513075,0.0016540242621350676,0.003850262903101545,3.375e-05,1.6875e-05
amplified_rtr,0.231,1e-08,31,31.0,47616,4096,-3.427572576613288e-05,-4.805000000000001e-06,0.0012409164081314782,0.0008431966408676966,0.0020456962904699116,0.00029791,0.000148955
amplified_rtr,0.231,1e-08,63,63.0,96768,4096,-1.8842009873663106e-05,-1.9844999999999997e-05,0.0005861032941116409,0.0003948591423604264,0.0009761033163893096,0.00250047,0.0012502349999999997
amplified_rtr,0.231,1e-08,127,127.0,195072,4096,-8.075130907786039e-05,-8.064500000000001e-05,0.000292003595527509,0.00019203823577794432,0.00048539421173449115,0.02048383,0.010241915
amplified_rtr,0.231,1e-08,255,255.0,391680,4096,-0.0003304696138513442,-0.000325125,0.00036787367051605566,0.00032933061005634146,0.0005375791180447786,0.16581375,0.082906875
amplified_rtr,0.231,3e-08,1,1.0,1536,4096,-0.0008194010621311736,-1.4999999999999995e-08,0.037934276575354454,0.025852552106801707,0.06211451803398915,3e-08,1.4999999999999995e-08
amplified_rtr,0.231,3e-08,3,3.0,4608,4096,0.0003792521138037073,-1.3499999999999998e-07,0.012824305470017216,0.008643491266495412,0.021255671550314464,8.1e-07,4.0499999999999993e-07
amplified_rtr,0.231,3e-08,7,7.0,10752,4096,4.3676846396699886e-05,-7.35e-07,0.005874331575784177,0.003979128302073698,0.009646550532525833,1.029e-05,5.145e-06
amplified_rtr,0.231,3e-08,15,15.0,23040,4096,-1.8531744666878998e-06,-3.3749999999999995e-06,0.0023691127173878766,0.0015883097318606099,0.003923958158866647,0.00010125,5.062499999999999e-05
amplified_rtr,0.231,3e-08,31,31.0,47616,4096,-2.3306010043789697e-05,-1.4415000000000002e-05,0.0012592684788080488,0.0008293831405689345,0.0020546878833287985,0.0008937299999999999,0.00044686500000000007
amplified_rtr,0.231,3e-08,63,63.0,96768,4096,-5.7053328322729875e-05,-5.953499999999999e-05,0.0005948542074995821,0.0003979415211988191,0.0009804903390561448,0.007501409999999999,0.0037507049999999996
amplified_rtr,0.231,3e-08,127,127.0,195072,4096,-0.00023996949706982555,-0.00024193499999999993,0.0003717545227773767,0.0002640853785481623,0.000608163886148011,0.06145149,0.030725744999999992
amplified_rtr,0.231,3e-08,255,255.0,391680,4096,-0.0009771231863479148,-0.0009753750000000001,0.0009912925932752427,0.000974571347628142,0.001193772277105598,0.49744124999999995,0.24872062500000003
amplified_rtr,0.231,1e-07,1,1.0,1536,4096,0.0006860469103799679,-5.0000000000000004e-08,0.03853671375384859,0.025788961869996824,0.06373815086393936,1e-07,5.0000000000000004e-08
amplified_rtr,0.231,1e-07,3,3.0,4608,4096,0.00012586038346571094,-4.499999999999999e-07,0.013050970492288344,0.009030432594659077,0.021506817819561236,2.7e-06,1.3499999999999996e-06
amplified_rtr,0.231,1e-07,7,7.0,10752,4096,2.2206006891699184e-05,-2.45e-06,0.005974694490321007,0.003928380219692745,0.009909912856125136,3.43e-05,1.715e-05
amplified_rtr,0.231,1e-07,15,15.0,23040,4096,-1.9207457622504236e-05,-1.1249999999999997e-05,0.0023484109293342085,0.0015792066478955147,0.003907343292950061,0.00033749999999999996,0.00016874999999999995
amplified_rtr,0.231,1e-07,31,31.0,47616,4096,-4.7993799480591314e-05,-4.8049999999999996e-05,0.0012356467075096602,0.0008307837877445379,0.002009937421205074,0.0029790999999999997,0.0014895499999999999
amplified_rtr,0.231,1e-07,63,63.0,96768,4096,-0.00018134605459713522,-0.00019844999999999997,0.0006018063502541135,0.00040720148493045283,0.0009882303571393247,0.025004699999999998,0.012502349999999999
amplified_rtr,0.231,1e-07,127,127.0,195072,4096,-0.0008099831715195416,-0.00080645,0.0008551327146512405,0.0008108854134846327,0.0011625137856497714,0.2048383,0.10241915
amplified_rtr,0.231,1e-07,255,255.0,391680,4096,-0.003251980803539166,-0.003251250000000001,0.003256037794530251,0.003251397584726451,0.003465932817149492,1.6581374999999998,0.8290687500000002
amplified_rtr,0.231,3e-07,1,1.0,1536,4096,-0.00047463227466503324,-1.5e-07,0.03808828636522802,0.0248309925564541,0.06357729002660428,3e-07,1.5e-07
amplified_rtr,0.231,3e-07,3,3.0,4608,4096,0.00033448186611174794,-1.35e-06,0.01312111484244363,0.00886981857066349,0.0215901001399455,8.1e-06,4.05e-06
amplified_rtr,0.231,3e-07,7,7.0,10752,4096,-6.249908832076459e-05,-7.350000000000001e-06,0.005968312625381315,0.004031422723347153,0.009725478509481175,0.0001029,5.1450000000000004e-05
amplified_rtr,0.231,3e-07,15,15.0,23040,4096,-3.652924187887017e-05,-3.3749999999999994e-05,0.002396117350751921,0.0016168848606752384,0.003978671288245361,0.0010125,0.0005062499999999999
amplified_rtr,0.231,3e-07,31,31.0,47616,4096,-0.00016711244179332325,-0.00014415,0.0012639906100813413,0.0008427422091221437,0.0020460155899192367,0.0089373,0.00446865
amplified_rtr,0.231,3e-07,63,63.0,96768,4096,-0.0005885473439521953,-0.0005953500000000001,0.000818599159848524,0.0006294286046812092,0.0013050507754464452,0.0750141,0.03750705000000001
amplified_rtr,0.231,3e-07,127,127.0,195072,4096,-0.0024248259026787896,-0.0024193500000000002,0.0024400682351185194,0.002420187768638671,0.002779895643717681,0.6145149,0.30725745000000004
amplified_rtr,0.231,3e-07,255,255.0,391680,4096,-0.009751813680018834,-0.00975375,0.009752996797273355,0.009751482876374451,0.009947064432234476,4.9744125,2.4872062500000003
amplified_rtr,0.231,1e-06,1,1.0,1536,4096,0.0009817126517131735,-5e-07,0.03782848731050778,0.02440994173942404,0.06310566807478996,1e-06,5e-07
amplified_rtr,0.231,1e-06,3,3.0,4608,4096,0.00040620504258119793,-4.5e-06,0.013003373029230814,0.00898847179404802,0.021266355542564494,2.7e-05,1.35e-05
amplified_rtr,0.231,1e-06,7,7.0,10752,4096,5.411716117524226e-05,-2.4499999999999996e-05,0.006051463324698045,0.004012962903422096,0.009905803822076661,0.000343,0.00017149999999999997
amplified_rtr,0.231,1e-06,15,15.0,23040,4096,-0.00013331975258568124,-0.0001125,0.0024008127001183175,0.0016244618585483511,0.003943727676696651,0.003375,0.0016875
amplified_rtr,0.231,1e-06,31,31.0,47616,4096,-0.000512129509191838,-0.00048049999999999986,0.001349313579587277,0.0009101460130399447,0.0022162668167766963,0.029790999999999998,0.014895499999999996
amplified_rtr,0.231,1e-06,63,63.0,96768,4096,-0.0019610957244669265,-0.0019844999999999997,0.0020373259186160586,0.0019599513030970628,0.00267873212046163,0.25004699999999996,0.12502349999999998
amplified_rtr,0.231,1e-06,127,127.0,195072,4096,-0.008069425304388216,-0.0080645,0.008073915235066974,0.008066781172297033,0.008412674328519568,2.048383,1.0241915000000001
amplified_rtr,0.231,1e-06,255,255.0,391680,4096,-0.032511677822653455,-0.0325125,0.03251208583287886,0.032512837187839524,0.03271972204436269,16.581374999999998,8.2906875
direct_depth1_equal_cost,0.231,0.0,1,1.0,1536,4096,0.0001557249340569417,0.0,0.037402457813722936,0.02504450118828569,0.06067215349847113,0.0,0.0
direct_depth1_equal_cost,0.231,0.0,3,1.0,4608,4096,0.0003008366644120386,0.0,0.02173094206928826,0.01424319108812036,0.03603868441837019,0.0,0.0
direct_depth1_equal_cost,0.231,0.0,7,1.0,10752,4096,0.0005344132326118149,0.0,0.014453140189743106,0.00972350210839698,0.02369280434756077,0.0,0.0
direct_depth1_equal_cost,0.231,0.0,15,1.0,23040,4096,-0.00018917340639975884,0.0,0.009955063999467367,0.006744929845652295,0.01631528787034016,0.0,0.0
direct_depth1_equal_cost,0.231,0.0,31,1.0,47616,4096,-4.5899129821127964e-05,0.0,0.006723173601037493,0.004590518473316041,0.011031973979801601,0.0,0.0
direct_depth1_equal_cost,0.231,0.0,63,1.0,96768,4096,5.674600791683941e-05,0.0,0.004790713454663961,0.003177991348465692,0.007870851553653468,0.0,0.0
direct_depth1_equal_cost,0.231,0.0,127,1.0,195072,4096,1.8700345755357444e-05,0.0,0.003421282999114782,0.0022610428967923535,0.005638097439336104,0.0,0.0
direct_depth1_equal_cost,0.231,0.0,255,1.0,391680,4096,4.167154220377633e-05,0.0,0.0023972558524574545,0.00157987667345047,0.004012569646062086,0.0,0.0
amplified_rtr,0.317,0.0,1,1.0,1536,4096,0.0001793434113571867,0.0,0.036401591893337346,0.024230019645861106,0.05977642567327826,0.0,0.0
amplified_rtr,0.317,0.0,3,3.0,4608,4096,-0.00032862008791034833,0.0,0.012576389379969627,0.008677693712054624,0.020319546445952963,0.0,0.0
amplified_rtr,0.317,0.0,7,7.0,10752,4096,0.0002093806013680578,0.0,0.005918106370074218,0.004006477890625887,0.009637570290087882,0.0,0.0
amplified_rtr,0.317,0.0,15,15.0,23040,4096,2.9859816202758903e-05,0.0,0.002843227833617653,0.0019424565248472858,0.004702544421813698,0.0,0.0
amplified_rtr,0.317,0.0,31,31.0,47616,4096,7.966223925649072e-06,0.0,0.0010723106277088063,0.00070455751052656,0.0017736558796206114,0.0,0.0
amplified_rtr,0.317,0.0,63,63.0,96768,4096,-4.94105193839188e-06,0.0,0.0005792685996998913,0.00038251310884068745,0.0009553135781479871,0.0,0.0
amplified_rtr,0.317,0.0,127,127.0,195072,4096,-3.451279296029939e-06,0.0,0.000298225452352125,0.00020003358855061326,0.0004905016600187662,0.0,0.0
amplified_rtr,0.317,0.0,255,255.0,391680,4096,1.1429088101623085e-06,0.0,0.00016004438588049049,0.00010848882481107047,0.0002628469240322784,0.0,0.0
amplified_rtr,0.317,1e-09,1,1.0,1536,4096,0.00044834084469853874,-5e-10,0.0359567570847337,0.024305590569643765,0.059239306007201536,1e-09,5e-10
amplified_rtr,0.317,1e-09,3,3.0,4608,4096,-0.00016538978568452983,-4.500000000000001e-09,0.012410345619480047,0.008083880511357333,0.02051535670649246,2.7e-08,1.3500000000000002e-08
amplified_rtr,0.317,1e-09,7,7.0,10752,4096,9.898253802014929e-05,-2.45e-08,0.005854239021391216,0.004005674788352842,0.009652747262709427,3.4300000000000004e-07,1.7150000000000002e-07
amplified_rtr,0.317,1e-09,15,15.0,23040,4096,8.795134880254927e-06,-1.1250000000000002e-07,0.002754662421922334,0.0018708251426773903,0.004566033346435933,3.3750000000000003e-06,1.6875000000000004e-06
amplified_rtr,0.317,1e-09,31,31.0,47616,4096,-6.023162883984031e-06,-4.805e-07,0.0010644530542377121,0.0006941705091518258,0.001760422769985115,2.9791000000000003e-05,1.48955e-05
amplified_rtr,0.317,1e-09,63,63.0,96768,4096,3.6620272255479132e-06,-1.9845000000000002e-06,0.0005803172266556621,0.0003830445596773313,0.0009648624240194414,0.00025004700000000004,0.00012502350000000002
amplified_rtr,0.317,1e-09,127,127.0,195072,4096,-1.3046656645828637e-05,-8.0645e-06,0.00029950293097310237,0.00019901307570796556,0.000492241603014143,0.002048383,0.0010241915
amplified_rtr,0.317,1e-09,255,255.0,391680,4096,-3.458623212715891e-05,-3.25125e-05,0.00016143462786752857,0.00010816719136055863,0.00026644421409122154,0.016581375000000002,0.0082906875
amplified_rtr,0.317,3e-09,1,1.0,1536,4096,0.0006662458717300684,-1.5e-09,0.03658511440835677,0.024679707992025623,0.05976713412964679,3e-09,1.5e-09
amplified_rtr,0.317,3e-09,3,3.0,4608,4096,-0.0001916088670098172,-1.35e-08,0.01235276336102703,0.008459965073542991,0.020331753741199637,8.1e-08,4.05e-08
amplified_rtr,0.317,3e-09,7,7.0,10752,4096,4.2709060922439837e-05,-7.35e-08,0.005939055906647671,0.004119295546390872,0.009730758076960472,1.029e-06,5.145e-07
amplified_rtr,0.317,3e-09,15,15.0,23040,4096,-3.031742879205437e-05,-3.3749999999999995e-07,0.0027675092378012154,0.0018909928425961675,0.004489276718625063,1.0125e-05,5.062499999999999e-06
amplified_rtr,0.317,3e-09,31,31.0,47616,4096,1.3124128329835397e-05,-1.4415e-06,0.00105991199893721,0.0007005939667007743,0.0017318208928699674,8.9373e-05,4.46865e-05
amplified_rtr,0.317,3e-09,63,63.0,96768,4096,-1.1147649362513082e-05,-5.953500000000001e-06,0.0005695360287612421,0.0003724791485705259,0.0009259451830074816,0.000750141,0.00037507050000000003
amplified_rtr,0.317,3e-09,127,127.0,195072,4096,-1.780992895101498e-05,-2.4193499999999998e-05,0.0002967420805915054,0.0001976935432055349,0.0004900569393182508,0.006145149,0.0030725744999999995
amplified_rtr,0.317,3e-09,255,255.0,391680,4096,-0.00010466202452602854,-9.753750000000002e-05,0.0001903292939619419,0.00012967935996682778,0.0003115893586048968,0.049744125,0.024872062500000004
amplified_rtr,0.317,1e-08,1,1.0,1536,4096,-0.0011167408089655718,-5.000000000000001e-09,0.036581326727211996,0.024415005758276348,0.060175891147275645,1e-08,5.000000000000001e-09
amplified_rtr,0.317,1e-08,3,3.0,4608,4096,-0.0001113556810185878,-4.499999999999999e-08,0.012388452718622187,0.008366717269482654,0.020479648560922797,2.7e-07,1.3499999999999998e-07
amplified_rtr,0.317,1e-08,7,7.0,10752,4096,0.0001542260952681551,-2.45e-07,0.005727328402971154,0.003760447811077039,0.009494812610725684,3.43e-06,1.7149999999999999e-06
amplified_rtr,0.317,1e-08,15,15.0,23040,4096,4.716337830239277e-05,-1.125e-06,0.0028190065975596803,0.0019326682307229115,0.004685283651644945,3.375e-05,1.6875e-05
amplified_rtr,0.317,1e-08,31,31.0,47616,4096,6.051971586320783e-06,-4.805000000000001e-06,0.001057251566998128,0.0007119949189047514,0.0017428458405353564,0.00029791,0.000148955
amplified_rtr,0.317,1e-08,63,63.0,96768,4096,-2.042396716240285e-05,-1.9844999999999997e-05,0.0005857470028395901,0.00039291263585541913,0.0009607728364792179,0.00250047,0.0012502349999999997
amplified_rtr,0.317,1e-08,127,127.0,195072,4096,-7.957497156014286e-05,-8.064500000000001e-05,0.00030171512380899564,0.00020421975795445468,0.000495596417445926,0.02048383,0.010241915
amplified_rtr,0.317,1e-08,255,255.0,391680,4096,-0.0003239958370564751,-0.000325125,0.00036145614493639314,0.0003224384381415035,0.00052952032398626,0.16581375,0.082906875
amplified_rtr,0.317,3e-08,1,1.0,1536,4096,0.0006690442110453782,-1.4999999999999995e-08,0.035728718330423105,0.024122728362601292,0.057923057426818,3e-08,1.4999999999999995e-08
amplified_rtr,0.317,3e-08,3,3.0,4608,4096,-6.034736961982109e-05,-1.3499999999999998e-07,0.012614571664848244,0.00835924120945189,0.020808460593598727,8.1e-07,4.0499999999999993e-07
amplified_rtr,0.317,3e-08,7,7.0,10752,4096,-5.007677455406016e-05,-7.35e-07,0.005923712242592909,0.0039921084888503156,0.009679545303003051,1.029e-05,5.145e-06
amplified_rtr,0.317,3e-08,15,15.0,23040,4096,-1.740829927781872e-05,-3.3749999999999995e-06,0.002796983306788943,0.001871262224788145,0.004613633498859487,0.00010125,5.062499999999999e-05
amplified_rtr,0.317,3e-08,31,31.0,47616,4096,-3.206576582539289e-05,-1.4415000000000002e-05,0.0010662027452616424,0.000724070514557057,0.0017428921622131832,0.0008937299999999999,0.00044686500000000007
amplified_rtr,0.317,3e-08,63,63.0,96768,4096,-5.719823200808195e-05,-5.953499999999999e-05,0.0005813722505571092,0.00038775033347202004,0.0009698198923209778,0.007501409999999999,0.0037507049999999996
amplified_rtr,0.317,3e-08,127,127.0,195072,4096,-0.00023699337469466572,-0.00024193499999999993,0.00037569322586512074,0.000261027673558234,0.0006128350849291808,0.06145149,0.030725744999999992
amplified_rtr,0.317,3e-08,255,255.0,391680,4096,-0.0009720542342524214,-0.0009753750000000001,0.0009862683320561998,0.0009688577063507453,0.0011927620643954473,0.49744124999999995,0.24872062500000003
amplified_rtr,0.317,1e-07,1,1.0,1536,4096,0.00012258673608676044,-5.0000000000000004e-08,0.03621311311891466,0.024827809226224767,0.059322860858424475,1e-07,5.0000000000000004e-08
amplified_rtr,0.317,1e-07,3,3.0,4608,4096,-0.00019983878265721988,-4.499999999999999e-07,0.012369183697451113,0.00831417152634023,0.020384075930395956,2.7e-06,1.3499999999999996e-06
amplified_rtr,0.317,1e-07,7,7.0,10752,4096,2.990190980841018e-05,-2.45e-06,0.005713280924269942,0.0038563945432895375,0.00946799894668679,3.43e-05,1.715e-05
amplified_rtr,0.317,1e-07,15,15.0,23040,4096,3.469922167701911e-05,-1.1249999999999997e-05,0.002785855107619675,0.0018433249102540739,0.004662718495377416,0.00033749999999999996,0.00016874999999999995
amplified_rtr,0.317,1e-07,31,31.0,47616,4096,-5.274308703654223e-05,-4.8049999999999996e-05,0.001068407138035192,0.0007142345436087771,0.0017626562823601089,0.0029790999999999997,0.0014895499999999999
amplified_rtr,0.317,1e-07,63,63.0,96768,4096,-0.00020804855344188256,-0.00019844999999999997,0.0006147993180404311,0.00041031178373809873,0.001027085509717307,0.025004699999999998,0.012502349999999999
amplified_rtr,0.317,1e-07,127,127.0,195072,4096,-0.000805942293021271,-0.00080645,0.0008549211219031296,0.0008053968933131872,0.0011790374995723218,0.2048383,0.10241915
amplified_rtr,0.317,1e-07,255,255.0,391680,4096,-0.003253028118931154,-0.003251250000000001,0.0032572050310936966,0.003254193739362893,0.0034618169986295466,1.6581374999999998,0.8290687500000002
amplified_rtr,0.317,3e-07,1,1.0,1536,4096,4.6524100643859664e-05,-1.5e-07,0.03663001001324125,0.02450688464172998,0.060523532246059136,3e-07,1.5e-07
amplified_rtr,0.317,3e-07,3,3.0,4608,4096,-0.0002582212568123314,-1.35e-06,0.012566138370114164,0.008442898971658952,0.02063028183199983,8.1e-06,4.05e-06
amplified_rtr,0.317,3e-07,7,7.0,10752,4096,0.00012053725412816125,-7.350000000000001e-06,0.005761366142581698,0.003933969326122055,0.009525827831786293,0.0001029,5.1450000000000004e-05
amplified_rtr,0.317,3e-07,15,15.0,23040,4096,6.216958053152771e-06,-3.3749999999999994e-05,0.0027886329258978654,0.0018798732453765843,0.004637581429259435,0.0010125,0.0005062499999999999
amplified_rtr,0.317,3e-07,31,31.0,47616,4096,-0.0001520832622335191,-0.00014415,0.0010531433336765379,0.0006904123169502452,0.0017411295900414958,0.0089373,0.00446865
amplified_rtr,0.317,3e-07,63,63.0,96768,4096,-0.000556945422573251,-0.0005953500000000001,0.0007984996217980598,0.0005900502192833224,0.00130390192703142,0.0750141,0.03750705000000001
amplified_rtr,0.317,3e-07,127,127.0,195072,4096,-0.0024311247395557532,-0.0024193500000000002,0.002448697229291276,0.002432111189365954,0.0028017530538006763,0.6145149,0.30725745000000004
amplified_rtr,0.317,3e-07,255,255.0,391680,4096,-0.009751836949886794,-0.00975375,0.009753098849152016,0.009750337232093925,0.009952152991739682,4.9744125,2.4872062500000003
amplified_rtr,0.317,1e-06,1,1.0,1536,4096,0.0004905668053157403,-5e-07,0.03650715004402148,0.024785417375398827,0.059922129587303946,1e-06,5e-07
amplified_rtr,0.317,1e-06,3,3.0,4608,4096,-0.00018773668003916545,-4.5e-06,0.01243847987561402,0.008184069576313624,0.02043909793876464,2.7e-05,1.35e-05
amplified_rtr,0.317,1e-06,7,7.0,10752,4096,-8.838032495922266e-05,-2.4499999999999996e-05,0.005942680700475009,0.0040415936328991875,0.009805817074598155,0.000343,0.00017149999999999997
amplified_rtr,0.317,1e-06,15,15.0,23040,4096,-3.245059308016036e-05,-0.0001125,0.002781543817676652,0.0018642391437612427,0.004589784263582503,0.003375,0.0016875
amplified_rtr,0.317,1e-06,31,31.0,47616,4096,-0.00047705430590310285,-0.00048049999999999986,0.0011911345325416882,0.0008234909095254095,0.0019459020000933136,0.029790999999999998,0.014895499999999996
amplified_rtr,0.317,1e-06,63,63.0,96768,4096,-0.0019809651965812945,-0.0019844999999999997,0.0020555662664960657,0.0019743436357606836,0.0026864905214527557,0.25004699999999996,0.12502349999999998
amplified_rtr,0.317,1e-06,127,127.0,195072,4096,-0.008065921489150871,-0.0080645,0.008070696968085917,0.008063099025086756,0.00842751172945469,2.048383,1.0241915000000001
amplified_rtr,0.317,1e-06,255,255.0,391680,4096,-0.03250632207674904,-0.0325125,0.032506704346836876,0.03250648542606749,0.03270804989906401,16.581374999999998,8.2906875
direct_depth1_equal_cost,0.317,0.0,1,1.0,1536,4096,0.0010887917297433478,0.0,0.03644293971869208,0.024393706508450463,0.059728362778983496,0.0,0.0
direct_depth1_equal_cost,0.317,0.0,3,1.0,4608,4096,-2.311570095481032e-05,0.0,0.021202327005424088,0.01421532474567952,0.03476071236487932,0.0,0.0
direct_depth1_equal_cost,0.317,0.0,7,1.0,10752,4096,-0.00026530573546204334,0.0,0.01392990353207124,0.00917774511250355,0.023096489176514107,0.0,0.0
direct_depth1_equal_cost,0.317,0.0,15,1.0,23040,4096,0.0001530160898482372,0.0,0.009410082875182831,0.006242159462643865,0.015455046859913057,0.0,0.0
direct_depth1_equal_cost,0.317,0.0,31,1.0,47616,4096,-5.7126578812359785e-05,0.0,0.006371548614266842,0.0043373955247232865,0.010583200007011573,0.0,0.0
direct_depth1_equal_cost,0.317,0.0,63,1.0,96768,4096,-2.9734857957335598e-05,0.0,0.004601137171664675,0.0031602386347738542,0.00758256443245503,0.0,0.0
direct_depth1_equal_cost,0.317,0.0,127,1.0,195072,4096,4.1148596352914174e-05,0.0,0.0032358396968090388,0.002238644114682359,0.005268496120243854,0.0,0.0
direct_depth1_equal_cost,0.317,0.0,255,1.0,391680,4096,-1.6329788716674937e-05,0.0,0.0022987581234796177,0.0016078996629286801,0.003727685948269638,0.0,0.0
