timestamp,pid,free_ram_mb,commit_percent,free_disk_gb,action
"2026-08-09T07:46:59.9017983+03:00",33360,30353,37.79,15.14,continue
"2026-08-09T07:47:05.0527012+03:00",33360,29778,39.54,15.14,continue
"2026-08-09T07:47:10.2127805+03:00",33360,29510,39.63,15.14,continue
"2026-08-09T07:47:15.3986665+03:00",33360,29672,39.63,15.14,continue
"2026-08-09T07:47:20.5602000+03:00",33360,29659,39.64,15.14,continue
"2026-08-09T07:47:25.7516809+03:00",33360,29664,39.55,15.14,continue
"2026-08-09T07:47:30.9278141+03:00",33360,29788,39.55,15.14,continue
"2026-08-09T07:47:36.1172882+03:00",33360,29522,39.54,15.14,continue
"2026-08-09T07:47:41.2741807+03:00",33360,29705,39.63,15.14,continue
"2026-08-09T07:47:46.4271396+03:00",33360,29437,39.63,15.14,continue
"2026-08-09T07:47:51.6195807+03:00",33360,29918,39.23,15.14,continue
"2026-08-09T07:47:56.7865953+03:00",33360,29480,39.59,15.14,continue
"2026-08-09T07:48:01.9795470+03:00",33360,29448,39.60,15.14,continue
"2026-08-09T07:48:07.1373840+03:00",33360,29613,39.58,15.14,continue
"2026-08-09T07:48:12.3442502+03:00",33360,29692,39.50,15.14,continue
"2026-08-09T07:48:17.5034559+03:00",33360,29852,39.09,15.14,continue
"2026-08-09T07:48:22.6933469+03:00",33360,29697,39.48,15.14,continue
"2026-08-09T07:48:27.8751049+03:00",33360,29822,39.15,15.14,continue
"2026-08-09T07:48:33.0586669+03:00",33360,29760,39.14,15.14,continue
"2026-08-09T07:48:38.1718933+03:00",33360,29466,39.64,15.14,continue
"2026-08-09T07:48:43.3217113+03:00",33360,29564,39.54,15.14,continue
"2026-08-09T07:48:48.4810952+03:00",33360,29964,39.14,15.14,continue
"2026-08-09T07:48:53.6040682+03:00",33360,29661,39.41,15.14,continue
"2026-08-09T07:48:58.7502036+03:00",33360,29550,39.41,15.14,continue
"2026-08-09T07:49:03.8875172+03:00",33360,29487,39.40,15.14,continue
"2026-08-09T07:49:09.0389430+03:00",33360,29927,39.02,15.14,continue
"2026-08-09T07:49:14.1493504+03:00",33360,29601,39.40,15.14,continue
"2026-08-09T07:49:19.2783205+03:00",33360,29535,39.40,15.14,continue
"2026-08-09T07:49:24.4325479+03:00",33360,29478,39.40,15.14,continue
"2026-08-09T07:49:29.5823493+03:00",33360,29498,39.43,15.14,continue
"2026-08-09T07:49:34.7153311+03:00",33360,29725,39.40,15.14,continue
"2026-08-09T07:49:39.8663431+03:00",33360,29771,38.98,15.14,continue
"2026-08-09T07:49:45.0389699+03:00",33360,29485,39.37,15.14,continue
"2026-08-09T07:49:50.1841482+03:00",33360,29479,39.38,15.14,continue
"2026-08-09T07:49:55.3623426+03:00",33360,29493,39.38,15.14,continue
"2026-08-09T07:50:00.5120300+03:00",33360,29802,38.99,15.14,continue
"2026-08-09T07:50:05.5997550+03:00",33360,29485,39.37,15.14,continue
"2026-08-09T07:50:10.7676742+03:00",33360,29885,38.98,15.14,continue
"2026-08-09T07:50:15.8849447+03:00",33360,29955,38.98,15.14,continue
"2026-08-09T07:50:21.0418634+03:00",33360,29869,38.98,15.14,continue
"2026-08-09T07:50:26.1948488+03:00",33360,29730,38.99,15.14,continue
"2026-08-09T07:50:31.3532910+03:00",33360,29801,38.98,15.14,continue
"2026-08-09T07:50:36.5417355+03:00",33360,29966,38.98,15.14,continue
"2026-08-09T07:50:41.6949823+03:00",33360,29778,38.99,15.14,continue
"2026-08-09T07:50:46.8576732+03:00",33360,29471,39.39,15.14,continue
"2026-08-09T07:50:52.0190535+03:00",33360,29485,39.38,15.14,continue
"2026-08-09T07:50:57.1672068+03:00",33360,29647,39.37,15.14,continue
"2026-08-09T07:51:02.2850062+03:00",33360,29970,38.99,15.14,continue
"2026-08-09T07:51:07.4384251+03:00",33360,29477,39.38,15.14,continue
"2026-08-09T07:51:12.5863542+03:00",33360,29632,39.38,15.14,continue
"2026-08-09T07:51:17.7385334+03:00",33360,29791,38.98,15.14,continue
"2026-08-09T07:51:22.8654858+03:00",33360,29685,39.37,15.14,continue
"2026-08-09T07:51:28.0245915+03:00",33360,29980,38.98,15.14,continue
"2026-08-09T07:51:33.1697006+03:00",33360,29863,38.97,15.14,continue
"2026-08-09T07:51:38.2945411+03:00",33360,29916,38.97,15.14,continue
"2026-08-09T07:51:43.4611303+03:00",33360,29989,38.98,15.14,continue
"2026-08-09T07:51:48.5790837+03:00",33360,29475,39.38,15.14,continue
"2026-08-09T07:51:53.7196850+03:00",33360,29906,38.99,15.14,continue
"2026-08-09T07:51:58.8852566+03:00",33360,29481,39.38,15.14,continue
"2026-08-09T07:52:04.0171111+03:00",33360,29717,39.38,15.14,continue
"2026-08-09T07:52:09.1795946+03:00",33360,29608,39.38,15.14,continue
"2026-08-09T07:52:14.3352719+03:00",33360,29745,38.99,15.14,continue
"2026-08-09T07:52:19.4867408+03:00",33360,29717,39.38,15.14,continue
"2026-08-09T07:52:24.6581215+03:00",33360,29649,39.39,15.14,continue
"2026-08-09T07:52:29.7451329+03:00",33360,29761,38.99,15.14,continue
"2026-08-09T07:52:34.9168195+03:00",33360,29477,39.38,15.14,continue
"2026-08-09T07:52:40.0854325+03:00",33360,29674,39.40,15.14,continue
"2026-08-09T07:52:45.2397340+03:00",33360,29598,39.40,15.14,continue
"2026-08-09T07:52:50.3853405+03:00",33360,29678,39.40,15.14,continue
"2026-08-09T07:52:55.5179521+03:00",33360,29534,39.40,15.14,continue
"2026-08-09T07:53:00.6617867+03:00",33360,29917,39.02,15.14,continue
"2026-08-09T07:53:05.7814456+03:00",33360,25159,92.80,15.14,warning-1
"2026-08-09T07:53:10.9262668+03:00",33360,19714,92.76,15.14,warning-2
