petal_size,internal_edges,hub_neighbors,leaf_count,signatures,best_time,best_slope,best_r2,k3_difference,screen_records
3,[],"[0, 1, 2]",1,"['Ds_', 'GsaCC?', 'JsaCCA?_C??']",10.0,0.18091954788818096,0.9947495567124875,0.10664013919957772,"{""10.0"": {""absolute_differences"": [0.17265651295632362, 0.1491324634787458, 0.10664013919957772], ""fit"": {""intercept"": 0.16923426450785323, ""r2"": 0.9947495567124875, ""slope"": 0.18091954788818096}, ""log_ratios"": [0.3425651370204904, 0.5462507110353029, 0.7044042327968525]}, ""5.0"": {""absolute_differences"": [0.15219926544072926, 0.1273247364837582, 0.10619627226489137], ""fit"": {""intercept"": 0.19644010841288087, ""r2"": 0.9990330050782557, ""slope"": -0.019485938754549237}, ""log_ratios"": [0.17730418161819506, 0.15676820698405558, 0.13833230410909664]}}"
2,[],"[0, 1]",2,"['Ds_', 'FsaC?', 'HsaCCA?']",10.0,0.14833929526287531,0.978394724439288,0.1407792131199589,"{""10.0"": {""absolute_differences"": [0.17265651295632362, 0.15336893275872981, 0.1407792131199589], ""fit"": {""intercept"": 0.18149906465812077, ""r2"": 0.978394724439288, ""slope"": 0.14833929526287531}, ""log_ratios"": [0.3425651370204904, 0.452724100984882, 0.6392437275462413]}, ""5.0"": {""absolute_differences"": [0.15219926544072926, 0.13575459487003694, 0.11957514449987683], ""fit"": {""intercept"": 0.19113658444749393, ""r2"": 0.999560034418088, ""slope"": -0.013666859000150832}, ""log_ratios"": [0.17730418161819506, 0.16413395410548834, 0.14997046361789343]}}"
3,[],"[0, 1, 2]",2,"['Esa?', 'HsaCCA?', 'KsaCCA?_C?O?']",10.0,0.12668362700213123,0.7227482663121243,0.08293294692868865,"{""10.0"": {""absolute_differences"": [0.15715522266089033, 0.1407792131199589, 0.08293294692868865], ""fit"": {""intercept"": 0.2952753750775985, ""r2"": 0.7227482663121243, ""slope"": 0.12668362700213123}, ""log_ratios"": [0.3766584528475394, 0.6392437275462413, 0.630025706851802]}, ""5.0"": {""absolute_differences"": [0.14437456736361354, 0.11957514449987683, 0.10040819929025169], ""fit"": {""intercept"": 0.18962513204717943, ""r2"": 0.9947111887533079, ""slope"": -0.019026347470546642}, ""log_ratios"": [0.17139977132072914, 0.14997046361789343, 0.13334707637963594]}}"
2,[],"[0, 1]",1,"['Cs', 'Esa?', 'GsaCC?']",10.0,0.11415012087394699,0.9270992257951093,0.1491324634787458,"{""10.0"": {""absolute_differences"": [0.19272977059418817, 0.15715522266089033, 0.1491324634787458], ""fit"": {""intercept"": 0.18531963597552317, ""r2"": 0.9270992257951093, ""slope"": 0.11415012087394699}, ""log_ratios"": [0.3179504692874089, 0.3766584528475394, 0.5462507110353029]}, ""5.0"": {""absolute_differences"": [0.16320986394418946, 0.14437456736361354, 0.1273247364837582], ""fit"": {""intercept"": 0.20182491336305503, ""r2"": 0.9997212784942333, ""slope"": -0.015067319350040588}, ""log_ratios"": [0.1869028456841367, 0.17139977132072914, 0.15676820698405558]}}"
3,"[[0, 2], [1, 2]]",[2],2,"['EoAW', 'HoAW?AB', 'KoAW?AB???OB']",10.0,0.06732692525909158,0.8109296500778065,0.08763522023928774,"{""10.0"": {""absolute_differences"": [0.21307566205330658, 0.14610486780552676, 0.08763522023928774], ""fit"": {""intercept"": 0.5083875901220263, ""r2"": 0.8109296500778065, ""slope"": 0.06732692525909158}, ""log_ratios"": [0.5569452066522076, 0.6805800580980291, 0.691599057170391]}, ""5.0"": {""absolute_differences"": [0.09161254678856345, 0.018954896193938975, 0.016125085272541917], ""fit"": {""intercept"": 0.21215809355997434, ""r2"": 0.9921608809034373, ""slope"": -0.08456882758961978}, ""log_ratios"": [0.13192929129772563, 0.03434038772599276, -0.0372083638815139]}}"
3,"[[0, 1], [1, 2]]",[1],2,"['EocG', 'HocGCC@', 'KocGCC@?C?_@']",10.0,0.06732692525909018,0.8109296500778089,0.08763522023928726,"{""10.0"": {""absolute_differences"": [0.21307566205330652, 0.14610486780552584, 0.08763522023928726], ""fit"": {""intercept"": 0.5083875901220264, ""r2"": 0.8109296500778089, ""slope"": 0.06732692525909018}, ""log_ratios"": [0.5569452066522073, 0.6805800580980257, 0.6915990571703878]}, ""5.0"": {""absolute_differences"": [0.09161254678856379, 0.01895489619393964, 0.016125085272540363], ""fit"": {""intercept"": 0.212158093559973, ""r2"": 0.9921608809034358, ""slope"": -0.08456882758961823}, ""log_ratios"": [0.1319292912977262, 0.034340387725993834, -0.037208363881510206]}}"
3,"[[0, 1], [0, 2]]",[0],2,"['EsCO', 'HsCS?CA', 'KsCS?CA_??_A']",10.0,0.06732692525908629,0.8109296500777924,0.08763522023928687,"{""10.0"": {""absolute_differences"": [0.21307566205330786, 0.14610486780552534, 0.08763522023928687], ""fit"": {""intercept"": 0.5083875901220338, ""r2"": 0.8109296500777924, ""slope"": 0.06732692525908629}, ""log_ratios"": [0.5569452066522106, 0.680580058098025, 0.6915990571703835]}, ""5.0"": {""absolute_differences"": [0.09161254678856434, 0.018954896193939086, 0.016125085272540196], ""fit"": {""intercept"": 0.21215809355997378, ""r2"": 0.992160880903434, ""slope"": -0.08456882758961853}, ""log_ratios"": [0.13192929129772718, 0.034340387725992974, -0.03720836388150986]}}"
3,"[[0, 2], [1, 2]]","[0, 1]",2,"['Es_W', 'Hs_[C?B', 'Ks_[C?B_C??B']",10.0,0.052850626653075584,0.7023249273297235,0.05155601618277218,"{""10.0"": {""absolute_differences"": [0.10725038853413188, 0.06204254830826786, 0.05155601618277218], ""fit"": {""intercept"": 0.1692918050209551, ""r2"": 0.7023249273297235, ""slope"": 0.052850626653075584}, ""log_ratios"": [0.24200757516711907, 0.23526277134092913, 0.3477088284732703]}, ""5.0"": {""absolute_differences"": [0.17713452457574408, 0.12914643716280838, 0.09248665560975838], ""fit"": {""intercept"": 0.2877955259273832, ""r2"": 0.9915356358538808, ""slope"": -0.013959045083063698}, ""log_ratios"": [0.2730918550296028, 0.26136668739068947, 0.24517376486347547]}}"
3,"[[0, 1], [0, 2]]","[1, 2]",2,"['EoeO', 'HoeOCEA', 'KoeOCEA?C?oA']",10.0,0.052850626653074786,0.702324927329684,0.0515560161827717,"{""10.0"": {""absolute_differences"": [0.1072503885341316, 0.06204254830826597, 0.0515560161827717], ""fit"": {""intercept"": 0.16929180502095303, ""r2"": 0.702324927329684, ""slope"": 0.052850626653074786}, ""log_ratios"": [0.24200757516711785, 0.23526277134092244, 0.3477088284732675]}, ""5.0"": {""absolute_differences"": [0.1771345245757442, 0.129146437162808, 0.09248665560976049], ""fit"": {""intercept"": 0.2877955259273806, ""r2"": 0.991535635853904, ""slope"": -0.013959045083061469}, ""log_ratios"": [0.27309185502960337, 0.2613666873906888, 0.24517376486348053]}}"
3,"[[0, 1], [1, 2]]","[0, 2]",2,"['EsEG', 'HsEK?E@', 'KsEK?E@_??o@']",10.0,0.052850626653071255,0.7023249273297021,0.05155601618277095,"{""10.0"": {""absolute_differences"": [0.10725038853413177, 0.062042548308267026, 0.05155601618277095], ""fit"": {""intercept"": 0.1692918050209597, ""r2"": 0.7023249273297021, ""slope"": 0.052850626653071255}, ""log_ratios"": [0.24200757516711874, 0.2352627713409263, 0.34770882847326134]}, ""5.0"": {""absolute_differences"": [0.17713452457574408, 0.12914643716280932, 0.09248665560976066], ""fit"": {""intercept"": 0.28779552592738067, ""r2"": 0.9915356358538855, ""slope"": -0.01395904508306102}, ""log_ratios"": [0.2730918550296032, 0.2613666873906915, 0.24517376486348122]}}"
3,"[[0, 1]]","[1, 2]",2,"['Eoe?', 'Hoe?CE?', 'Koe?CE??C?o?']",10.0,0.03620523396492294,0.8850526579707011,0.1480601240338164,"{""10.0"": {""absolute_differences"": [0.19855985550723398, 0.18037572072732855, 0.1480601240338164], ""fit"": {""intercept"": 0.32125044410627723, ""r2"": 0.8850526579707011, ""slope"": 0.03620523396492294}, ""log_ratios"": [0.3499225449465906, 0.4087271782853422, 0.42233301287643654]}, ""5.0"": {""absolute_differences"": [0.1347494855094412, 0.12143100222964431, 0.10922193721554141], ""fit"": {""intercept"": 0.16395781953833144, ""r2"": 0.99956138769862, ""slope"": -0.012380049538526814}, ""log_ratios"": [0.15172749606911093, 0.13889826832266522, 0.12696739699205736]}}"
3,"[[0, 2]]","[1, 2]",2,"['EoaO', 'HoaOCAA', 'KoaOCAA?C?OA']",10.0,0.03620523396492276,0.8850526579706921,0.1480601240338162,"{""10.0"": {""absolute_differences"": [0.19855985550723387, 0.18037572072732877, 0.1480601240338162], ""fit"": {""intercept"": 0.32125044410627734, ""r2"": 0.8850526579706921, ""slope"": 0.03620523396492276}, ""log_ratios"": [0.34992254494659014, 0.40872717828534255, 0.4223330128764358]}, ""5.0"": {""absolute_differences"": [0.13474948550944155, 0.1214310022296432, 0.10922193721554041], ""fit"": {""intercept"": 0.16395781953833222, ""r2"": 0.9995613876986184, ""slope"": -0.012380049538527494}, ""log_ratios"": [0.15172749606911132, 0.13889826832266405, 0.1269673969920564]}}"
3,"[[1, 2]]","[0, 1]",2,"['Es_G', 'Hs_KC?@', 'Ks_KC?@_C??@']",10.0,0.03620523396492174,0.8850526579707008,0.14806012403381602,"{""10.0"": {""absolute_differences"": [0.19855985550723465, 0.18037572072732816, 0.14806012403381602], ""fit"": {""intercept"": 0.32125044410627923, ""r2"": 0.8850526579707008, ""slope"": 0.03620523396492174}, ""log_ratios"": [0.34992254494659153, 0.40872717828534133, 0.4223330128764351]}, ""5.0"": {""absolute_differences"": [0.13474948550944144, 0.12143100222964454, 0.10922193721554063], ""fit"": {""intercept"": 0.16395781953833238, ""r2"": 0.9995613876986215, ""slope"": -0.012380049538527307}, ""log_ratios"": [0.15172749606911112, 0.1388982683226656, 0.12696739699205659]}}"
3,"[[0, 2]]","[0, 1]",2,"['Es_O', 'Hs_SC?A', 'Ks_SC?A_C??A']",10.0,0.036205233964921715,0.8850526579706802,0.14806012403381597,"{""10.0"": {""absolute_differences"": [0.19855985550723448, 0.1803757207273291, 0.14806012403381597], ""fit"": {""intercept"": 0.32125044410627973, ""r2"": 0.8850526579706802, ""slope"": 0.036205233964921715}, ""log_ratios"": [0.34992254494659136, 0.40872717828534344, 0.42233301287643493]}, ""5.0"": {""absolute_differences"": [0.1347494855094421, 0.12143100222964476, 0.10922193721554063], ""fit"": {""intercept"": 0.1639578195383336, ""r2"": 0.9995613876986215, ""slope"": -0.0123800495385277}, ""log_ratios"": [0.1517274960691119, 0.138898268322666, 0.12696739699205659]}}"
3,"[[1, 2]]","[0, 2]",2,"['EsAG', 'HsAK?A@', 'KsAK?A@_??O@']",10.0,0.03620523396492036,0.8850526579706841,0.1480601240338149,"{""10.0"": {""absolute_differences"": [0.1985598555072341, 0.1803757207273276, 0.1480601240338149], ""fit"": {""intercept"": 0.3212504441062797, ""r2"": 0.8850526579706841, ""slope"": 0.03620523396492036}, ""log_ratios"": [0.3499225449465903, 0.4087271782853397, 0.42233301287643116]}, ""5.0"": {""absolute_differences"": [0.134749485509441, 0.1214310022296452, 0.10922193721553997], ""fit"": {""intercept"": 0.1639578195383327, ""r2"": 0.999561387698624, ""slope"": -0.012380049538527508}, ""log_ratios"": [0.15172749606911073, 0.13889826832266636, 0.1269673969920558]}}"
3,"[[0, 1]]","[0, 2]",2,"['EsE?', 'HsEC?E?', 'KsEC?E?_??o?']",10.0,0.03620523396491985,0.885052657970681,0.14806012403381524,"{""10.0"": {""absolute_differences"": [0.19855985550723498, 0.18037572072732827, 0.14806012403381524], ""fit"": {""intercept"": 0.3212504441062827, ""r2"": 0.885052657970681, ""slope"": 0.03620523396491985}, ""log_ratios"": [0.34992254494659264, 0.4087271782853415, 0.42233301287643243]}, ""5.0"": {""absolute_differences"": [0.13474948550944088, 0.12143100222964442, 0.10922193721554063], ""fit"": {""intercept"": 0.16395781953833163, ""r2"": 0.9995613876986217, ""slope"": -0.012380049538527104}, ""log_ratios"": [0.15172749606911057, 0.1388982683226654, 0.1269673969920564]}}"
3,"[[0, 1], [0, 2]]","[1, 2]",1,"['Ddg', 'GdgCKG', 'JdgCKG?_K@?']",10.0,0.028672119671478993,0.9575760988942515,0.04114403924816179,"{""10.0"": {""absolute_differences"": [0.08884104795970538, 0.05809597536767569, 0.04114403924816179], ""fit"": {""intercept"": 0.1301036044667206, ""r2"": 0.9575760988942515, ""slope"": 0.028672119671478993}, ""log_ratios"": [0.16226004246618933, 0.18047920715369897, 0.2196042818091474]}, ""5.0"": {""absolute_differences"": [0.23444867101457945, 0.1535753262180567, 0.10528081449147542], ""fit"": {""intercept"": 0.41270683527134155, ""r2"": 0.9769838001386122, ""slope"": -0.046507162199108304}, ""log_ratios"": [0.3703209551618214, 0.3114499466939485, 0.27730663076360496]}}"
3,"[[0, 1], [1, 2]]","[0, 2]",1,"['Dpc', 'Gpe?KC', 'Jpe?KE??K?_']",10.0,0.02867211967147894,0.9575760988942463,0.041144039248161596,"{""10.0"": {""absolute_differences"": [0.08884104795970493, 0.05809597536767519, 0.041144039248161596], ""fit"": {""intercept"": 0.13010360446671954, ""r2"": 0.9575760988942463, ""slope"": 0.02867211967147894}, ""log_ratios"": [0.1622600424661884, 0.1804792071536973, 0.21960428180914635]}, ""5.0"": {""absolute_differences"": [0.23444867101457922, 0.15357532621805775, 0.10528081449147492], ""fit"": {""intercept"": 0.412706835271342, ""r2"": 0.9769838001386224, ""slope"": -0.04650716219910847}, ""log_ratios"": [0.3703209551618208, 0.31144994669395043, 0.27730663076360396]}}"
3,"[[0, 2], [1, 2]]","[0, 1]",1,"['DsK', 'GsMC?K', 'JsMC?M?_?@_']",10.0,0.028672119671478077,0.9575760988942316,0.04114403924816171,"{""10.0"": {""absolute_differences"": [0.08884104795970638, 0.058095975367675134, 0.04114403924816171], ""fit"": {""intercept"": 0.13010360446672245, ""r2"": 0.9575760988942316, ""slope"": 0.028672119671478077}, ""log_ratios"": [0.16226004246619102, 0.1804792071536975, 0.21960428180914723]}, ""5.0"": {""absolute_differences"": [0.23444867101457867, 0.15357532621805642, 0.1052808144914747], ""fit"": {""intercept"": 0.4127068352713406, ""r2"": 0.9769838001386166, ""slope"": -0.046507162199108346}, ""log_ratios"": [0.3703209551618199, 0.31144994669394815, 0.27730663076360346]}}"
3,"[[0, 2], [1, 2]]","[1, 2]",2,"['EoaW', 'HoaWCAB', 'KoaWCAB?C?OB']",10.0,0.006869066283370762,0.046762810437356306,0.06525292376440897,"{""10.0"": {""absolute_differences"": [0.1811362296150939, 0.11852191999189124, 0.06525292376440897], ""fit"": {""intercept"": 0.46207039119863064, ""r2"": 0.046762810437356306, ""slope"": 0.006869066283370762}, ""log_ratios"": [0.45103392394281294, 0.5116195908437489, 0.46477205650955455]}, ""5.0"": {""absolute_differences"": [0.10330620288189063, 0.06844218653251999, 0.046684294146266514], ""fit"": {""intercept"": 0.16595032056267098, ""r2"": 0.988286931336916, ""slope"": -0.01691936610588483}, ""log_ratios"": [0.15009440495459986, 0.12998468735527385, 0.11625567274283023]}}"
3,"[[0, 2], [1, 2]]","[0, 2]",2,"['EsAW', 'HsA[?AB', 'KsA[?AB_??OB']",10.0,0.006869066283369327,0.046762810437339764,0.06525292376440879,"{""10.0"": {""absolute_differences"": [0.1811362296150943, 0.11852191999189124, 0.06525292376440879], ""fit"": {""intercept"": 0.4620703911986333, ""r2"": 0.046762810437339764, ""slope"": 0.006869066283369327}, ""log_ratios"": [0.45103392394281405, 0.5116195908437489, 0.4647720565095529]}, ""5.0"": {""absolute_differences"": [0.10330620288189074, 0.06844218653252032, 0.046684294146266625], ""fit"": {""intercept"": 0.16595032056267126, ""r2"": 0.9882869313369192, ""slope"": -0.01691936610588474}, ""log_ratios"": [0.15009440495460005, 0.12998468735527463, 0.11625567274283062]}}"
3,"[[0, 1], [1, 2]]","[0, 1]",2,"['EscG', 'HscKCC@', 'KscKCC@_C?_@']",10.0,0.006869066283368439,0.04676281043733266,0.06525292376440844,"{""10.0"": {""absolute_differences"": [0.18113622961509435, 0.11852191999189032, 0.06525292376440844], ""fit"": {""intercept"": 0.4620703911986336, ""r2"": 0.04676281043733266, ""slope"": 0.006869066283368439}, ""log_ratios"": [0.45103392394281405, 0.5116195908437456, 0.46477205650955117]}, ""5.0"": {""absolute_differences"": [0.1033062028818913, 0.06844218653252004, 0.04668429414626829], ""fit"": {""intercept"": 0.16595032056266956, ""r2"": 0.9882869313368938, ""slope"": -0.016919366105883214}, ""log_ratios"": [0.150094404954601, 0.12998468735527385, 0.11625567274283458]}}"
3,"[[0, 1], [1, 2]]","[1, 2]",2,"['EoeG', 'HoeGCE@', 'KoeGCE@?C?o@']",10.0,0.006869066283367964,0.04676281043732322,0.0652529237644083,"{""10.0"": {""absolute_differences"": [0.18113622961509424, 0.11852191999189052, 0.0652529237644083], ""fit"": {""intercept"": 0.46207039119863413, ""r2"": 0.04676281043732322, ""slope"": 0.006869066283367964}, ""log_ratios"": [0.4510339239428138, 0.5116195908437468, 0.46477205650954995]}, ""5.0"": {""absolute_differences"": [0.10330620288189196, 0.06844218653251943, 0.04668429414626846], ""fit"": {""intercept"": 0.16595032056267023, ""r2"": 0.9882869313368807, ""slope"": -0.016919366105883522}, ""log_ratios"": [0.15009440495460197, 0.1299846873552727, 0.11625567274283498]}}"
3,"[[0, 1], [0, 2]]","[0, 1]",2,"['EscO', 'HscSCCA', 'KscSCCA_C?_A']",10.0,0.006869066283367692,0.04676281043732622,0.06525292376440842,"{""10.0"": {""absolute_differences"": [0.181136229615095, 0.11852191999188957, 0.06525292376440842], ""fit"": {""intercept"": 0.4620703911986344, ""r2"": 0.04676281043732622, ""slope"": 0.006869066283367692}, ""log_ratios"": [0.45103392394281533, 0.5116195908437432, 0.4647720565095509]}, ""5.0"": {""absolute_differences"": [0.10330620288189041, 0.06844218653251993, 0.04668429414626907], ""fit"": {""intercept"": 0.16595032056266626, ""r2"": 0.9882869313368898, ""slope"": -0.01691936610588149}, ""log_ratios"": [0.15009440495459947, 0.12998468735527385, 0.11625567274283656]}}"
3,"[[0, 1], [0, 2]]","[0, 2]",2,"['EsEO', 'HsES?EA', 'KsES?EA_??oA']",10.0,0.006869066283365875,0.04676281043730268,0.06525292376440804,"{""10.0"": {""absolute_differences"": [0.18113622961509512, 0.11852191999188921, 0.06525292376440804], ""fit"": {""intercept"": 0.46207039119863635, ""r2"": 0.04676281043730268, ""slope"": 0.006869066283365875}, ""log_ratios"": [0.4510339239428156, 0.5116195908437412, 0.46477205650954756]}, ""5.0"": {""absolute_differences"": [0.1033062028818913, 0.06844218653251899, 0.0466842941462684], ""fit"": {""intercept"": 0.16595032056266887, ""r2"": 0.9882869313368788, ""slope"": -0.016919366105883148}, ""log_ratios"": [0.150094404954601, 0.1299846873552719, 0.11625567274283477]}}"
3,"[[0, 1], [1, 2]]","[0, 1, 2]",1,"['Dtc', 'GteCKC', 'JteCKE?_K?_']",10.0,0.004429841529500188,0.02098135364150122,0.07377113676697719,"{""10.0"": {""absolute_differences"": [0.2062720652028165, 0.1350286913823937, 0.07377113676697719], ""fit"": {""intercept"": 0.44038424786088887, ""r2"": 0.02098135364150122, ""slope"": 0.004429841529500188}, ""log_ratios"": [0.4273435508443809, 0.48418500801190556, 0.4362032339033814]}, ""5.0"": {""absolute_differences"": [0.1334408649434906, 0.08851600564981094, 0.06009907305126916], ""fit"": {""intercept"": 0.21500816266082548, ""r2"": 0.9908154903309849, ""slope"": -0.022490915221894628}, ""log_ratios"": [0.1937674434104905, 0.16752594027391698, 0.1487856129667013]}}"
3,"[[0, 1], [0, 2]]","[0, 1, 2]",1,"['Dtg', 'GtiCKG', 'JtiCKI?_K@?']",10.0,0.004429841529499831,0.02098135364149656,0.07377113676697697,"{""10.0"": {""absolute_differences"": [0.2062720652028161, 0.13502869138239407, 0.07377113676697697], ""fit"": {""intercept"": 0.44038424786088914, ""r2"": 0.02098135364149656, ""slope"": 0.004429841529499831}, ""log_ratios"": [0.4273435508443799, 0.4841850080119072, 0.4362032339033797]}, ""5.0"": {""absolute_differences"": [0.13344086494348983, 0.08851600564981066, 0.06009907305126977], ""fit"": {""intercept"": 0.21500816266082304, ""r2"": 0.9908154903309815, ""slope"": -0.022490915221893414}, ""log_ratios"": [0.1937674434104894, 0.1675259402739166, 0.14878561296670265]}}"
3,"[[0, 2], [1, 2]]","[0, 1, 2]",1,"['Dsk', 'GsmCCK', 'JsmCCM?_C@_']",10.0,0.004429841529498218,0.02098135364148268,0.07377113676697666,"{""10.0"": {""absolute_differences"": [0.20627206520281688, 0.13502869138239354, 0.07377113676697666], ""fit"": {""intercept"": 0.4403842478608918, ""r2"": 0.02098135364148268, ""slope"": 0.004429841529498218}, ""log_ratios"": [0.42734355084438136, 0.48418500801190595, 0.43620323390337795]}, ""5.0"": {""absolute_differences"": [0.1334408649434905, 0.08851600564981055, 0.0600990730512696], ""fit"": {""intercept"": 0.21500816266082456, ""r2"": 0.9908154903309799, ""slope"": -0.022490915221894014}, ""log_ratios"": [0.1937674434104905, 0.1675259402739166, 0.14878561296670245]}}"
3,"[[0, 1], [1, 2]]",[2],1,"['D`c', 'G`c?KC', 'J`c?KC??K?_']",10.0,0.0037568959788497804,0.0055275834046035754,0.03008174034404615,"{""10.0"": {""absolute_differences"": [0.08167461026010736, 0.07484347323117208, 0.03008174034404615], ""fit"": {""intercept"": 0.17348617415910406, ""r2"": 0.0055275834046035754, ""slope"": 0.0037568959788497804}, ""log_ratios"": [0.148149483651548, 0.23918713908961514, 0.15566327560924764]}, ""5.0"": {""absolute_differences"": [0.24941701126390037, 0.16213707558555368, 0.11442961439730781], ""fit"": {""intercept"": 0.43950193681840616, ""r2"": 0.9408821302709038, ""slope"": -0.04694182589735386}, ""log_ratios"": [0.39935357258442333, 0.33203136169695646, 0.30546992078971563]}}"
3,"[[0, 1], [0, 2]]",[1],1,"['DdG', 'GdGCGG', 'JdGCGG?_G@?']",10.0,0.0037568959788490263,0.005527583404601466,0.0300817403440459,"{""10.0"": {""absolute_differences"": [0.08167461026010736, 0.07484347323117169, 0.0300817403440459], ""fit"": {""intercept"": 0.17348617415910458, ""r2"": 0.005527583404601466, ""slope"": 0.0037568959788490263}, ""log_ratios"": [0.148149483651548, 0.23918713908961373, 0.15566327560924612]}, ""5.0"": {""absolute_differences"": [0.24941701126389992, 0.16213707558555318, 0.11442961439730842], ""fit"": {""intercept"": 0.4395019368184043, ""r2"": 0.9408821302708954, ""slope"": -0.046941825897352844}, ""log_ratios"": [0.3993535725844227, 0.3320313616969558, 0.30546992078971713]}}"
3,"[[0, 1], [1, 2]]",[0],1,"['DpC', 'GpE?GC', 'JpE?GE??G?_']",10.0,0.003756895978848835,0.005527583404600911,0.030081740344045926,"{""10.0"": {""absolute_differences"": [0.0816746102601077, 0.0748434732311718, 0.030081740344045926], ""fit"": {""intercept"": 0.17348617415910528, ""r2"": 0.005527583404600911, ""slope"": 0.003756895978848835}, ""log_ratios"": [0.1481494836515486, 0.2391871390896141, 0.1556632756092463]}, ""5.0"": {""absolute_differences"": [0.24941701126390037, 0.16213707558555368, 0.11442961439730809], ""fit"": {""intercept"": 0.4395019368184056, ""r2"": 0.9408821302709003, ""slope"": -0.04694182589735337}, ""log_ratios"": [0.39935357258442333, 0.33203136169695646, 0.30546992078971663]}}"
3,"[[0, 2], [1, 2]]",[1],1,"['DcK', 'GcKC?K', 'JcKC?K?_?@_']",10.0,0.003756895978848436,0.005527583404599468,0.030081740344045788,"{""10.0"": {""absolute_differences"": [0.08167461026010792, 0.07484347323117185, 0.030081740344045788], ""fit"": {""intercept"": 0.17348617415910628, ""r2"": 0.005527583404599468, ""slope"": 0.003756895978848436}, ""log_ratios"": [0.14814948365154879, 0.23918713908961478, 0.15566327560924575]}, ""5.0"": {""absolute_differences"": [0.2494170112639008, 0.16213707558555235, 0.11442961439730759], ""fit"": {""intercept"": 0.4395019368184073, ""r2"": 0.9408821302708918, ""slope"": -0.04694182589735472}, ""log_ratios"": [0.39935357258442433, 0.3320313616969542, 0.30546992078971513]}}"
3,"[[0, 2], [1, 2]]",[0],1,"['DoK', 'GoM??K', 'JoM??M???@_']",10.0,0.0037568959788482708,0.005527583404600023,0.030081740344045954,"{""10.0"": {""absolute_differences"": [0.08167461026010858, 0.07484347323117163, 0.030081740344045954], ""fit"": {""intercept"": 0.17348617415910705, ""r2"": 0.005527583404600023, ""slope"": 0.0037568959788482708}, ""log_ratios"": [0.14814948365155012, 0.23918713908961392, 0.1556632756092467]}, ""5.0"": {""absolute_differences"": [0.2494170112639008, 0.16213707558555235, 0.11442961439730809], ""fit"": {""intercept"": 0.4395019368184063, ""r2"": 0.940882130270886, ""slope"": -0.046941825897353975}, ""log_ratios"": [0.39935357258442433, 0.3320313616969542, 0.30546992078971663]}}"
3,"[[0, 1], [0, 2]]",[2],1,"['D`g', 'G`g?KG', 'J`g?KG??K@?']",10.0,0.003756895978847989,0.0055275834045985794,0.030081740344045843,"{""10.0"": {""absolute_differences"": [0.08167461026010825, 0.07484347323117219, 0.030081740344045843], ""fit"": {""intercept"": 0.17348617415910766, ""r2"": 0.0055275834045985794, ""slope"": 0.003756895978847989}, ""log_ratios"": [0.14814948365154973, 0.23918713908961547, 0.15566327560924575]}, ""5.0"": {""absolute_differences"": [0.24941701126389992, 0.1621370755855529, 0.11442961439730881], ""fit"": {""intercept"": 0.43950193681840316, ""r2"": 0.9408821302708876, ""slope"": -0.04694182589735228}, ""log_ratios"": [0.3993535725844227, 0.3320313616969552, 0.30546992078971824]}}"
3,"[[0, 1], [0, 2]]","[0, 2]",1,"['Dpg', 'Gpi?KG', 'Jpi?KI??K@?']",10.0,0.0034200274706521895,0.0760024077624073,0.07849441665469484,"{""10.0"": {""absolute_differences"": [0.22057004335473746, 0.13608645109675221, 0.07849441665469484], ""fit"": {""intercept"": 0.4684664821531487, ""r2"": 0.0760024077624073, ""slope"": 0.0034200274706521895}, ""log_ratios"": [0.46500171941092633, 0.4890761175202019, 0.47184177435223085]}, ""5.0"": {""absolute_differences"": [0.1324023324744268, 0.0664709752071384, 0.046367977786008374], ""fit"": {""intercept"": 0.22198276238080872, ""r2"": 0.8457011095764264, ""slope"": -0.03965811399491334}, ""log_ratios"": [0.19210477282732671, 0.12310628550811953, 0.11278854483750009]}}"
3,"[[0, 1], [1, 2]]","[0, 1]",1,"['DtC', 'GtECGC', 'JtECGE?_G?_']",10.0,0.003420027470650562,0.07600240776228706,0.0784944166546945,"{""10.0"": {""absolute_differences"": [0.22057004335473784, 0.13608645109675382, 0.0784944166546945], ""fit"": {""intercept"": 0.4684664821531539, ""r2"": 0.07600240776228706, ""slope"": 0.003420027470650562}, ""log_ratios"": [0.4650017194109273, 0.48907611752020924, 0.4718417743522285]}, ""5.0"": {""absolute_differences"": [0.13240233247442723, 0.06647097520713952, 0.046367977786007764], ""fit"": {""intercept"": 0.2219827623808111, ""r2"": 0.845701109576454, ""slope"": -0.03965811399491432}, ""log_ratios"": [0.19210477282732727, 0.1231062855081215, 0.1127885448374987]}}"
3,"[[0, 1], [0, 2]]","[0, 1]",1,"['DtG', 'GtICGG', 'JtICGI?_G@?']",10.0,0.003420027470649652,0.07600240776224498,0.07849441665469431,"{""10.0"": {""absolute_differences"": [0.22057004335473784, 0.13608645109675382, 0.07849441665469431], ""fit"": {""intercept"": 0.46846648215315523, ""r2"": 0.07600240776224498, ""slope"": 0.003420027470649652}, ""log_ratios"": [0.4650017194109273, 0.48907611752020924, 0.47184177435222685]}, ""5.0"": {""absolute_differences"": [0.13240233247442657, 0.0664709752071384, 0.04636797778600826], ""fit"": {""intercept"": 0.22198276238080844, ""r2"": 0.8457011095764285, ""slope"": -0.03965811399491328}, ""log_ratios"": [0.19210477282732635, 0.12310628550811953, 0.1127885448374999]}}"
3,"[[0, 2], [1, 2]]","[1, 2]",1,"['Dck', 'GckCCK', 'JckCCK?_C@_']",10.0,0.003420027470648948,0.07600240776228329,0.07849441665469434,"{""10.0"": {""absolute_differences"": [0.22057004335473895, 0.13608645109675185, 0.07849441665469434], ""fit"": {""intercept"": 0.46846648215315506, ""r2"": 0.07600240776228329, ""slope"": 0.003420027470648948}, ""log_ratios"": [0.46500171941092966, 0.48907611752020136, 0.4718417743522278]}, ""5.0"": {""absolute_differences"": [0.1324023324744268, 0.06647097520713785, 0.0463679777860071], ""fit"": {""intercept"": 0.22198276238081066, ""r2"": 0.8457011095764424, ""slope"": -0.03965811399491495}, ""log_ratios"": [0.19210477282732671, 0.12310628550811856, 0.11278854483749691]}}"
3,"[[0, 1], [1, 2]]","[1, 2]",1,"['Ddc', 'GdcCKC', 'JdcCKC?_K?_']",10.0,0.0034200274706487855,0.07600240776223588,0.07849441665469434,"{""10.0"": {""absolute_differences"": [0.22057004335473868, 0.13608645109675324, 0.07849441665469434], ""fit"": {""intercept"": 0.468466482153157, ""r2"": 0.07600240776223588, ""slope"": 0.0034200274706487855}, ""log_ratios"": [0.46500171941092955, 0.4890761175202067, 0.47184177435222724]}, ""5.0"": {""absolute_differences"": [0.13240233247442723, 0.06647097520713874, 0.046367977786007486], ""fit"": {""intercept"": 0.22198276238081113, ""r2"": 0.8457011095764462, ""slope"": -0.03965811399491472}, ""log_ratios"": [0.19210477282732727, 0.12310628550811993, 0.11278854483749791]}}"
3,"[[0, 2], [1, 2]]","[0, 2]",1,"['Dok', 'Gom?CK', 'Jom?CM??C@_']",10.0,0.0034200274706480695,0.07600240776223233,0.078494416654694,"{""10.0"": {""absolute_differences"": [0.22057004335473868, 0.13608645109675185, 0.078494416654694], ""fit"": {""intercept"": 0.46846648215315567, ""r2"": 0.07600240776223233, ""slope"": 0.0034200274706480695}, ""log_ratios"": [0.465001719410929, 0.48907611752020136, 0.4718417743522252]}, ""5.0"": {""absolute_differences"": [0.13240233247442657, 0.0664709752071383, 0.04636797778600793], ""fit"": {""intercept"": 0.22198276238080894, ""r2"": 0.8457011095764326, ""slope"": -0.03965811399491365}, ""log_ratios"": [0.19210477282732635, 0.12310628550811933, 0.1127885448374991]}}"
3,"[[0, 1], [0, 2]]",[1],2,"['EocO', 'HocOCCA', 'KocOCCA?C?_A']",5.0,-8.609582078697344e-05,0.0019572693263812946,0.09588739884354963,"{""10.0"": {""absolute_differences"": [0.12466091861962841, 0.056186412178881595, 0.03129381933298753], ""fit"": {""intercept"": 0.32258166152513473, ""r2"": 0.8635420557923588, ""slope"": -0.045565594278371944}, ""log_ratios"": [0.28747371662845617, 0.2105351742050041, 0.19634252807171235]}, ""5.0"": {""absolute_differences"": [0.1671893413098432, 0.12807694740098324, 0.09588739884354963], ""fit"": {""intercept"": 0.2568233830673733, ""r2"": 0.0019572693263812946, ""slope"": -8.609582078697344e-05}, ""log_ratios"": [0.2556148276529558, 0.2588961106130602, 0.25544263601138195]}}"
3,"[[0, 1], [1, 2]]",[0],2,"['EsCG', 'HsCK?C@', 'KsCK?C@_??_@']",5.0,-8.609582078841074e-05,0.001957269326447353,0.09588739884354913,"{""10.0"": {""absolute_differences"": [0.12466091861962808, 0.05618641217888268, 0.03129381933298714], ""fit"": {""intercept"": 0.3225816615251372, ""r2"": 0.8635420557924047, ""slope"": -0.04556559427837306}, ""log_ratios"": [0.28747371662845567, 0.21053517420500786, 0.19634252807170963]}, ""5.0"": {""absolute_differences"": [0.1671893413098442, 0.1280769474009838, 0.09588739884354913], ""fit"": {""intercept"": 0.25682338306737656, ""r2"": 0.001957269326447353, ""slope"": -8.609582078841074e-05}, ""log_ratios"": [0.2556148276529575, 0.25889611061306106, 0.25544263601138073]}}"
3,"[[0, 1], [0, 2]]",[2],2,"['EoEO', 'HoEO?EA', 'KoEO?EA???oA']",5.0,-8.60958207890383e-05,0.00195726932650675,0.09588739884354847,"{""10.0"": {""absolute_differences"": [0.12466091861962886, 0.0561864121788819, 0.031293819332987416], ""fit"": {""intercept"": 0.32258166152513723, ""r2"": 0.8635420557923714, ""slope"": -0.04556559427837289}, ""log_ratios"": [0.28747371662845733, 0.21053517420500534, 0.19634252807171163]}, ""5.0"": {""absolute_differences"": [0.16718934130984353, 0.1280769474009834, 0.09588739884354847], ""fit"": {""intercept"": 0.2568233830673766, ""r2"": 0.00195726932650675, ""slope"": -8.60958207890383e-05}, ""log_ratios"": [0.2556148276529565, 0.25889611061306056, 0.2554426360113785]}}"
3,"[[0, 1], [1, 2]]",[2],2,"['EoEG', 'HoEG?E@', 'KoEG?E@???o@']",5.0,-8.60958207894202e-05,0.00195726932652196,0.09588739884354813,"{""10.0"": {""absolute_differences"": [0.1246609186196278, 0.05618641217888268, 0.03129381933298722], ""fit"": {""intercept"": 0.32258166152513584, ""r2"": 0.8635420557924021, ""slope"": -0.04556559427837242}, ""log_ratios"": [0.287473716628455, 0.21053517420500786, 0.19634252807171018]}, ""5.0"": {""absolute_differences"": [0.16718934130984342, 0.1280769474009838, 0.09588739884354813], ""fit"": {""intercept"": 0.2568233830673772, ""r2"": 0.00195726932652196, ""slope"": -8.60958207894202e-05}, ""log_ratios"": [0.25561482765295634, 0.25889611061306106, 0.2554426360113776]}}"
3,"[[0, 2], [1, 2]]",[1],2,"['Eo_W', 'Ho_WC?B', 'Ko_WC?B?C??B']",5.0,-8.609582079006736e-05,0.001957269326552491,0.09588739884354758,"{""10.0"": {""absolute_differences"": [0.12466091861962669, 0.05618641217888293, 0.03129381933298783], ""fit"": {""intercept"": 0.3225816615251297, ""r2"": 0.8635420557923836, ""slope"": -0.04556559427836912}, ""log_ratios"": [0.28747371662845217, 0.21053517420500822, 0.196342528071714]}, ""5.0"": {""absolute_differences"": [0.1671893413098441, 0.12807694740098363, 0.09588739884354758], ""fit"": {""intercept"": 0.25682338306737845, ""r2"": 0.001957269326552491, ""slope"": -8.609582079006736e-05}, ""log_ratios"": [0.2556148276529572, 0.2588961106130609, 0.2554426360113771]}}"
3,"[[0, 2], [1, 2]]",[0],2,"['Es?W', 'Hs?[??B', 'Ks?[??B_???B']",5.0,-8.609582079035306e-05,0.001957269326528732,0.09588739884354724,"{""10.0"": {""absolute_differences"": [0.12466091861962614, 0.05618641217888298, 0.03129381933298753], ""fit"": {""intercept"": 0.3225816615251292, ""r2"": 0.8635420557924021, ""slope"": -0.04556559427836943}, ""log_ratios"": [0.28747371662845067, 0.21053517420500859, 0.19634252807171182]}, ""5.0"": {""absolute_differences"": [0.16718934130984375, 0.12807694740098452, 0.09588739884354724], ""fit"": {""intercept"": 0.25682338306737934, ""r2"": 0.001957269326528732, ""slope"": -8.609582079035306e-05}, ""log_ratios"": [0.2556148276529567, 0.25889611061306295, 0.25544263601137607]}}"
3,"[[0, 1], [0, 2], [1, 2]]","[0, 2]",2,"['EsEW', 'HsE[?EB', 'KsE[?EB_??oB']",5.0,-0.00921140278219973,0.8112349351076698,0.11279562645885821,"{""10.0"": {""absolute_differences"": [0.16274776977305633, 0.04727846126899676, 0.008007887695293703], ""fit"": {""intercept"": 0.4115617946789394, ""r2"": 0.9474677977644606, ""slope"": -0.13602784499680617}, ""log_ratios"": [0.2940265407098512, 0.10252092262989107, 0.021970850716238995]}, ""5.0"": {""absolute_differences"": [0.13292360341486786, 0.11640779324962436, 0.11279562645885821], ""fit"": {""intercept"": 0.15595711270956877, ""r2"": 0.8112349351076698, ""slope"": -0.00921140278219973}, ""log_ratios"": [0.14931109541688825, 0.13240353616613074, 0.13088828985248888]}}"
3,"[[0, 1], [0, 2], [1, 2]]","[0, 1]",2,"['EscW', 'Hsc[CCB', 'Ksc[CCB_C?_B']",5.0,-0.009211402782200291,0.811234935107543,0.11279562645885743,"{""10.0"": {""absolute_differences"": [0.16274776977305555, 0.04727846126899565, 0.008007887695294036], ""fit"": {""intercept"": 0.41156179467893594, ""r2"": 0.9474677977644556, ""slope"": -0.13602784499680498}, ""log_ratios"": [0.2940265407098497, 0.10252092262988846, 0.021970850716239863]}, ""5.0"": {""absolute_differences"": [0.13292360341486797, 0.11640779324962092, 0.11279562645885743], ""fit"": {""intercept"": 0.15595711270956822, ""r2"": 0.811234935107543, ""slope"": -0.009211402782200291}, ""log_ratios"": [0.14931109541688845, 0.13240353616612666, 0.1308882898524879]}}"
3,"[[0, 1], [0, 2], [1, 2]]","[1, 2]",2,"['EoeW', 'HoeWCEB', 'KoeWCEB?C?oB']",5.0,-0.009211402782200602,0.8112349351075179,0.11279562645885721,"{""10.0"": {""absolute_differences"": [0.16274776977305555, 0.04727846126899632, 0.008007887695294091], ""fit"": {""intercept"": 0.4115617946789361, ""r2"": 0.9474677977644582, ""slope"": -0.13602784499680481}, ""log_ratios"": [0.2940265407098497, 0.10252092262989007, 0.02197085071624008]}, ""5.0"": {""absolute_differences"": [0.1329236034148683, 0.11640779324962025, 0.11279562645885721], ""fit"": {""intercept"": 0.15595711270956866, ""r2"": 0.8112349351075179, ""slope"": -0.009211402782200602}, ""log_ratios"": [0.14931109541688883, 0.13240353616612588, 0.1308882898524877]}}"
2,"[[0, 1]]","[0, 1]",2,"['Dsc', 'FseCG', 'HseCKA@']",5.0,-0.010116272794062004,0.988288112261217,0.09621830713476298,"{""10.0"": {""absolute_differences"": [0.26558351632961863, 0.23091619704218902, 0.16111039597340782], ""fit"": {""intercept"": 0.49082193607096763, ""r2"": 0.9362955948159482, ""slope"": -0.07564855444317188}, ""log_ratios"": [0.4037809023139398, 0.36230978581233564, 0.25248379342759614]}, ""5.0"": {""absolute_differences"": [0.11392409390863467, 0.10677752053696399, 0.09621830713476298], ""fit"": {""intercept"": 0.13456693605748618, ""r2"": 0.988288112261217, ""slope"": -0.010116272794062004}, ""log_ratios"": [0.1238148470924057, 0.11560602281139903, 0.10358230150428176]}}"
3,"[[0, 1]]","[0, 1, 2]",1,"['Dt_', 'GtaCK?', 'JtaCKA?_K??']",5.0,-0.01035660004583768,0.9258831697075194,0.09171160967264436,"{""10.0"": {""absolute_differences"": [0.26558351632961996, 0.1974109125536258, 0.11681329649383937], ""fit"": {""intercept"": 0.4884684620975713, ""r2"": 0.916214839937497, ""slope"": -0.07209955626925238}, ""log_ratios"": [0.4037809023139416, 0.3694453565878213, 0.25958178977543694]}, ""5.0"": {""absolute_differences"": [0.11392409390863412, 0.10696931054187886, 0.09171160967264436], ""fit"": {""intercept"": 0.13586319992887283, ""r2"": 0.9258831697075194, ""slope"": -0.01035660004583768}, ""log_ratios"": [0.12381484709240512, 0.1185335054184575, 0.10310164700072982]}}"
3,"[[1, 2]]","[0, 1, 2]",1,"['Dsc', 'GseCCC', 'JseCCE?_C?_']",5.0,-0.010356600045840367,0.9258831697075672,0.09171160967264025,"{""10.0"": {""absolute_differences"": [0.26558351632961863, 0.19741091255362575, 0.1168132964938377], ""fit"": {""intercept"": 0.48846846209757117, ""r2"": 0.9162148399374913, ""slope"": -0.07209955626925324}, ""log_ratios"": [0.4037809023139398, 0.3694453565878205, 0.2595817897754335]}, ""5.0"": {""absolute_differences"": [0.11392409390863467, 0.10696931054187664, 0.09171160967264025], ""fit"": {""intercept"": 0.135863199928876, ""r2"": 0.9258831697075672, ""slope"": -0.010356600045840367}, ""log_ratios"": [0.1238148470924057, 0.11853350541845493, 0.10310164700072502]}}"
3,"[[0, 2]]","[0, 1, 2]",1,"['Dsg', 'GsiCCG', 'JsiCCI?_C@?']",5.0,-0.010356600045840568,0.9258831697075379,0.0917116096726397,"{""10.0"": {""absolute_differences"": [0.2655835163296205, 0.1974109125536253, 0.1168132964938377], ""fit"": {""intercept"": 0.4884684620975744, ""r2"": 0.9162148399375021, ""slope"": -0.07209955626925461}, ""log_ratios"": [0.4037809023139425, 0.3694453565878199, 0.25958178977543334]}, ""5.0"": {""absolute_differences"": [0.11392409390863445, 0.1069693105418773, 0.0917116096726397], ""fit"": {""intercept"": 0.13586319992887633, ""r2"": 0.9258831697075379, ""slope"": -0.010356600045840568}, ""log_ratios"": [0.1238148470924055, 0.11853350541845573, 0.10310164700072441]}}"
2,"[[0, 1]]",[0],2,"['DsC', 'FsE?G', 'HsE?K?@']",10.0,-0.011239439049762231,0.4209438156452584,0.24564389788724694,"{""10.0"": {""absolute_differences"": [0.2837013205745712, 0.2752672042031848, 0.24564389788724694], ""fit"": {""intercept"": 0.45715764607729314, ""r2"": 0.4209438156452584, ""slope"": -0.011239439049762231}, ""log_ratios"": [0.4383073722396659, 0.4499004375534985, 0.4158284941401416]}, ""5.0"": {""absolute_differences"": [0.14826465622394902, 0.11314766380258046, 0.0988985829056862], ""fit"": {""intercept"": 0.1890387161071616, ""r2"": 0.9407433525828203, ""slope"": -0.028864725777323873}, ""log_ratios"": [0.16435652710087095, 0.12294419101044728, 0.10662707554622328]}}"
2,"[[0, 1]]",[1],2,"['Doc', 'FocCG', 'HocCGA@']",10.0,-0.011239439049763158,0.4209438156453481,0.24564389788724705,"{""10.0"": {""absolute_differences"": [0.2837013205745723, 0.27526720420318435, 0.24564389788724705], ""fit"": {""intercept"": 0.45715764607729553, ""r2"": 0.4209438156453481, ""slope"": -0.011239439049763158}, ""log_ratios"": [0.4383073722396681, 0.4499004375534975, 0.4158284941401419]}, ""5.0"": {""absolute_differences"": [0.1482646562239488, 0.11314766380258057, 0.09889858290568776], ""fit"": {""intercept"": 0.18903871610716025, ""r2"": 0.9407433525828112, ""slope"": -0.028864725777322905}, ""log_ratios"": [0.16435652710087076, 0.12294419101044748, 0.10662707554622507]}}"
2,"[[0, 1]]","[0, 1]",1,"['Ct', 'EtaG', 'GtaKCC']",5.0,-0.013203833035344637,0.6142383729822487,0.10136488688988765,"{""10.0"": {""absolute_differences"": [0.3938437463400196, 0.277857613282395, 0.173765808500435], ""fit"": {""intercept"": 0.6852782955042909, ""r2"": 0.9976376596195407, ""slope"": -0.15447203645734645}, ""log_ratios"": [0.5351461025012286, 0.3676545356810294, 0.22620202958653612]}, ""5.0"": {""absolute_differences"": [0.12482084919327707, 0.09695591855626529, 0.10136488688988765], ""fit"": {""intercept"": 0.14051891102556047, ""r2"": 0.6142383729822487, ""slope"": -0.013203833035344637}, ""log_ratios"": [0.13335637846654483, 0.10202864400221322, 0.10694871239585561]}}"
3,"[[0, 2], [1, 2]]","[0, 1, 2]",2,"['EsaW', 'Hsa[CAB', 'Ksa[CAB_C?OB']",10.0,-0.015052638199712469,0.14518941689510356,0.059933891189646704,"{""10.0"": {""absolute_differences"": [0.18009920233932436, 0.1157261264840781, 0.059933891189646704], ""fit"": {""intercept"": 0.48391615478570954, ""r2"": 0.14518941689510356, ""slope"": -0.015052638199712469}, ""log_ratios"": [0.44777629020081494, 0.4959853311566486, 0.4176710138013901]}, ""5.0"": {""absolute_differences"": [0.12108258179668463, 0.08242140732652492, 0.05695248457935653], ""fit"": {""intercept"": 0.19489332123595157, ""r2"": 0.9941208884160416, ""slope"": -0.01730517060226556}, ""log_ratios"": [0.17835648721281191, 0.15874630687316849, 0.14374614600828092]}}"
3,"[[0, 1], [0, 2]]","[0, 1, 2]",2,"['EseO', 'HseSCEA', 'KseSCEA_C?oA']",10.0,-0.015052638199712844,0.1451894168951433,0.059933891189646885,"{""10.0"": {""absolute_differences"": [0.1800992023393258, 0.11572612648407643, 0.059933891189646885], ""fit"": {""intercept"": 0.4839161547857106, ""r2"": 0.1451894168951433, ""slope"": -0.015052638199712844}, ""log_ratios"": [0.4477762902008183, 0.49598533115664306, 0.4176710138013929]}, ""5.0"": {""absolute_differences"": [0.12108258179668407, 0.08242140732652548, 0.05695248457935803], ""fit"": {""intercept"": 0.19489332123594874, ""r2"": 0.99412088841604, ""slope"": -0.017305170602263456}, ""log_ratios"": [0.17835648721281117, 0.15874630687316982, 0.14374614600828436]}}"
3,"[[0, 1], [1, 2]]","[0, 1, 2]",2,"['EseG', 'HseKCE@', 'KseKCE@_C?o@']",10.0,-0.015052638199713158,0.14518941689512643,0.05993389118964655,"{""10.0"": {""absolute_differences"": [0.1800992023393248, 0.11572612648407724, 0.05993389118964655], ""fit"": {""intercept"": 0.4839161547857103, ""r2"": 0.14518941689512643, ""slope"": -0.015052638199713158}, ""log_ratios"": [0.44777629020081605, 0.4959853311566458, 0.41767101380138993]}, ""5.0"": {""absolute_differences"": [0.12108258179668363, 0.08242140732652492, 0.05695248457935853], ""fit"": {""intercept"": 0.19489332123594633, ""r2"": 0.9941208884160309, ""slope"": -0.017305170602262367}, ""log_ratios"": [0.17835648721281044, 0.15874630687316849, 0.14374614600828572]}}"
3,"[[0, 1]]","[0, 1, 2]",2,"['Ese?', 'HseCCE?', 'KseCCE?_C?o?']",5.0,-0.016682356528195254,0.9972332049072112,0.08970465881941692,"{""10.0"": {""absolute_differences"": [0.2334945286880863, 0.166119644840239, 0.0976466821199603], ""fit"": {""intercept"": 0.5200408586710374, ""r2"": 0.9658317599105174, ""slope"": -0.08438515976589005}, ""log_ratios"": [0.42649210122842296, 0.3695977344927064, 0.25772178169664295]}, ""5.0"": {""absolute_differences"": [0.12207041053422729, 0.10440763761849714, 0.08970465881941692], ""fit"": {""intercept"": 0.1526035604191212, ""r2"": 0.9972332049072112, ""slope"": -0.016682356528195254}, ""log_ratios"": [0.13642852963865032, 0.11822419586728189, 0.10306381658225985]}}"
3,"[[1, 2]]","[0, 1, 2]",2,"['EsaG', 'HsaKCA@', 'KsaKCA@_C?O@']",5.0,-0.016682356528195465,0.9972332049072049,0.0897046588194167,"{""10.0"": {""absolute_differences"": [0.2334945286880868, 0.16611964484023906, 0.09764668211996064], ""fit"": {""intercept"": 0.5200408586710377, ""r2"": 0.9658317599105184, ""slope"": -0.08438515976588981}, ""log_ratios"": [0.4264921012284235, 0.3695977344927067, 0.257721781696644]}, ""5.0"": {""absolute_differences"": [0.12207041053422751, 0.10440763761849592, 0.0897046588194167], ""fit"": {""intercept"": 0.15260356041912124, ""r2"": 0.9972332049072049, ""slope"": -0.016682356528195465}, ""log_ratios"": [0.1364285296386507, 0.11822419586728031, 0.10306381658225985]}}"
3,"[[0, 2]]","[0, 1, 2]",2,"['EsaO', 'HsaSCAA', 'KsaSCAA_C?OA']",5.0,-0.01668235652819751,0.9972332049072052,0.08970465881941592,"{""10.0"": {""absolute_differences"": [0.2334945286880874, 0.16611964484023956, 0.09764668211996053], ""fit"": {""intercept"": 0.5200408586710402, ""r2"": 0.9658317599105186, ""slope"": -0.08438515976589075}, ""log_ratios"": [0.4264921012284251, 0.3695977344927076, 0.25772178169664367]}, ""5.0"": {""absolute_differences"": [0.12207041053423018, 0.10440763761849658, 0.08970465881941592], ""fit"": {""intercept"": 0.15260356041912634, ""r2"": 0.9972332049072052, ""slope"": -0.01668235652819751}, ""log_ratios"": [0.13642852963865382, 0.11822419586728129, 0.10306381658225885]}}"
3,"[[0, 1], [0, 2], [1, 2]]","[0, 1, 2]",2,"['EseW', 'Hse[CEB', 'Kse[CEB_C?oB']",10.0,-0.01764171516637791,0.08172270488342559,0.03899649124104193,"{""10.0"": {""absolute_differences"": [0.087413601758358, 0.012957759075958142, 0.03899649124104193], ""fit"": {""intercept"": 0.1306374708738113, ""r2"": 0.08172270488342559, ""slope"": -0.01764171516637791}, ""log_ratios"": [0.14713828851499758, 0.027068974925927067, 0.1118548581822418]}, ""5.0"": {""absolute_differences"": [0.1336166633072542, 0.12712304764605376, 0.09798517482418179], ""fit"": {""intercept"": 0.17357940284837578, ""r2"": 0.8411267636999159, ""slope"": -0.018728888367556772}, ""log_ratios"": [0.15015107545702092, 0.14552050416085824, 0.11269329872190745]}}"
3,"[[1, 2]]","[0, 2]",1,"['Doc', 'Goe?CC', 'Joe?CE??C?_']",5.0,-0.018635247271410475,0.8640017518621703,0.11172446241732692,"{""10.0"": {""absolute_differences"": [0.2837013205745723, 0.19955726852158834, 0.1682571236184326], ""fit"": {""intercept"": 0.442881907408755, ""r2"": 0.363161662991766, ""slope"": -0.01942862415903588}, ""log_ratios"": [0.4383073722396681, 0.37431648111078475, 0.3994501239215965]}, ""5.0"": {""absolute_differences"": [0.1482646562239488, 0.11910669965166287, 0.11172446241732692], ""fit"": {""intercept"": 0.1787231899226713, ""r2"": 0.8640017518621703, ""slope"": -0.018635247271410475}, ""log_ratios"": [0.16435652710087076, 0.1329155264806305, 0.12708603255804987]}}"
3,"[[1, 2]]","[0, 1]",1,"['DsC', 'GsEC?C', 'JsEC?E?_??_']",5.0,-0.01863524727141054,0.8640017518621593,0.11172446241732703,"{""10.0"": {""absolute_differences"": [0.2837013205745712, 0.19955726852158773, 0.1682571236184328], ""fit"": {""intercept"": 0.4428819074087513, ""r2"": 0.36316166299172925, ""slope"": -0.019428624159034583}, ""log_ratios"": [0.4383073722396659, 0.37431648111078336, 0.39945012392159707]}, ""5.0"": {""absolute_differences"": [0.14826465622394902, 0.11910669965166232, 0.11172446241732703], ""fit"": {""intercept"": 0.17872318992267133, ""r2"": 0.8640017518621593, ""slope"": -0.01863524727141054}, ""log_ratios"": [0.16435652710087095, 0.13291552648062993, 0.12708603255804987]}}"
3,"[[0, 1]]","[0, 2]",1,"['Dp_', 'Gpa?K?', 'Jpa?KA??K??']",5.0,-0.018635247271410756,0.8640017518621799,0.11172446241732714,"{""10.0"": {""absolute_differences"": [0.28370132057457365, 0.19955726852158717, 0.1682571236184337], ""fit"": {""intercept"": 0.44288190740875555, ""r2"": 0.3631616629917278, ""slope"": -0.019428624159035866}, ""log_ratios"": [0.4383073722396699, 0.3743164811107829, 0.39945012392159845]}, ""5.0"": {""absolute_differences"": [0.14826465622394946, 0.11910669965166354, 0.11172446241732714], ""fit"": {""intercept"": 0.17872318992267247, ""r2"": 0.8640017518621799, ""slope"": -0.018635247271410756}, ""log_ratios"": [0.1643565271008715, 0.1329155264806313, 0.12708603255805007]}}"
3,"[[0, 1]]","[1, 2]",1,"['Dd_', 'Gd_CK?', 'Jd_CK??_K??']",5.0,-0.018635247271410967,0.8640017518621862,0.11172446241732659,"{""10.0"": {""absolute_differences"": [0.28370132057457265, 0.19955726852158717, 0.16825712361843403], ""fit"": {""intercept"": 0.44288190740875233, ""r2"": 0.3631616629916983, ""slope"": -0.019428624159034447}, ""log_ratios"": [0.4383073722396679, 0.3743164811107829, 0.39945012392159934]}, ""5.0"": {""absolute_differences"": [0.14826465622394924, 0.11910669965166343, 0.11172446241732659], ""fit"": {""intercept"": 0.17872318992267255, ""r2"": 0.8640017518621862, ""slope"": -0.018635247271410967}, ""log_ratios"": [0.1643565271008713, 0.1329155264806311, 0.12708603255804946]}}"
3,"[[0, 2]]","[0, 1]",1,"['DsG', 'GsIC?G', 'JsIC?I?_?@?']",5.0,-0.018635247271411137,0.8640017518621884,0.11172446241732614,"{""10.0"": {""absolute_differences"": [0.2837013205745733, 0.1995572685215874, 0.1682571236184326], ""fit"": {""intercept"": 0.44288190740875594, ""r2"": 0.36316166299175756, ""slope"": -0.019428624159036522}, ""log_ratios"": [0.4383073722396691, 0.3743164811107829, 0.39945012392159635]}, ""5.0"": {""absolute_differences"": [0.14826465622394913, 0.1191066996516631, 0.11172446241732614], ""fit"": {""intercept"": 0.1787231899226725, ""r2"": 0.8640017518621884, ""slope"": -0.018635247271411137}, ""log_ratios"": [0.16435652710087112, 0.1329155264806307, 0.12708603255804887]}}"
3,"[[0, 2]]","[1, 2]",1,"['Dcg', 'GcgCCG', 'JcgCCG?_C@?']",5.0,-0.01863524727141146,0.8640017518622043,0.11172446241732548,"{""10.0"": {""absolute_differences"": [0.28370132057457353, 0.1995572685215875, 0.16825712361843304], ""fit"": {""intercept"": 0.44288190740875544, ""r2"": 0.36316166299174046, ""slope"": -0.019428624159035953}, ""log_ratios"": [0.43830737223966953, 0.3743164811107832, 0.3994501239215977]}, ""5.0"": {""absolute_differences"": [0.14826465622394902, 0.11910669965166332, 0.11172446241732548], ""fit"": {""intercept"": 0.17872318992267291, ""r2"": 0.8640017518622043, ""slope"": -0.01863524727141146}, ""log_ratios"": [0.16435652710087095, 0.1329155264806309, 0.1270860325580481]}}"
3,"[[0, 1], [0, 2], [1, 2]]","[0, 1, 2]",1,"['Dtk', 'GtmCKK', 'JtmCKM?_K@_']",10.0,-0.02069235994205287,0.06150272624228392,0.03168454792197761,"{""10.0"": {""absolute_differences"": [0.0834941427696122, 0.02608584748647591, 0.03168454792197761], ""fit"": {""intercept"": 0.09048790850452168, ""r2"": 0.06150272624228392, ""slope"": -0.02069235994205287}, ""log_ratios"": [0.11646349825440293, -0.044232710763452386, 0.07507877837029726]}, ""5.0"": {""absolute_differences"": [0.1450627461227666, 0.15557472681905427, 0.10394931624199277], ""fit"": {""intercept"": 0.1945424424783902, ""r2"": 0.4882433536322909, ""slope"": -0.02152666766663337}, ""log_ratios"": [0.16029159626262335, 0.17693746424339027, 0.11723826092935669]}}"
3,"[[0, 1], [0, 2], [1, 2]]",[0],2,"['EsCW', 'HsC[?CB', 'KsC[?CB_??_B']",5.0,-0.029170768104562844,0.9639190486975578,0.11052736235478,"{""10.0"": {""absolute_differences"": [0.19493477071652243, 0.1288930547440702, 0.0697770918082864], ""fit"": {""intercept"": 0.44833463584835936, ""r2"": 0.9740260903906202, ""slope"": -0.07704797833410926}, ""log_ratios"": [0.3640225211591254, 0.30876695189039005, 0.20992656449090719]}, ""5.0"": {""absolute_differences"": [0.16299461973748153, 0.12870820280856787, 0.11052736235478], ""fit"": {""intercept"": 0.2123340072237284, ""r2"": 0.9639190486975578, ""slope"": -0.029170768104562844}, ""log_ratios"": [0.18642165073916234, 0.14747564777460911, 0.1280801145300367]}}"
3,"[[0, 1], [0, 2], [1, 2]]",[2],2,"['EoEW', 'HoEW?EB', 'KoEW?EB???oB']",5.0,-0.029170768104563708,0.9639190486975623,0.11052736235477956,"{""10.0"": {""absolute_differences"": [0.19493477071652276, 0.12889305474406992, 0.069777091808287], ""fit"": {""intercept"": 0.4483346358483586, ""r2"": 0.974026090390625, ""slope"": -0.0770479783341085}, ""log_ratios"": [0.3640225211591262, 0.3087669518903892, 0.20992656449090935]}, ""5.0"": {""absolute_differences"": [0.1629946197374823, 0.12870820280856843, 0.11052736235477956], ""fit"": {""intercept"": 0.21233400722373047, ""r2"": 0.9639190486975623, ""slope"": -0.029170768104563708}, ""log_ratios"": [0.18642165073916342, 0.1474756477746097, 0.1280801145300361]}}"
3,"[[0, 1], [0, 2], [1, 2]]",[1],2,"['EocW', 'HocWCCB', 'KocWCCB?C?_B']",5.0,-0.029170768104563757,0.9639190486975685,0.11052736235477911,"{""10.0"": {""absolute_differences"": [0.19493477071652265, 0.12889305474406965, 0.06977709180828678], ""fit"": {""intercept"": 0.44833463584835814, ""r2"": 0.9740260903906255, ""slope"": -0.07704797833410863}, ""log_ratios"": [0.36402252115912587, 0.3087669518903886, 0.20992656449090863]}, ""5.0"": {""absolute_differences"": [0.16299461973748208, 0.12870820280856865, 0.11052736235477911], ""fit"": {""intercept"": 0.21233400722373036, ""r2"": 0.9639190486975685, ""slope"": -0.029170768104563757}, ""log_ratios"": [0.18642165073916306, 0.14747564777461006, 0.1280801145300355]}}"
