candidate_rank,source,graph6,n,leaf,neighbour,total_time,steps,omega_scale,original_success,reduced_success,absolute_success_difference
0,atlas,F^NI?,7,6,1,5.0,240,1.0,0.7770825636022279,0.8134428369421427,0.03636027333991476
0,atlas,F^NI?,7,6,1,5.0,240,1.1832159566199232,0.7770825636022279,0.8222605578667218,0.04517799426449387
0,atlas,F^NI?,7,6,1,5.0,240,1.4,0.7770825636022279,0.7477798006979524,0.02930276290427558
0,atlas,F^NI?,7,6,1,10.0,240,1.0,0.714050300648858,0.7864675827860251,0.07241728213716714
0,atlas,F^NI?,7,6,1,10.0,240,1.1832159566199232,0.714050300648858,0.6879882807819717,0.026062019866886277
0,atlas,F^NI?,7,6,1,10.0,240,1.4,0.714050300648858,0.7146823680055461,0.0006320673566880819
0,atlas,F^NI?,7,6,1,20.0,240,1.0,0.9180171403679827,0.9417958032542175,0.02377866288623487
0,atlas,F^NI?,7,6,1,20.0,240,1.1832159566199232,0.9180171403679827,0.9463116400468632,0.028294499678880536
0,atlas,F^NI?,7,6,1,20.0,240,1.4,0.9180171403679827,0.9200348391767159,0.0020176988087332592
0,atlas,F^NI?,7,6,1,40.0,240,1.0,0.986964544788475,0.9886451735219383,0.0016806287334633074
0,atlas,F^NI?,7,6,1,40.0,240,1.1832159566199232,0.986964544788475,0.9903106045078971,0.0033460597194221453
0,atlas,F^NI?,7,6,1,40.0,240,1.4,0.986964544788475,0.9746594800071271,0.012305064781347852
1,atlas,FlMi?,7,6,1,5.0,240,1.0,0.7365037573207206,0.8134428369421429,0.07693907962142232
1,atlas,FlMi?,7,6,1,5.0,240,1.1832159566199232,0.7365037573207206,0.8222605578667215,0.08575680054600088
1,atlas,FlMi?,7,6,1,5.0,240,1.4,0.7365037573207206,0.7477798006979524,0.01127604337723176
1,atlas,FlMi?,7,6,1,10.0,240,1.0,0.7047537980612165,0.7864675827860266,0.08171378472481006
1,atlas,FlMi?,7,6,1,10.0,240,1.1832159566199232,0.7047537980612165,0.6879882807819713,0.016765517279245246
1,atlas,FlMi?,7,6,1,10.0,240,1.4,0.7047537980612165,0.7146823680055465,0.009928569944330001
1,atlas,FlMi?,7,6,1,20.0,240,1.0,0.9101177890424628,0.941795803254218,0.0316780142117552
1,atlas,FlMi?,7,6,1,20.0,240,1.1832159566199232,0.9101177890424628,0.9463116400468619,0.03619385100439909
1,atlas,FlMi?,7,6,1,20.0,240,1.4,0.9101177890424628,0.9200348391767145,0.009917050134251704
1,atlas,FlMi?,7,6,1,40.0,240,1.0,0.9823654002316273,0.9886451735219397,0.006279773290312374
1,atlas,FlMi?,7,6,1,40.0,240,1.1832159566199232,0.9823654002316273,0.9903106045078973,0.00794520427626999
1,atlas,FlMi?,7,6,1,40.0,240,1.4,0.9823654002316273,0.9746594800071258,0.007705920224501561
2,atlas,F^MI?,7,6,1,5.0,240,1.0,0.7321282458101682,0.8134428369421427,0.08131459113197448
2,atlas,F^MI?,7,6,1,5.0,240,1.1832159566199232,0.7321282458101682,0.8222605578667218,0.09013231205655359
2,atlas,F^MI?,7,6,1,5.0,240,1.4,0.7321282458101682,0.7477798006979524,0.015651554887784136
2,atlas,F^MI?,7,6,1,10.0,240,1.0,0.7076100828147156,0.7864675827860251,0.07885749997130953
2,atlas,F^MI?,7,6,1,10.0,240,1.1832159566199232,0.7076100828147156,0.6879882807819717,0.019621802032743885
2,atlas,F^MI?,7,6,1,10.0,240,1.4,0.7076100828147156,0.7146823680055461,0.007072285190830474
2,atlas,F^MI?,7,6,1,20.0,240,1.0,0.9231672726831155,0.9417958032542175,0.01862853057110203
2,atlas,F^MI?,7,6,1,20.0,240,1.1832159566199232,0.9231672726831155,0.9463116400468632,0.023144367363747698
2,atlas,F^MI?,7,6,1,20.0,240,1.4,0.9231672726831155,0.9200348391767159,0.003132433506399579
2,atlas,F^MI?,7,6,1,40.0,240,1.0,0.9764272382120173,0.9886451735219383,0.01221793530992099
2,atlas,F^MI?,7,6,1,40.0,240,1.1832159566199232,0.9764272382120173,0.9903106045078971,0.013883366295879829
2,atlas,F^MI?,7,6,1,40.0,240,1.4,0.9764272382120173,0.9746594800071271,0.0017677582048901685
3,atlas,Fr@sO,7,4,6,5.0,240,1.0,0.679375834053575,0.8134428369421427,0.13406700288856765
3,atlas,Fr@sO,7,4,6,5.0,240,1.1832159566199232,0.679375834053575,0.8222605578667214,0.14288472381314632
3,atlas,Fr@sO,7,4,6,5.0,240,1.4,0.679375834053575,0.7477798006979524,0.06840396664437731
3,atlas,Fr@sO,7,4,6,10.0,240,1.0,0.7134601754213825,0.786467582786026,0.0730074073646435
3,atlas,Fr@sO,7,4,6,10.0,240,1.1832159566199232,0.7134601754213825,0.6879882807819713,0.02547189463941124
3,atlas,Fr@sO,7,4,6,10.0,240,1.4,0.7134601754213825,0.7146823680055465,0.0012221925841640058
3,atlas,Fr@sO,7,4,6,20.0,240,1.0,0.9215139688396048,0.9417958032542171,0.020281834414612288
3,atlas,Fr@sO,7,4,6,20.0,240,1.1832159566199232,0.9215139688396048,0.9463116400468612,0.0247976712072564
3,atlas,Fr@sO,7,4,6,20.0,240,1.4,0.9215139688396048,0.9200348391767131,0.001479129662891654
3,atlas,Fr@sO,7,4,6,40.0,240,1.0,0.9826258386347347,0.9886451735219394,0.00601933488720463
3,atlas,Fr@sO,7,4,6,40.0,240,1.1832159566199232,0.9826258386347347,0.9903106045078964,0.007684765873161692
3,atlas,Fr@sO,7,4,6,40.0,240,1.4,0.9826258386347347,0.974659480007126,0.00796635862760875
4,atlas,EYOw,6,0,2,5.0,240,1.0,0.7981061745887897,0.8161905760753846,0.018084401486594848
4,atlas,EYOw,6,0,2,5.0,240,1.224744871391589,0.7981061745887897,0.8396692027951077,0.041563028206317965
4,atlas,EYOw,6,0,2,5.0,240,1.5,0.7981061745887897,0.9137962897504218,0.11569011516163208
4,atlas,EYOw,6,0,2,10.0,240,1.0,0.8493391445524834,0.9660091303214083,0.11666998576892496
4,atlas,EYOw,6,0,2,10.0,240,1.224744871391589,0.8493391445524834,0.689149221902179,0.1601899226503044
4,atlas,EYOw,6,0,2,10.0,240,1.5,0.8493391445524834,0.62503339977378,0.22430574477870335
4,atlas,EYOw,6,0,2,20.0,240,1.0,0.9139065697010349,0.9013102647420845,0.012596304958950366
4,atlas,EYOw,6,0,2,20.0,240,1.224744871391589,0.9139065697010349,0.9880453905096083,0.07413882080857337
4,atlas,EYOw,6,0,2,20.0,240,1.5,0.9139065697010349,0.9811180413526549,0.06721147165162
4,atlas,EYOw,6,0,2,40.0,240,1.0,0.9831592100195572,0.9938879269025226,0.010728716882965394
4,atlas,EYOw,6,0,2,40.0,240,1.224744871391589,0.9831592100195572,0.9782077103660677,0.004951499653489511
4,atlas,EYOw,6,0,2,40.0,240,1.5,0.9831592100195572,0.9925149782021532,0.00935576818259598
5,atlas,EBy?,6,5,0,5.0,240,1.0,0.7452878627554584,0.8161905760753846,0.07090271331992615
5,atlas,EBy?,6,5,0,5.0,240,1.224744871391589,0.7452878627554584,0.8396692027951077,0.09438134003964926
5,atlas,EBy?,6,5,0,5.0,240,1.5,0.7452878627554584,0.9137962897504218,0.16850842699496338
5,atlas,EBy?,6,5,0,10.0,240,1.0,0.8359157768233747,0.9660091303214083,0.13009335349803364
5,atlas,EBy?,6,5,0,10.0,240,1.224744871391589,0.8359157768233747,0.689149221902179,0.14676655492119572
5,atlas,EBy?,6,5,0,10.0,240,1.5,0.8359157768233747,0.62503339977378,0.21088237704959467
5,atlas,EBy?,6,5,0,20.0,240,1.0,0.8976720516393344,0.9013102647420845,0.003638213102750143
5,atlas,EBy?,6,5,0,20.0,240,1.224744871391589,0.8976720516393344,0.9880453905096083,0.09037333887027388
5,atlas,EBy?,6,5,0,20.0,240,1.5,0.8976720516393344,0.9811180413526549,0.08344598971332051
5,atlas,EBy?,6,5,0,40.0,240,1.0,0.9898061640843052,0.9938879269025226,0.0040817628182173715
5,atlas,EBy?,6,5,0,40.0,240,1.224744871391589,0.9898061640843052,0.9782077103660677,0.011598453718237534
5,atlas,EBy?,6,5,0,40.0,240,1.5,0.9898061640843052,0.9925149782021532,0.0027088141178479574
6,unit_disk,HzxFFSC,9,8,5,5.0,240,1.0,0.4118013163759488,0.3957453042773102,0.016056012098638606
6,unit_disk,HzxFFSC,9,8,5,5.0,240,1.1338934190276817,0.4118013163759488,0.41872142193414835,0.006920105558199552
6,unit_disk,HzxFFSC,9,8,5,5.0,240,1.2857142857142858,0.4118013163759488,0.41036543640398204,0.001435879971966758
6,unit_disk,HzxFFSC,9,8,5,10.0,240,1.0,0.31622096969563873,0.3226605617014578,0.0064395920058190614
6,unit_disk,HzxFFSC,9,8,5,10.0,240,1.1338934190276817,0.31622096969563873,0.5718325998015369,0.25561163010589816
6,unit_disk,HzxFFSC,9,8,5,10.0,240,1.2857142857142858,0.31622096969563873,0.6011802027538652,0.28495923305822646
6,unit_disk,HzxFFSC,9,8,5,20.0,240,1.0,0.9060702536538622,0.8958754144308471,0.010194839223015117
6,unit_disk,HzxFFSC,9,8,5,20.0,240,1.1338934190276817,0.9060702536538622,0.8848892327955534,0.021181020858308752
6,unit_disk,HzxFFSC,9,8,5,20.0,240,1.2857142857142858,0.9060702536538622,0.9276619027982658,0.02159164914440359
6,unit_disk,HzxFFSC,9,8,5,40.0,240,1.0,0.9743953840651831,0.9742199053278323,0.00017547873735079822
6,unit_disk,HzxFFSC,9,8,5,40.0,240,1.1338934190276817,0.9743953840651831,0.9901304782543328,0.015735094189149645
6,unit_disk,HzxFFSC,9,8,5,40.0,240,1.2857142857142858,0.9743953840651831,0.9726121738027024,0.0017832102624807389
7,unit_disk,GWB_k[,8,3,6,5.0,240,1.0,0.5045495303987698,0.4255257175225139,0.07902381287625593
7,unit_disk,GWB_k[,8,3,6,5.0,240,1.1547005383792515,0.5045495303987698,0.45400357126381874,0.05054595913495108
7,unit_disk,GWB_k[,8,3,6,5.0,240,1.3333333333333333,0.5045495303987698,0.40584412046810936,0.09870540993066046
7,unit_disk,GWB_k[,8,3,6,10.0,240,1.0,0.3663449070925475,0.39756800076186094,0.031223093669313418
7,unit_disk,GWB_k[,8,3,6,10.0,240,1.1547005383792515,0.3663449070925475,0.5108445161945471,0.14449960910199955
7,unit_disk,GWB_k[,8,3,6,10.0,240,1.3333333333333333,0.3663449070925475,0.6303180537538167,0.26397314666126914
7,unit_disk,GWB_k[,8,3,6,20.0,240,1.0,0.8545843541473693,0.8499183391104026,0.004666015036966731
7,unit_disk,GWB_k[,8,3,6,20.0,240,1.1547005383792515,0.8545843541473693,0.9069709891288331,0.05238663498146379
7,unit_disk,GWB_k[,8,3,6,20.0,240,1.3333333333333333,0.8545843541473693,0.9243424435506795,0.06975808940331019
7,unit_disk,GWB_k[,8,3,6,40.0,240,1.0,0.9690342477089724,0.9617754662063567,0.007258781502615719
7,unit_disk,GWB_k[,8,3,6,40.0,240,1.1547005383792515,0.9690342477089724,0.9709746175584036,0.001940369849431245
7,unit_disk,GWB_k[,8,3,6,40.0,240,1.3333333333333333,0.9690342477089724,0.9786087197124995,0.009574472003527124
8,unit_disk,IATK`DWQG,10,2,7,5.0,240,1.0,0.3743425201566245,0.31384507674511736,0.060497443411507146
8,unit_disk,IATK`DWQG,10,2,7,5.0,240,1.118033988749895,0.3743425201566245,0.35098838533391047,0.023354134822714034
8,unit_disk,IATK`DWQG,10,2,7,5.0,240,1.25,0.3743425201566245,0.36514179199006414,0.009200728166560368
8,unit_disk,IATK`DWQG,10,2,7,10.0,240,1.0,0.20864904349388602,0.25644151064406745,0.04779246715018143
8,unit_disk,IATK`DWQG,10,2,7,10.0,240,1.118033988749895,0.20864904349388602,0.30706350560649626,0.09841446211261023
8,unit_disk,IATK`DWQG,10,2,7,10.0,240,1.25,0.20864904349388602,0.3900337116069047,0.18138466811301868
8,unit_disk,IATK`DWQG,10,2,7,20.0,240,1.0,0.7869777461415517,0.7533678861950092,0.03360985994654253
8,unit_disk,IATK`DWQG,10,2,7,20.0,240,1.118033988749895,0.7869777461415517,0.8320458658806925,0.04506811973914082
8,unit_disk,IATK`DWQG,10,2,7,20.0,240,1.25,0.7869777461415517,0.8939174613330735,0.10693971519152179
8,unit_disk,IATK`DWQG,10,2,7,40.0,240,1.0,0.9435403659096615,0.9401444044034627,0.003395961506198808
8,unit_disk,IATK`DWQG,10,2,7,40.0,240,1.118033988749895,0.9435403659096615,0.9632176308630627,0.019677264953401163
8,unit_disk,IATK`DWQG,10,2,7,40.0,240,1.25,0.9435403659096615,0.9706610318423119,0.02712066593265039
9,unit_disk,G`k|x{,8,1,0,5.0,240,1.0,0.5520461546005906,0.5056211792969404,0.046424975303650196
9,unit_disk,G`k|x{,8,1,0,5.0,240,1.1547005383792515,0.5520461546005906,0.6639566762241886,0.11191052162359805
9,unit_disk,G`k|x{,8,1,0,5.0,240,1.3333333333333333,0.5520461546005906,0.9996163992718251,0.4475702446712345
9,unit_disk,G`k|x{,8,1,0,10.0,240,1.0,0.7007400481519258,0.6299421633327522,0.0707978848191736
9,unit_disk,G`k|x{,8,1,0,10.0,240,1.1547005383792515,0.7007400481519258,0.9872732274580602,0.2865331793061344
9,unit_disk,G`k|x{,8,1,0,10.0,240,1.3333333333333333,0.7007400481519258,0.5309991827700473,0.1697408653818785
9,unit_disk,G`k|x{,8,1,0,20.0,240,1.0,0.9168087129095301,0.8881552268622382,0.0286534860472919
9,unit_disk,G`k|x{,8,1,0,20.0,240,1.1547005383792515,0.9168087129095301,0.8672989282872484,0.04950978462228173
9,unit_disk,G`k|x{,8,1,0,20.0,240,1.3333333333333333,0.9168087129095301,0.8732642053575943,0.04354450755193584
9,unit_disk,G`k|x{,8,1,0,40.0,240,1.0,0.9677832794307069,0.9929339555698978,0.025150676139190975
9,unit_disk,G`k|x{,8,1,0,40.0,240,1.1547005383792515,0.9677832794307069,0.9821702642646702,0.01438698483396339
9,unit_disk,G`k|x{,8,1,0,40.0,240,1.3333333333333333,0.9677832794307069,0.9973753522690105,0.029592072838303674
10,unit_disk,JJ\|?H~?O?_,11,0,6,5.0,240,1.0,0.3835315661584652,0.34893719415266644,0.034594372005798735
10,unit_disk,JJ\|?H~?O?_,11,0,6,5.0,240,1.1055415967851334,0.3835315661584652,0.3179361256248912,0.06559544053357397
10,unit_disk,JJ\|?H~?O?_,11,0,6,5.0,240,1.2222222222222223,0.3835315661584652,0.46611795240963905,0.08258638625117387
10,unit_disk,JJ\|?H~?O?_,11,0,6,10.0,240,1.0,0.5256837454221633,0.5348782449825564,0.009194499560393088
10,unit_disk,JJ\|?H~?O?_,11,0,6,10.0,240,1.1055415967851334,0.5256837454221633,0.4261566180816452,0.09952712734051816
10,unit_disk,JJ\|?H~?O?_,11,0,6,10.0,240,1.2222222222222223,0.5256837454221633,0.5783018989071816,0.052618153485018304
10,unit_disk,JJ\|?H~?O?_,11,0,6,20.0,240,1.0,0.8945855198268174,0.9107046745458051,0.016119154718987616
10,unit_disk,JJ\|?H~?O?_,11,0,6,20.0,240,1.1055415967851334,0.8945855198268174,0.8987520891764831,0.004166569349665639
10,unit_disk,JJ\|?H~?O?_,11,0,6,20.0,240,1.2222222222222223,0.8945855198268174,0.8324209810105887,0.06216453881622874
10,unit_disk,JJ\|?H~?O?_,11,0,6,40.0,240,1.0,0.9736238794570486,0.9822082978545431,0.008584418397494464
10,unit_disk,JJ\|?H~?O?_,11,0,6,40.0,240,1.1055415967851334,0.9736238794570486,0.968509083736962,0.005114795720086662
10,unit_disk,JJ\|?H~?O?_,11,0,6,40.0,240,1.2222222222222223,0.9736238794570486,0.9643482427664679,0.009275636690580735
11,unit_disk,K`ouUs?NpgaC,12,8,11,5.0,240,1.0,0.541677327139413,0.5378243253798717,0.0038530017595412858
11,unit_disk,K`ouUs?NpgaC,12,8,11,5.0,240,1.0954451150103321,0.541677327139413,0.4200649590117591,0.12161236812765386
11,unit_disk,K`ouUs?NpgaC,12,8,11,5.0,240,1.2,0.541677327139413,0.39543367883627395,0.14624364830313902
11,unit_disk,K`ouUs?NpgaC,12,8,11,10.0,240,1.0,0.8525156522233794,0.884431230850971,0.031915578627591534
11,unit_disk,K`ouUs?NpgaC,12,8,11,10.0,240,1.0954451150103321,0.8525156522233794,0.6489934927114148,0.20352215951196462
11,unit_disk,K`ouUs?NpgaC,12,8,11,10.0,240,1.2,0.8525156522233794,0.5981098545635847,0.25440579765979476
11,unit_disk,K`ouUs?NpgaC,12,8,11,20.0,240,1.0,0.880962708201246,0.9020163117349326,0.02105360353368657
11,unit_disk,K`ouUs?NpgaC,12,8,11,20.0,240,1.0954451150103321,0.880962708201246,0.8937360121838781,0.0127733039826321
11,unit_disk,K`ouUs?NpgaC,12,8,11,20.0,240,1.2,0.880962708201246,0.9440360236268693,0.06307331542562333
11,unit_disk,K`ouUs?NpgaC,12,8,11,40.0,240,1.0,0.964433333609751,0.9526185574423848,0.011814776167366259
11,unit_disk,K`ouUs?NpgaC,12,8,11,40.0,240,1.0954451150103321,0.964433333609751,0.9443732843268621,0.02006004928288896
11,unit_disk,K`ouUs?NpgaC,12,8,11,40.0,240,1.2,0.964433333609751,0.9398411134298624,0.024592220179888602
