source,graph6,n,leaf,coverage,original_gap_s_le_0p9,original_argmin_s,reduced_gap_s_le_0p9,reduced_argmin_s,cutoff_gap_distortion,preregistered_gap_distortion
atlas,Bo,3,1,1.0,0.7150264191663728,0.54,1.0,0.5,1.3985497223527337,1.3985497223527337
atlas,Bo,3,2,1.0,0.7150264191663728,0.54,1.0,0.5,1.3985497223527337,1.3985497223527337
atlas,CF,4,0,1.0,0.8638475452747836,0.48,1.0,0.5,1.1576116705661383,1.1576116705661383
atlas,CF,4,1,1.0,0.8638475452747836,0.48,1.0,0.5,1.1576116705661383,1.1576116705661383
atlas,CF,4,2,1.0,0.8638475452747836,0.48,1.0,0.5,1.1576116705661383,1.1576116705661383
atlas,Ck,4,2,0.6666666666666666,0.16470085443664395,0.9,0.22474487139158894,0.9,1.3645640889983501,1.4117387228923526
atlas,Ck,4,3,0.6666666666666666,0.16470085443664395,0.9,0.22474487139158894,0.9,1.3645640889983501,1.4117387228923526
atlas,CN,4,0,1.0,0.22527527594667518,0.9,0.22474487139158894,0.9,1.0023600296273818,1.0000061044277284
atlas,D?{,5,0,1.0,0.9347560842189921,0.48,0.9999999999999996,0.5,1.0697977973960127,1.0697977973960127
atlas,D?{,5,1,1.0,0.9347560842189921,0.48,0.9999999999999996,0.5,1.0697977973960127,1.0697977973960127
atlas,D?{,5,2,1.0,0.9347560842189921,0.48,0.9999999999999996,0.5,1.0697977973960127,1.0697977973960127
atlas,D?{,5,3,1.0,0.9347560842189921,0.48,0.9999999999999996,0.5,1.0697977973960127,1.0697977973960127
atlas,DBc,5,0,0.5,0.22474384989781981,0.9,0.7150264191663728,0.54,3.1815171782963616,71.85838521716558
atlas,DBc,5,1,1.0,0.22474384989781981,0.9,0.22474487139158938,0.9,1.0000045451467083,1.000000000023743
atlas,DBc,5,2,1.0,0.22474384989781981,0.9,0.22474487139158938,0.9,1.0000045451467083,1.000000000023743
atlas,Dh_,5,3,1.0,0.5602245440237708,0.56,0.7150264191663728,0.54,1.2763211230103364,1.2763211230103364
atlas,Dh_,5,4,1.0,0.5602245440237708,0.56,0.7150264191663728,0.54,1.2763211230103364,1.2763211230103364
atlas,D@{,5,0,1.0,0.22475932948311428,0.9,0.2247448713915885,0.9,1.0000643311299442,1.0000000075856492
atlas,D@{,5,1,1.0,0.22475932948311428,0.9,0.2247448713915885,0.9,1.0000643311299442,1.0000000075856492
atlas,Dx_,5,3,1.0,0.7031841094451778,0.56,0.7150264191663728,0.54,1.016840980281165,1.016840980281165
atlas,Dx_,5,4,1.0,0.7031841094451778,0.56,0.7150264191663728,0.54,1.016840980281165,1.016840980281165
atlas,DJc,5,0,0.6,0.20367952203684325,0.9,0.32287565553229536,0.9,1.5852141261107777,1.6690443739127134
atlas,DbW,5,0,1.0,0.5638397561332846,0.54,0.7150264191663728,0.54,1.2681376426343187,1.2681376426343187
atlas,DjW,5,0,1.0,0.6999671351879921,0.54,0.7150264191663728,0.54,1.0215142729155935,1.0215142729155935
atlas,Db[,5,0,0.75,0.2056498638557569,0.9,0.32287565553229536,0.9,1.5700261088369152,1.6119885557374274
atlas,DJ{,5,0,1.0,0.3235518321983095,0.9,0.32287565553229536,0.9,1.0020942324217643,1.0000060598508649
atlas,E?Bw,6,0,1.0,0.9706010473906139,0.48,0.9999999999999998,0.5,1.0302894301303533,1.0302894301303533
atlas,E?Bw,6,1,1.0,0.9706010473906139,0.48,0.9999999999999998,0.5,1.0302894301303533,1.0302894301303533
atlas,E?Bw,6,2,1.0,0.9706010473906139,0.48,0.9999999999999998,0.5,1.0302894301303533,1.0302894301303533
atlas,E?Bw,6,3,1.0,0.9706010473906139,0.48,0.9999999999999998,0.5,1.0302894301303533,1.0302894301303533
atlas,E?Bw,6,4,1.0,0.9706010473906139,0.48,0.9999999999999998,0.5,1.0302894301303533,1.0302894301303533
atlas,EhP?,6,0,1.0,0.22474505458423444,0.9,0.22474487139159027,0.9,1.0000008151137911,1.0000000000040168
atlas,EhP?,6,3,0.5,0.22474505458423444,0.9,0.8638475452747836,0.48,3.843677658993887,86.81454001084397
atlas,EhP?,6,4,1.0,0.22474505458423444,0.9,0.22474487139159205,0.9,1.0000008151137834,1.0000000000046414
atlas,EhP?,6,5,1.0,0.22474505458423444,0.9,0.22474487139159205,0.9,1.0000008151137834,1.0000000000046414
atlas,EsCO,6,1,1.0,0.7110021925932581,0.54,0.7150264191663727,0.54,1.005659935531896,1.005659935531896
atlas,EsCO,6,2,1.0,0.7110021925932581,0.54,0.7150264191663727,0.54,1.005659935531896,1.005659935531896
atlas,EsCO,6,4,1.0,0.7110021925932581,0.54,0.7150264191663727,0.54,1.005659935531896,1.005659935531896
atlas,EsCO,6,5,1.0,0.7110021925932581,0.54,0.7150264191663727,0.54,1.005659935531896,1.005659935531896
atlas,EiGO,6,0,0.8,0.16863382412295724,0.9,0.2247448713915885,0.9,1.3327389837742076,1.3560854970567942
atlas,EiGO,6,4,0.6,0.16863382412295724,0.9,0.16470085443664928,0.9,1.023879473483975,1.0410396143579348
atlas,EiGO,6,5,0.6,0.16863382412295724,0.9,0.16470085443664928,0.9,1.023879473483975,1.0410396143579348
atlas,EBe?,6,1,1.0,0.690394818607224,0.54,0.7150264191663724,0.54,1.0356775570952854,1.0356775570952854
atlas,EBe?,6,2,1.0,0.690394818607224,0.54,0.7150264191663724,0.54,1.0356775570952854,1.0356775570952854
atlas,EBe?,6,5,1.0,0.690394818607224,0.54,0.8638475452747836,0.48,1.2512370052508164,1.2512370052508164
atlas,E`EG,6,1,0.75,0.12056496888596513,0.9,0.16470085443664928,0.9,1.3660755355266547,1.4119834635263415
atlas,E`EG,6,2,0.75,0.12056496888596513,0.9,0.16470085443664928,0.9,1.3660755355266547,1.4119834635263415
atlas,E?Fw,6,0,1.0,0.22474538655539789,0.9,0.2247448713915876,0.9,1.0000022922160896,1.0000000000117824
atlas,E?Fw,6,1,1.0,0.22474538655539789,0.9,0.2247448713915876,0.9,1.0000022922160896,1.0000000000117824
atlas,E?Fw,6,2,1.0,0.22474538655539789,0.9,0.2247448713915876,0.9,1.0000022922160896,1.0000000000117824
atlas,EC{O,6,1,1.0,0.719008405735996,0.54,0.7150264191663729,0.54,1.0055690062113587,1.0055690062113587
atlas,EC{O,6,2,1.0,0.719008405735996,0.54,0.7150264191663729,0.54,1.0055690062113587,1.0055690062113587
atlas,EC{O,6,5,1.0,0.719008405735996,0.54,0.8638475452747836,0.48,1.2014429016174386,1.2014429016174386
atlas,E@dW,6,0,0.75,0.20030066970279314,0.9,0.1647008544366475,0.9,1.2161483338256704,1.2243505572799074
atlas,E@dW,6,1,0.75,0.20030066970279314,0.9,0.1647008544366475,0.9,1.2161483338256704,1.2243505572799074
atlas,E@dW,6,2,0.75,0.20030066970279314,0.9,0.16470085443664928,0.9,1.2161483338256573,1.224350557279753
atlas,EG}?,6,3,1.0,0.22474470302452243,0.9,0.2247448713915885,0.9,1.0000007491480947,1.0000000000006248
atlas,EG}?,6,5,0.5,0.22474470302452243,0.9,0.22527527594667518,0.9,1.00236078054349,1.0000061044285764
atlas,E]a?,6,4,1.0,0.6840638160500301,0.52,0.7150264191663727,0.54,1.045262740682776,1.045262740682776
atlas,E]a?,6,5,1.0,0.6840638160500301,0.52,0.7150264191663727,0.54,1.045262740682776,1.045262740682776
atlas,EYWO,6,0,1.0,0.16491697865854604,0.9,0.16470085443664395,0.9,1.0013122228335811,1.0000030683186238
atlas,EYWO,6,5,0.6666666666666666,0.16491697865854604,0.9,0.2252752759466734,0.9,1.365992014764573,1.4117430090717389
atlas,E]_O,6,4,0.75,0.12038601070581922,0.9,0.1647008544366475,0.9,1.3681062564579705,1.4119882685218006
atlas,E]_O,6,5,0.75,0.12038601070581922,0.9,0.16470085443664928,0.9,1.3681062564579853,1.4119882685223344
atlas,EQKo,6,0,1.0,0.7433798293496741,0.5,0.8638475452747836,0.48,1.1620540552337792,1.1620540552337792
atlas,EQKo,6,1,1.0,0.7433798293496741,0.5,0.8638475452747836,0.48,1.1620540552337792,1.1620540552337792
atlas,EsCW,6,1,1.0,0.3227704478760094,0.9,0.3228756555322949,0.9,1.0003259519481347,1.0000006858532386
atlas,EsCW,6,2,1.0,0.3227704478760094,0.9,0.3228756555322949,0.9,1.0003259519481347,1.0000006858532386
atlas,EJe?,6,5,1.0,0.22528353197123163,0.9,0.22527527594667518,0.9,1.000036648604787,1.000000000224844
atlas,EBy?,6,5,0.6666666666666666,0.10726807884559086,0.9,0.02364040910454701,0.9,4.537488263050357,100.5009719883064
atlas,Ehd?,6,5,1.0,0.1646308746772025,0.9,0.1647008544366475,0.9,1.0004250706897002,1.000002105299547
atlas,EB{G,6,0,1.0,0.7122564550762487,0.54,0.7150264191663731,0.54,1.0038889982258257,1.0038889982258257
atlas,EB{G,6,5,1.0,0.7122564550762487,0.54,0.7150264191663727,0.54,1.003888998225825,1.003888998225825
atlas,EhX_,6,0,1.0,0.8142890277843506,0.5,0.8638475452747832,0.48,1.0608610896124677,1.0608610896124677
atlas,EhX_,6,3,1.0,0.8142890277843506,0.5,0.8638475452747836,0.48,1.0608610896124682,1.0608610896124682
atlas,E^_O,6,4,0.6666666666666666,0.16495249392583666,0.9,0.22527527594667518,0.9,1.3656979084412018,1.4117415229854684
atlas,E^_O,6,5,1.0,0.16495249392583666,0.9,0.16470085443664928,0.9,1.0015278578247095,1.0000041209835078
atlas,EJwG,6,0,1.0,0.3227706617971533,0.9,0.3228756555322949,0.9,1.0003252889669618,1.0000006850478664
atlas,EJwG,6,5,1.0,0.3227706617971533,0.9,0.3228756555322949,0.9,1.0003252889669618,1.000000685047926
atlas,E`Xg,6,0,1.0,0.22581310209513727,0.9,0.2252752759466743,0.9,1.0023874175548244,1.0000061046141033
atlas,E`Xg,6,3,1.0,0.22581310209513727,0.9,0.2252752759466734,0.9,1.0023874175548282,1.0000061046137465
atlas,EtaG,6,1,1.0,0.22476940770672904,0.9,0.2247448713915885,0.9,1.0001091740825436,1.0000000150416037
atlas,Eht?,6,5,1.0,0.16467035825367038,0.9,0.1647008544366475,0.9,1.0001851953399539,1.0000010488836253
atlas,EtoO,6,5,1.0,0.2252778711174095,0.9,0.2252752759466734,0.9,1.0000115199980344,1.0000000000745315
atlas,EB}?,6,5,0.5,0.2247437635728371,0.9,0.6319949108691677,0.56,2.812068734731964,63.51392416169465
atlas,EXSg,6,0,1.0,0.757185245693714,0.48,0.8638475452747836,0.48,1.1408668488823341,1.1408668488823341
atlas,Eld?,6,5,1.0,0.22528001706806844,0.9,0.22527527594667518,0.9,1.0000210459020562,1.000000000135049
atlas,EJy?,6,5,1.0,0.48808441761190724,0.58,0.6319949108691677,0.56,1.2948475469907106,1.2948475469907084
atlas,Exd?,6,5,1.0,0.023760076456070145,0.9,0.0236404091045479,0.9,1.005061983106681,1.0000122595966674
atlas,EYOw,6,0,0.6666666666666666,0.10732878548461144,0.9,0.0236404091045479,0.9,4.540056181344329,100.50127295001508
atlas,E~a?,6,4,1.0,0.3228944668890126,0.9,0.3228756555322949,0.9,1.0000582619234226,1.0000000075399822
atlas,E~a?,6,5,1.0,0.3228944668890126,0.9,0.3228756555322949,0.9,1.0000582619234226,1.0000000075399822
atlas,E~_O,6,4,1.0,0.22580772363537704,0.9,0.22527527594667518,0.9,1.002363542499124,1.0000061044651298
atlas,E~_O,6,5,1.0,0.22580772363537704,0.9,0.2252752759466734,0.9,1.002363542499132,1.0000061044649513
atlas,EzW_,6,5,1.0,0.8291913406497204,0.48,0.8638475452747836,0.48,1.0417951839655102,1.0417951839655102
atlas,Ejt?,6,5,1.0,0.16472112075918233,0.9,0.1647008544366475,0.9,1.0001230492859563,1.0000000155771538
atlas,EjsG,6,5,1.0,0.22527591433378102,0.9,0.2252752759466734,0.9,1.0000028338090141,1.000000000023029
atlas,Ez`_,6,4,0.5,0.2247417119579831,0.9,0.6319949108691677,0.56,2.8120944054538626,63.51392416441022
atlas,Eju?,6,5,1.0,0.5633501641719822,0.58,0.6319949108691677,0.56,1.1218509393674896,1.1218509393674896
atlas,Ev`_,6,4,1.0,0.02370310451404123,0.9,0.02364040910454701,0.9,1.0026520441848936,1.0000063269321084
atlas,EXSw,6,0,1.0,0.22529358607988126,0.9,0.2252752759466734,0.9,1.0000812789292164,1.0000000076898576
atlas,E~AG,6,4,0.5714285714285714,0.21710162352899687,0.9,0.41421356237309537,0.9,1.9079247572636024,2.0510867491002736
atlas,Er`o,6,4,1.0,0.4928536865167663,0.56,0.6319949108691677,0.56,1.2823175075259743,1.2823175075259743
atlas,E~H_,6,4,1.0,0.22529050652499194,0.9,0.2252752759466743,0.9,1.0000676087433635,1.0000000076048827
atlas,E~`_,6,4,1.0,0.643337525704347,0.58,0.6319949108691677,0.56,1.0179473198915163,1.017947319891517
atlas,El{G,6,5,1.0,0.02365886452401078,0.9,0.0236404091045479,0.9,1.0007806725924777,1.000001549533881
atlas,EZSw,6,0,1.0,0.5585880832802095,0.56,0.6319949108691677,0.56,1.13141495457241,1.13141495457241
atlas,E~@g,6,4,0.6666666666666666,0.23754684107741753,0.9,0.41421356237309537,0.9,1.7437131998657116,1.7874163384352104
atlas,En{G,6,5,1.0,0.6249246005179185,0.56,0.6319949108691677,0.56,1.0113138614568693,1.0113138614568693
atlas,En}?,6,5,0.8,0.27450848301037567,0.9,0.41421356237309537,0.9,1.5089280951563133,1.5057767590143838
atlas,E~|?,6,5,1.0,0.41499483913242585,0.9,0.41421356237309537,0.9,1.0018861689483425,1.0000060159898754
atlas,F??Fw,7,0,1.0,0.9877270007024901,0.48,0.9999999999999991,0.5,1.0124254974185987,1.0124254974185987
atlas,F??Fw,7,1,1.0,0.9877270007024901,0.48,0.9999999999999991,0.5,1.0124254974185987,1.0124254974185987
atlas,F??Fw,7,2,1.0,0.9877270007024901,0.48,0.9999999999999991,0.5,1.0124254974185987,1.0124254974185987
atlas,F??Fw,7,3,1.0,0.9877270007024901,0.48,0.9999999999999991,0.5,1.0124254974185987,1.0124254974185987
atlas,F??Fw,7,4,1.0,0.9877270007024901,0.48,0.9999999999999991,0.5,1.0124254974185987,1.0124254974185987
atlas,F??Fw,7,5,1.0,0.9877270007024901,0.48,0.9999999999999991,0.5,1.0124254974185987,1.0124254974185987
atlas,FhG`?,7,0,0.5,0.22474488034206175,0.9,0.9347560842189926,0.48,4.159187443096784,93.94067265463883
atlas,FhG`?,7,3,1.0,0.22474488034206175,0.9,0.22474487139158938,0.9,1.000000039825035,1.0000000000001785
atlas,FhG`?,7,4,1.0,0.22474488034206175,0.9,0.22474487139158938,0.9,1.000000039825035,1.0000000000001785
atlas,FhG`?,7,5,1.0,0.22474488034206175,0.9,0.22474487139158938,0.9,1.000000039825035,1.0000000000001785
atlas,FhG`?,7,6,1.0,0.22474488034206175,0.9,0.22474487139158938,0.9,1.000000039825035,1.0000000000001785
atlas,FiO`?,7,0,1.0,0.7198235640450719,0.54,0.7150264191663724,0.54,1.0067090456381909,1.0067090456381909
atlas,FiO`?,7,3,1.0,0.7198235640450719,0.54,0.7150264191663733,0.54,1.0067090456381897,1.0067090456381897
atlas,FiO`?,7,4,1.0,0.7198235640450719,0.54,0.7150264191663733,0.54,1.0067090456381897,1.0067090456381897
atlas,FiO`?,7,5,1.0,0.7198235640450719,0.54,0.8638475452747834,0.48,1.2000823374277498,1.2000823374277498
atlas,FiO`?,7,6,1.0,0.7198235640450719,0.54,0.8638475452747834,0.48,1.2000823374277498,1.2000823374277498
atlas,FiOG_,7,0,1.0,0.22466805238232723,0.9,0.22474487139158938,0.9,1.000341922264637,1.0000007687310262
atlas,FiOG_,7,2,1.0,0.22466805238232723,0.9,0.22474487139158938,0.9,1.000341922264637,1.0000007687310262
atlas,FiOG_,7,5,0.5,0.22466805238232723,0.9,0.22474384989781804,0.9,1.0003373755844993,1.000000768707908
atlas,FiOG_,7,6,0.5,0.22466805238232723,0.9,0.22474384989781804,0.9,1.0003373755844993,1.000000768707908
atlas,FiO_G,7,0,1.0,0.7106968199545896,0.54,0.7150264191663729,0.54,1.0060920481001447,1.0060920481001447
atlas,FiO_G,7,3,1.0,0.7106968199545896,0.54,0.7150264191663724,0.54,1.0060920481001443,1.0060920481001443
atlas,FiO_G,7,4,1.0,0.7106968199545896,0.54,0.7150264191663724,0.54,1.0060920481001443,1.0060920481001443
atlas,FiO_G,7,6,1.0,0.7106968199545896,0.54,0.9347560842189924,0.48,1.3152670139690779,1.3152670139690779
atlas,FIo`?,7,0,0.6666666666666666,0.1647756520633301,0.9,0.22474384989781981,0.9,1.3639384647159,1.4117371916157344
atlas,FIo`?,7,3,0.6666666666666666,0.1647756520633301,0.9,0.22474487139158406,0.9,1.3639446640162909,1.4117371916492534
atlas,FIo`?,7,5,1.0,0.1647756520633301,0.9,0.1647008544366475,0.9,1.0004541423111522,1.000001084651371
atlas,FIo`?,7,6,1.0,0.1647756520633301,0.9,0.1647008544366475,0.9,1.0004541423111522,1.000001084651371
atlas,Fk_`?,7,3,1.0,0.8164953215890793,0.48,0.8638475452747836,0.48,1.0579944825569194,1.0579944825569194
atlas,Fk_`?,7,4,1.0,0.8164953215890793,0.48,0.8638475452747836,0.48,1.0579944825569194,1.0579944825569194
atlas,Fk_`?,7,5,1.0,0.8164953215890793,0.48,0.8638475452747834,0.48,1.0579944825569192,1.0579944825569192
atlas,Fk_`?,7,6,1.0,0.8164953215890793,0.48,0.8638475452747834,0.48,1.0579944825569192,1.0579944825569192
atlas,FaOH_,7,0,1.0,0.22474365088354809,0.9,0.2247448713915876,0.9,1.0000054306674948,1.000000000024457
atlas,FaOH_,7,2,1.0,0.22474365088354809,0.9,0.22474384989781804,0.9,1.0000008855167617,1.0000000000008926
atlas,FaOH_,7,5,0.5,0.22474365088354809,0.9,0.5602245440237703,0.56,2.4927268993865956,56.30117994735631
atlas,FEW`?,7,0,0.6666666666666666,0.1646257775798503,0.9,0.22474384989781804,0.9,1.3651801874637037,1.4117402541155946
atlas,FEW`?,7,5,1.0,0.1646257775798503,0.9,0.1647008544366475,0.9,1.0004560455713614,1.0000010846598562
atlas,FEW`?,7,6,1.0,0.1646257775798503,0.9,0.1647008544366475,0.9,1.0004560455713614,1.0000010846598562
atlas,Fk_G_,7,2,1.0,0.4309978000702608,0.58,0.5602245440237708,0.56,1.2998315627885886,1.2998315627885886
atlas,Fk_G_,7,5,1.0,0.4309978000702608,0.58,0.5602245440237703,0.56,1.2998315627885877,1.2998315627885877
atlas,Fk_G_,7,6,1.0,0.4309978000702608,0.58,0.5602245440237703,0.56,1.2998315627885877,1.2998315627885877
atlas,FhCK?,7,5,1.0,0.46093958751143527,0.58,0.5602245440237708,0.56,1.2153968962578472,1.2153968962578472
atlas,FhCK?,7,6,1.0,0.46093958751143527,0.58,0.5602245440237708,0.56,1.2153968962578472,1.2153968962578472
atlas,FsaC_,7,1,1.0,0.22474489192531166,0.9,0.2247448713915876,0.9,1.0000000913645946,1.0
atlas,FsaC_,7,2,1.0,0.22474489192531166,0.9,0.2247448713915876,0.9,1.0000000913645946,1.0
atlas,FsaC_,7,4,1.0,0.22474489192531166,0.9,0.22474487139158938,0.9,1.0000000913645866,1.000000000000357
atlas,FsaC_,7,5,1.0,0.22474489192531166,0.9,0.22474487139158938,0.9,1.0000000913645866,1.000000000000357
atlas,FItA?,7,0,1.0,0.716390026727352,0.54,0.9347560842189926,0.48,1.304814485608058,1.304814485608058
atlas,FItA?,7,2,1.0,0.716390026727352,0.54,0.7150264191663727,0.54,1.0019070729758057,1.0019070729758057
atlas,FItA?,7,5,1.0,0.716390026727352,0.54,0.7150264191663724,0.54,1.001907072975806,1.001907072975806
atlas,FItA?,7,6,1.0,0.716390026727352,0.54,0.7150264191663724,0.54,1.001907072975806,1.001907072975806
atlas,F?Bcw,7,1,1.0,0.8477605558725996,0.5,0.8638475452747834,0.48,1.0189758644593052,1.0189758644593052
atlas,F?Bcw,7,2,1.0,0.8477605558725996,0.5,0.8638475452747834,0.48,1.0189758644593052,1.0189758644593052
atlas,F?Bcw,7,3,1.0,0.8477605558725996,0.5,0.8638475452747836,0.48,1.0189758644593057,1.0189758644593057
atlas,F?Bcw,7,4,1.0,0.8477605558725996,0.5,0.8638475452747836,0.48,1.0189758644593057,1.0189758644593057
atlas,FkoK?,7,2,0.6666666666666666,0.16485160791636488,0.9,0.22474384989781804,0.9,1.3633100261408346,1.411735660326002
atlas,FkoK?,7,3,1.0,0.16485160791636488,0.9,0.16470085443664662,0.9,1.0009153169255491,1.0000021693385293
atlas,FkoK?,7,5,0.6666666666666666,0.16485160791636488,0.9,0.2247438498978216,0.9,1.3633100261408562,1.41173566032575
atlas,FkoK?,7,6,1.0,0.16485160791636488,0.9,0.16470085443664484,0.9,1.00091531692556,1.0000021693387813
atlas,FhG`G,7,0,0.5,0.2247451910029863,0.9,0.2247593294831205,0.9,1.0000629089328725,1.0000000075769018
atlas,FhG`G,7,3,1.0,0.2247451910029863,0.9,0.22474487139158672,0.9,1.000001422107644,1.0000000000095508
atlas,FhG`G,7,4,1.0,0.2247451910029863,0.9,0.22474487139158672,0.9,1.000001422107644,1.0000000000095508
atlas,FMpA?,7,2,1.0,0.7087537139813853,0.54,0.7150264191663733,0.54,1.0088503313086734,1.0088503313086734
atlas,FMpA?,7,5,1.0,0.7087537139813853,0.54,0.7150264191663724,0.54,1.008850331308672,1.008850331308672
atlas,FMpA?,7,6,1.0,0.7087537139813853,0.54,0.7150264191663724,0.54,1.008850331308672,1.008850331308672
atlas,FhoI?,7,3,0.5,0.22474384751544463,0.9,0.7031841094451774,0.56,3.128824736333901,70.66826240349836
atlas,FhoI?,7,5,1.0,0.22474384751544463,0.9,0.22474384989781804,0.9,1.0000000106003943,1.0000000000005356
atlas,FhoI?,7,6,1.0,0.22474384751544463,0.9,0.22474487139159116,0.9,1.0000045557471666,1.0000000000231182
atlas,FhoGO,7,3,0.6666666666666666,0.16470663497175408,0.9,0.2247593294831205,0.9,1.3646039792001396,1.4117387282220935
atlas,FhoGO,7,5,1.0,0.16470663497175408,0.9,0.16470085443664928,0.9,1.0000350971773921,1.0000000038105854
atlas,FhoGO,7,6,1.0,0.16470663497175408,0.9,0.16470085443664928,0.9,1.0000350971773921,1.0000000038105854
atlas,FHAgg,7,0,1.0,0.16462671683665064,0.9,0.16470085443665106,0.9,1.0004503375966245,1.0000010833510986
atlas,FHAgg,7,1,0.6666666666666666,0.16462671683665064,0.9,0.22474384989782337,0.9,1.3651723986017616,1.4117402522673632
atlas,FHAgg,7,4,1.0,0.16462671683665064,0.9,0.16470085443665106,0.9,1.0004503375966245,1.0000010833513506
atlas,FiG`G,7,0,1.0,0.22527512200936606,0.9,0.22527527594667252,0.9,1.0000006833302546,1.0000000000005356
atlas,FiG`G,7,3,1.0,0.22527512200936606,0.9,0.22527527594667696,0.9,1.0000006833302741,1.0000000000000893
atlas,FiG`G,7,4,1.0,0.22527512200936606,0.9,0.2247448713915876,0.9,1.0023593446849097,1.000006104427773
atlas,FbW`?,7,0,1.0,0.8214619150212346,0.48,0.9347560842189926,0.48,1.137917738030289,1.137917738030289
atlas,FbW`?,7,5,1.0,0.8214619150212346,0.48,0.8638475452747834,0.48,1.0515978032316362,1.0515978032316362
atlas,FbW`?,7,6,1.0,0.8214619150212346,0.48,0.8638475452747834,0.48,1.0515978032316362,1.0515978032316362
atlas,FiO`G,7,0,1.0,0.32287299535558134,0.9,0.3228756555322967,0.9,1.0000082390808573,1.0000000008484404
atlas,FiO`G,7,3,1.0,0.32287299535558134,0.9,0.3228756555322976,0.9,1.00000823908086,1.0000000008488579
atlas,FiO`G,7,4,1.0,0.32287299535558134,0.9,0.3228756555322976,0.9,1.00000823908086,1.0000000008488579
atlas,FMoG_,7,2,0.5,0.22474272061510625,0.9,0.5602245440237708,0.56,2.492737217430102,56.301179948140316
atlas,FMoG_,7,5,1.0,0.22474272061510625,0.9,0.22474384989781981,0.9,1.000005024779937,1.000000000014817
atlas,FMoG_,7,6,1.0,0.22474272061510625,0.9,0.22474384989781981,0.9,1.000005024779937,1.000000000014817
atlas,Fg?hg,7,0,1.0,0.5361449499941964,0.58,0.7031841094451778,0.56,1.3115559690579752,1.3115559690579752
atlas,Fg?hg,7,3,1.0,0.5361449499941964,0.58,0.5602245440237703,0.56,1.0449124700882375,1.0449124700882375
atlas,Fg?hg,7,4,1.0,0.5361449499941964,0.58,0.5602245440237703,0.56,1.0449124700882375,1.0449124700882375
atlas,Fko`?,7,3,1.0,0.22527432121360036,0.9,0.22474384989781981,0.9,1.0023603374064372,1.0000061044279516
atlas,Fko`?,7,5,1.0,0.22527432121360036,0.9,0.22527527594667696,0.9,1.0000042380910148,1.0000000000245464
atlas,Fko`?,7,6,1.0,0.22527432121360036,0.9,0.22527527594667696,0.9,1.0000042380910148,1.0000000000245464
atlas,Fpq?_,7,5,1.0,0.22475949074674695,0.9,0.2247448713915956,0.9,1.000065048670792,1.000000007587702
atlas,Fpq?_,7,6,1.0,0.22475949074674695,0.9,0.2247593294831267,0.9,1.0000007174946668,1.0000000000014282
atlas,FMoa?,7,5,0.5,0.2247450229293637,0.9,0.5638397561332846,0.54,2.508797519892117,56.66449981397856
atlas,FMoa?,7,6,1.0,0.2247450229293637,0.9,0.22474487139158583,0.9,1.0000006742657883,1.0000000000041953
atlas,Fpq?G,7,3,0.5555555555555556,0.18757004007870925,0.9,0.20367952203684148,0.9,1.0858851549606336,1.108577511784147
atlas,Fpq?G,7,6,0.5555555555555556,0.18757004007870925,0.9,0.20367952203684148,0.9,1.0858851549606336,1.1085775117843677
atlas,Fpa?g,7,1,1.0,0.1646988971925154,0.9,0.16470085443664484,0.9,1.0000118837719183,1.0000000026172573
atlas,Fpa?g,7,4,1.0,0.1646988971925154,0.9,0.1647008544366404,0.9,1.0000118837718914,1.0000000026180134
atlas,FhoG_,7,5,1.0,0.5716401646922833,0.56,0.5602245440237708,0.56,1.0203768663659767,1.0203768663659767
atlas,FhoG_,7,6,1.0,0.5716401646922833,0.56,0.7031841094451778,0.56,1.2301166938185761,1.2301166938185761
atlas,FhD@G,7,0,1.0,0.4415016587737144,0.56,0.5602245440237708,0.56,1.2689069970423512,1.2689069970423512
atlas,FhD@G,7,4,1.0,0.4415016587737144,0.56,0.5638397561332846,0.54,1.2770954421765217,1.2770954421765217
atlas,FhoGG,7,3,0.625,0.1896276961037895,0.9,0.20367952203684325,0.9,1.0741021813889609,1.0893063010356772
atlas,FhoGG,7,6,0.625,0.1896276961037895,0.9,0.20367952203684503,0.9,1.0741021813889702,1.0893063010352433
atlas,FIo`G,7,0,0.625,0.1833944796160445,0.9,0.20367952203684148,0.9,1.1106087951134944,1.099931433183189
atlas,FIo`G,7,3,0.75,0.1833944796160445,0.9,0.22474487139158938,0.9,1.2254723907836063,1.226896807358047
atlas,Fh_gG,7,3,1.0,0.53908713849478,0.58,0.5602245440237708,0.56,1.039209626829551,1.0392096268295536
atlas,Fh_gG,7,6,1.0,0.53908713849478,0.58,0.5602245440237708,0.56,1.039209626829551,1.0392096268295536
atlas,FpQO_,7,4,0.5,0.22474370274663436,0.9,0.5638397561332846,0.54,2.5088122569953892,56.664499815576846
atlas,FpQO_,7,6,1.0,0.22474370274663436,0.9,0.2247438498978216,0.9,1.000000654751103,1.000000000000714
atlas,FXAGg,7,1,1.0,0.2247426476939811,0.9,0.22474384989782337,0.9,1.000005349246592,1.0000000000332046
atlas,FXAGg,7,4,1.0,0.2247426476939811,0.9,0.22474384989782337,0.9,1.000005349246592,1.0000000000328475
atlas,Fk_`G,7,3,1.0,0.22527543140104456,0.9,0.2252752759466734,0.9,1.0000006900640583,1.0000000000002678
atlas,Fk_`G,7,4,1.0,0.22527543140104456,0.9,0.2252752759466734,0.9,1.0000006900640583,1.0000000000002678
atlas,FMo`?,7,5,1.0,0.023643191566979027,0.9,0.0236404091045479,0.9,1.0001176994196177,1.0000001962614617
atlas,FMo`?,7,6,1.0,0.023643191566979027,0.9,0.0236404091045479,0.9,1.0001176994196177,1.0000001962614617
atlas,FK_h_,7,1,1.0,0.4756688867629739,0.56,0.5602245440237708,0.56,1.177761589235352,1.177761589235352
atlas,FIc`G,7,0,0.7142857142857143,0.13673318851240257,0.9,0.20367952203684148,0.9,1.4896129041733452,1.573282652866961
atlas,FMo@G,7,5,1.0,0.4902781888797394,0.54,0.5638397561332846,0.54,1.1500404646219928,1.1500404646219928
atlas,FPq?g,7,1,0.625,0.15666445662650474,0.9,0.17271976449685766,0.9,1.1024821342126727,1.053155973936398
atlas,FmpA?,7,2,1.0,0.7144070996630769,0.54,0.7150264191663733,0.54,1.0008668999840407,1.0008668999840407
atlas,FmpA?,7,5,1.0,0.7144070996630769,0.54,0.7150264191663724,0.54,1.0008668999840393,1.0008668999840393
atlas,FmpA?,7,6,1.0,0.7144070996630769,0.54,0.7150264191663724,0.54,1.0008668999840393,1.0008668999840393
atlas,FupA?,7,2,1.0,0.8508594808794989,0.48,0.9347560842189926,0.48,1.0986021842910807,1.0986021842910807
atlas,FupA?,7,5,1.0,0.8508594808794989,0.48,0.8638475452747834,0.48,1.0152646408568653,1.0152646408568653
atlas,FupA?,7,6,1.0,0.8508594808794989,0.48,0.8638475452747834,0.48,1.0152646408568653,1.0152646408568653
atlas,FexA?,7,2,0.6666666666666666,0.16470788197856479,0.9,0.22475932948311872,0.9,1.364593647754933,1.411738726363007
atlas,FexA?,7,5,1.0,0.16470788197856479,0.9,0.16470085443665106,0.9,1.0000426685212882,1.0000000051281608
atlas,FexA?,7,6,1.0,0.16470788197856479,0.9,0.16470085443665106,0.9,1.0000426685212882,1.0000000051281608
atlas,FMtA?,7,2,1.0,0.3228731673518581,0.9,0.3228756555322949,0.9,1.000007706371072,1.0000000008455772
atlas,FMtA?,7,5,1.0,0.3228731673518581,0.9,0.32287565553229314,0.9,1.0000077063710664,1.0000000008454577
atlas,FMtA?,7,6,1.0,0.3228731673518581,0.9,0.32287565553229314,0.9,1.0000077063710664,1.0000000008454577
atlas,F\CoG,7,1,1.0,0.22474310162251498,0.9,0.22474384989781804,0.9,1.0000033294695039,1.000000000014103
atlas,F\CoG,7,4,1.0,0.22474310162251498,0.9,0.22474384989782337,0.9,1.0000033294695276,1.0000000000135674
atlas,F\CoG,7,6,0.5,0.22474310162251498,0.9,0.7031841094451778,0.56,3.128835120493559,70.66826240450766
atlas,FE|A?,7,2,1.0,0.2252742092439668,0.9,0.22474384989781804,0.9,1.0023598391964448,1.0000061044272375
atlas,FE|A?,7,5,1.0,0.2252742092439668,0.9,0.22527527594667518,0.9,1.0000047351301864,1.0000000000242786
atlas,FE|A?,7,6,1.0,0.2252742092439668,0.9,0.22527527594667518,0.9,1.0000047351301864,1.0000000000242786
atlas,F[EoG,7,1,1.0,0.5866966885523639,0.56,0.7031841094451778,0.56,1.198547943367874,1.198547943367874
atlas,F[EoG,7,4,1.0,0.5866966885523639,0.56,0.7031841094451778,0.56,1.198547943367874,1.198547943367874
atlas,F[EoG,7,6,1.0,0.5866966885523639,0.56,0.5602245440237708,0.56,1.0472527396576718,1.0472527396576718
atlas,FjKGO,7,0,1.0,0.22528987530842137,0.9,0.2247593294831205,0.9,1.0023605063537115,1.0000061044282622
atlas,FjKGO,7,5,1.0,0.22528987530842137,0.9,0.2252752759466743,0.9,1.0000648067644606,1.0000000075862276
atlas,FjKGO,7,6,1.0,0.22528987530842137,0.9,0.2252752759466743,0.9,1.0000648067644606,1.0000000075862276
atlas,F`?Fw,7,4,1.0,0.22474575244515727,0.9,0.22474487139158406,0.9,1.0000039202388369,1.0000000000251712
atlas,F`?Fw,7,5,1.0,0.22474575244515727,0.9,0.22474487139158406,0.9,1.0000039202388369,1.0000000000251712
atlas,FH?NW,7,0,1.0,0.22475940105427838,0.9,0.2247448713915876,0.9,1.0000646495851087,1.0000000075872557
atlas,FH?NW,7,3,1.0,0.22475940105427838,0.9,0.22475932948311428,0.9,1.0000003184346753,1.0000000000012497
atlas,Fh?Dw,7,4,1.0,0.1647001863378783,0.9,0.16470085443664928,0.9,1.0000040564542507,1.0000000012976655
atlas,Fh?Dw,7,5,1.0,0.1647001863378783,0.9,0.16470085443664928,0.9,1.0000040564542507,1.0000000012976655
atlas,Fepa?,7,2,0.5,0.22474506497953328,0.9,0.6999671351879921,0.54,3.114493905580243,70.34496445167485
atlas,Fepa?,7,6,1.0,0.22474506497953328,0.9,0.22474487139158583,0.9,1.0000008613675866,1.0000000000045521
atlas,Flg`?,7,5,1.0,0.8249592183924863,0.48,0.8638475452747834,0.48,1.0471396961392525,1.0471396961392525
atlas,Flg`?,7,6,1.0,0.8249592183924863,0.48,0.8638475452747834,0.48,1.0471396961392525,1.0471396961392525
atlas,FXAgg,7,1,1.0,0.22474255949703625,0.9,0.22474384989782337,0.9,1.0000057416841297,1.0000000000324905
atlas,FXAgg,7,4,1.0,0.22474255949703625,0.9,0.22474384989782337,0.9,1.0000057416841297,1.0000000000321334
atlas,FhDb?,7,0,1.0,0.22474384784594825,0.9,0.2247438498978216,0.9,1.000000009129831,1.0
atlas,FhDb?,7,4,0.5,0.22474384784594825,0.9,0.6999671351879921,0.54,3.1145107725831407,70.34496445367157
atlas,FmW`?,7,5,1.0,0.22527534588168407,0.9,0.22527527594667518,0.9,1.0000003104424513,1.0000000000012497
atlas,FmW`?,7,6,1.0,0.22527534588168407,0.9,0.22527527594667518,0.9,1.0000003104424513,1.0000000000012497
atlas,FFwG_,7,5,1.0,0.85364969050187,0.45999999999999996,0.9347560842189926,0.48,1.0950113314859158,1.0950113314859158
atlas,FFwG_,7,6,1.0,0.85364969050187,0.45999999999999996,0.9347560842189926,0.48,1.0950113314859158,1.0950113314859158
atlas,FxUA?,7,5,1.0,0.519318442404539,0.56,0.5638397561332846,0.54,1.0857302766345134,1.0857302766345134
atlas,FxUA?,7,6,1.0,0.519318442404539,0.56,0.5602245440237708,0.56,1.078768821360992,1.078768821360992
atlas,FeoJ?,7,2,0.5714285714285714,0.17106107239524437,0.9,0.20564986385575423,0.9,1.202201418336668,1.257741141396557
atlas,FeoJ?,7,5,0.7142857142857143,0.17106107239524437,0.9,0.20367952203684503,0.9,1.1906830653220404,1.2147456099433827
atlas,Fewa?,7,5,1.0,0.5498498461573607,0.56,0.6999671351879921,0.54,1.2730150605292152,1.2730150605292152
atlas,Fewa?,7,6,1.0,0.5498498461573607,0.56,0.5602245440237708,0.56,1.0188682381906877,1.0188682381906877
atlas,FxSI?,7,5,1.0,0.5841989690409362,0.56,0.7031841094451774,0.56,1.2036722875419927,1.2036722875419927
atlas,FxSI?,7,6,1.0,0.5841989690409362,0.56,0.5602245440237708,0.56,1.0427943139459241,1.0427943139459241
atlas,FxSQ?,7,5,1.0,0.22475841099250715,0.9,0.22475932948311872,0.9,1.0000040865683626,1.0000000000241893
atlas,FxSQ?,7,6,1.0,0.22475841099250715,0.9,0.22474384989781626,0.9,1.0000647897359483,1.0000000075860063
atlas,FEtB?,7,2,0.5714285714285714,0.20837057851886698,0.9,0.20564986385575512,0.9,1.0132298393594863,1.0081940875735678
atlas,FEtB?,7,5,0.8571428571428571,0.20837057851886698,0.9,0.22474487139158938,0.9,1.078582557043867,1.0685438471376965
atlas,FxaGG,7,3,1.0,0.6951744581355417,0.56,0.7031841094451774,0.56,1.011521785957323,1.011521785957323
atlas,FxaGG,7,6,1.0,0.6951744581355417,0.56,0.7031841094451778,0.56,1.0115217859573236,1.0115217859573236
atlas,FFwH?,7,5,1.0,0.22474383639755757,0.9,0.22474384989781981,0.9,1.000000060069555,1.000000000005177
atlas,FFwH?,7,6,0.5,0.22474383639755757,0.9,0.5638397561332851,0.54,2.508810765052032,56.664499815283534
atlas,Fhoh?,7,3,1.0,0.22527558288984828,0.9,0.22527527594667784,0.9,1.0000013625248894,1.000000000005177
atlas,Fhoh?,7,6,1.0,0.22527558288984828,0.9,0.22527527594667518,0.9,1.0000013625249011,1.0000000000049984
atlas,Fmo`?,7,5,1.0,0.6372570565988749,0.56,0.6319949108691676,0.56,1.0083262469985248,1.0083262469985248
atlas,Fmo`?,7,6,1.0,0.6372570565988749,0.56,0.6319949108691676,0.56,1.0083262469985248,1.0083262469985248
atlas,Fh?JW,7,0,0.7142857142857143,0.20395204504584896,0.9,0.20367952203684148,0.9,1.0013379990599065,1.011211536800111
atlas,Fh?JW,7,3,0.7142857142857143,0.20395204504584896,0.9,0.20367952203684325,0.9,1.0013379990598976,1.0112115368003125
atlas,Fpa_g,7,1,1.0,0.023643192612837538,0.9,0.023640409104546123,0.9,1.0001177436599809,1.0000000133814633
atlas,Fpa_g,7,4,1.0,0.023643192612837538,0.9,0.023640409104544347,0.9,1.0001177436600561,1.0000000134354208
atlas,FFw`?,7,5,1.0,0.023641719431662267,0.9,0.0236404091045479,0.9,1.0000554274297273,1.000000189031155
atlas,FFw`?,7,6,1.0,0.023641719431662267,0.9,0.0236404091045479,0.9,1.0000554274297273,1.000000189031155
atlas,FjCHO,7,0,1.0,0.5819604870783142,0.56,0.5638397561332846,0.54,1.0321380866601149,1.0321380866601149
atlas,FjCHO,7,5,1.0,0.5819604870783142,0.56,0.7031841094451783,0.56,1.2083021529098266,1.2083021529098266
atlas,F`DbG,7,0,0.8333333333333334,0.17599935252631482,0.9,0.20367952203684503,0.9,1.1572742689856859,1.148587967205398
atlas,F`DbG,7,4,0.6666666666666666,0.17599935252631482,0.9,0.2056498638557569,0.9,1.1684694341418604,1.1892418701025924
atlas,FhogG,7,3,0.7142857142857143,0.17318594354721206,0.9,0.20367952203684325,0.9,1.176074211711751,1.17455930783826
atlas,FhogG,7,6,0.7142857142857143,0.17318594354721206,0.9,0.20367952203684503,0.9,1.1760742117117613,1.1745593078377923
atlas,FMs`?,7,5,1.0,0.6164253488529594,0.56,0.6319949108691676,0.56,1.025257822451948,1.025257822451948
atlas,FMs`?,7,6,1.0,0.6164253488529594,0.56,0.6319949108691676,0.56,1.025257822451948,1.025257822451948
atlas,FFwc?,7,5,1.0,0.4210694319848587,0.56,0.5638397561332846,0.54,1.339065990792606,1.339065990792606
atlas,FFwc?,7,6,1.0,0.4210694319848587,0.56,0.5638397561332846,0.54,1.339065990792606,1.339065990792606
atlas,FLg`G,7,1,1.0,0.22474548736176558,0.9,0.2247448713915876,0.9,1.0000027407529888,1.0000000000132105
atlas,FwaK_,7,3,0.5,0.224747217501986,0.9,0.22562498445433654,0.9,1.0039055742807708,1.0000120889400923
atlas,FxOY?,7,6,1.0,0.5506902711893593,0.56,0.5602245440237703,0.56,1.0173133126427296,1.0173133126427296
atlas,FxSAG,7,5,0.5714285714285714,0.14706395971305142,0.9,0.13002464689189086,0.9,1.1310467917311702,1.2156623593962659
atlas,FhFE?,7,4,1.0,0.6680265816912274,0.54,0.6999671351879921,0.54,1.0478132972132659,1.0478132972132659
atlas,FK{@G,7,5,0.6666666666666666,0.16505879540636492,0.9,0.22562498445433476,0.9,1.3669370596026675,1.4117472111324494
atlas,FsNA?,7,6,1.0,0.5728457304503445,0.54,0.5638397561332842,0.54,1.0159725777033208,1.0159725777033208
atlas,F_{p?,7,6,0.7142857142857143,0.13658295115043906,0.9,0.20367952203684148,0.9,1.4912514360046227,1.5732864398875381
atlas,FhT@G,7,0,1.0,0.4721726172770242,0.56,0.5602245440237708,0.56,1.1864824928953608,1.1864824928953608
atlas,FhDIO,7,0,1.0,0.22474411454555288,0.9,0.22474384989781626,0.9,1.0000011775527415,1.0000000000046414
atlas,F_{Og,7,2,1.0,0.22510191210934494,0.9,0.22474487139158938,0.9,1.0015886490114092,1.0000040720977341
atlas,FSYK_,7,1,1.0,0.22475939104199405,0.9,0.22475932948312494,0.9,1.0000002738879372,1.0000000000001785
atlas,FFwGG,7,6,0.5,0.22474503185518913,0.9,0.5957518879526613,0.52,2.650790022074991,59.87159006941843
atlas,Fgogg,7,3,0.6666666666666666,0.1263488406768971,0.9,0.13002464689189264,0.9,1.029092520321539,1.0440618197010958
atlas,FxOWO,7,6,0.8333333333333334,0.16603559425198977,0.9,0.20367952203684325,0.9,1.2267220348410466,1.2301850337280895
atlas,FHt@G,7,0,1.0,0.46490852013782735,0.54,0.5638397561332846,0.54,1.212797210010537,1.212797210010537
atlas,FHFEG,7,4,0.8,0.13654560032385454,0.9,0.20564986385575423,0.9,1.5060892725067698,1.5304964536509502
atlas,F_sPg,7,2,1.0,0.20404403340640442,0.9,0.20367952203684148,0.9,1.0017896318977861,1.0000040279104594
atlas,FhFK?,7,6,0.8333333333333334,0.14064579633797258,0.9,0.17271976449685855,0.9,1.228047826483289,1.2391674633041545
atlas,FhMK?,7,6,1.0,0.6631397385723277,0.54,0.7031841094451778,0.56,1.060386022045763,1.060386022045763
atlas,FxU?G,7,6,0.6666666666666666,0.08421632872577334,0.9,0.13002464689189086,0.9,1.5439362990433763,1.785686043753076
atlas,FHhGg,7,0,0.7142857142857143,0.13562844707367283,0.9,0.17271976449685766,0.9,1.2734774173373598,1.2546719730313276
atlas,FLJK?,7,6,1.0,0.5814095930277674,0.54,0.5638397561332846,0.54,1.0311610465621894,1.0311610465621894
atlas,FFw_G,7,6,1.0,0.4816479159489804,0.54,0.5957518879526613,0.52,1.2369032818897687,1.2369032818897687
atlas,F~aC?,7,4,1.0,0.3228763305953546,0.9,0.3228756555322949,0.9,1.0000020907833964,1.0000000000125868
atlas,F~aC?,7,5,1.0,0.3228763305953546,0.9,0.3228756555322949,0.9,1.0000020907833964,1.0000000000125868
atlas,F~aC?,7,6,1.0,0.3228763305953546,0.9,0.3228756555322949,0.9,1.0000020907833964,1.0000000000125868
atlas,F~a@?,7,4,1.0,0.22528979125697646,0.9,0.2252752759466743,0.9,1.0000644336589586,1.0000000075859599
atlas,F~a@?,7,5,1.0,0.22528979125697646,0.9,0.2252752759466743,0.9,1.0000644336589586,1.0000000075859599
atlas,F~a@?,7,6,1.0,0.22528979125697646,0.9,0.22475932948311872,0.9,1.002360132391735,1.0000061044273696
atlas,F~_Q?,7,4,1.0,0.6973299022563699,0.56,0.7031841094451778,0.56,1.0083951758986174,1.0083951758986174
atlas,F~_Q?,7,5,1.0,0.6973299022563699,0.56,0.7031841094451778,0.56,1.0083951758986174,1.0083951758986174
atlas,F~_Q?,7,6,1.0,0.6973299022563699,0.56,0.7031841094451778,0.56,1.0083951758986174,1.0083951758986174
atlas,FzW`?,7,5,1.0,0.8506595649788604,0.48,0.8638475452747834,0.48,1.0155032410600717,1.0155032410600717
atlas,FzW`?,7,6,1.0,0.8506595649788604,0.48,0.8638475452747834,0.48,1.0155032410600717,1.0155032410600717
atlas,FzWa?,7,5,1.0,0.8894493069569678,0.48,0.9347560842189924,0.48,1.0509380095162821,1.0509380095162821
atlas,FzWa?,7,6,1.0,0.8894493069569678,0.48,0.9347560842189924,0.48,1.0509380095162821,1.0509380095162821
atlas,FjtA?,7,5,1.0,0.16470157900304727,0.9,0.1647008544366475,0.9,1.0000043992874368,1.0000000000254543
atlas,FjtA?,7,6,1.0,0.16470157900304727,0.9,0.1647008544366475,0.9,1.0000043992874368,1.0000000000254543
atlas,Fjt?O,7,5,1.0,0.22475835353076512,0.9,0.2247438498978216,0.9,1.0000645340593308,1.0000000075860063
atlas,Fjt?O,7,6,1.0,0.22475835353076512,0.9,0.2247593294831205,0.9,1.0000043422295102,1.0000000000238323
atlas,Fz`a?,7,4,0.5,0.2247440165489305,0.9,0.6999671351879921,0.54,3.114508434691064,70.34496445331995
atlas,Fz`a?,7,6,1.0,0.2247440165489305,0.9,0.22474384989781981,0.9,1.000000741515778,1.00000000000482
atlas,FjsGO,7,5,1.0,0.22527550767824778,0.9,0.2252752759466743,0.9,1.0000010286595922,1.0000000000049092
atlas,FjsGO,7,6,1.0,0.22527550767824778,0.9,0.2252752759466743,0.9,1.0000010286595922,1.0000000000049092
atlas,FjsG_,7,5,1.0,0.7148685980569045,0.56,0.7031841094451778,0.56,1.0166165424599056,1.0166165424599056
atlas,FjsG_,7,6,1.0,0.7148685980569045,0.56,0.7031841094451778,0.56,1.0166165424599056,1.0166165424599056
atlas,Fz`c?,7,4,1.0,0.6392384071788584,0.56,0.6319949108691676,0.56,1.011461320629511,1.011461320629511
atlas,Fz`c?,7,6,1.0,0.6392384071788584,0.56,0.6319949108691685,0.56,1.0114613206295096,1.0114613206295096
atlas,FjuA?,7,5,1.0,0.563399165488744,0.56,0.6999671351879921,0.54,1.2424000212722655,1.2424000212722655
atlas,FjuA?,7,6,1.0,0.563399165488744,0.56,0.5602245440237708,0.56,1.0056666947188209,1.0056666947188209
atlas,FXSx?,7,0,1.0,0.22527588504988394,0.9,0.22527527594667518,0.9,1.0000027038173904,1.0000000000128533
atlas,FXSx?,7,6,1.0,0.22527588504988394,0.9,0.22527527594666985,0.9,1.0000027038174142,1.0000000000128533
atlas,Fv`c?,7,4,1.0,0.02364205438210476,0.9,0.0236404091045479,0.9,1.0000695959849757,1.0000000077698818
atlas,Fv`c?,7,6,1.0,0.02364205438210476,0.9,0.0236404091045479,0.9,1.0000695959849757,1.0000000077698818
atlas,F~a?G,7,4,1.0,0.2247462341309543,0.9,0.22474487139158583,0.9,1.000006063494842,1.0000000000681943
atlas,F~a?G,7,6,0.5,0.2247462341309543,0.9,0.3235518321983104,0.9,1.4396318294249346,1.4963324413203856
atlas,Fju?O,7,5,0.6666666666666666,0.20638211146358376,0.9,0.20564986385575335,0.9,1.0035606520427556,1.012947140621112
atlas,Fju?O,7,6,0.8333333333333334,0.20638211146358376,0.9,0.20367952203684148,0.9,1.0132688323289243,1.022160622118456
atlas,FjsH?,7,5,1.0,0.6807778379823164,0.56,0.7031841094451783,0.56,1.0329127509927019,1.0329127509927019
atlas,FjsH?,7,6,1.0,0.6807778379823164,0.56,0.6999671351879917,0.54,1.0281873118292868,1.0281873118292868
atlas,FXSwG,7,0,1.0,0.5946672091407121,0.56,0.7031841094451778,0.56,1.182483410277946,1.182483410277946
atlas,FXSwG,7,6,1.0,0.5946672091407121,0.56,0.5638397561332846,0.54,1.054674138657474,1.054674138657474
atlas,F~_?g,7,4,1.0,0.2038158061228197,0.9,0.20367952203684325,0.9,1.0006691103976166,1.0000020842342672
atlas,F~_?g,7,5,0.6,0.2038158061228197,0.9,0.3235518321983104,0.9,1.5874717390825794,1.6690510093791995
atlas,FjuC?,7,5,1.0,0.6274006495937066,0.56,0.6319949108691685,0.56,1.0073226912953264,1.0073226912953264
atlas,FjuC?,7,6,1.0,0.6274006495937066,0.56,0.6319949108691685,0.56,1.0073226912953264,1.0073226912953264
atlas,FlkG_,7,5,1.0,0.5020416503110647,0.56,0.5638397561332842,0.54,1.1230935835381972,1.1230935835381972
atlas,FlkG_,7,6,1.0,0.5020416503110647,0.56,0.5638397561332842,0.54,1.1230935835381972,1.1230935835381972
atlas,Fz`_G,7,4,0.6666666666666666,0.14619377169468262,0.9,0.20564986385575423,0.9,1.4066937426393396,1.4951048922466816
atlas,Fz`_G,7,6,0.6666666666666666,0.14619377169468262,0.9,0.20564986385575512,0.9,1.4066937426393455,1.4951048922469692
atlas,FXSwO,7,0,1.0,0.22477384729891448,0.9,0.2247593294831205,0.9,1.0000645927171405,1.0000000075862738
atlas,FXSwO,7,6,1.0,0.22477384729891448,0.9,0.22475932948311783,0.9,1.0000645927171523,1.0000000075864524
atlas,Fju@?,7,5,0.8,0.18645059585138046,0.9,0.20564986385575423,0.9,1.1029724143101023,1.1036072318065278
atlas,Fju@?,7,6,0.8,0.18645059585138046,0.9,0.20564986385575512,0.9,1.102972414310107,1.10360723180674
atlas,Fv`_G,7,4,1.0,0.5546273251854268,0.54,0.5638397561332851,0.54,1.0166101281518691,1.0166101281518691
atlas,Fv`_G,7,6,1.0,0.5546273251854268,0.54,0.6999671351879919,0.54,1.2620494941427094,1.2620494941427094
atlas,Fv@h?,7,4,0.6666666666666666,0.175832473135074,0.9,0.2056498638557569,0.9,1.1695784071567785,1.1892440563206754
atlas,Fv@h?,7,6,0.8333333333333334,0.175832473135074,0.9,0.20367952203684325,0.9,1.1583726168736603,1.1485900786887913
atlas,Fr`s?,7,4,1.0,0.612224738573838,0.56,0.6319949108691676,0.56,1.032292344705612,1.032292344705612
atlas,Fr`s?,7,6,1.0,0.612224738573838,0.56,0.6319949108691676,0.56,1.032292344705612,1.032292344705612
atlas,F~AGG,7,4,1.0,0.41413393698020773,0.9,0.41421356237309315,0.9,1.0001922696639305,1.0000003867476457
atlas,F~AGG,7,6,1.0,0.41413393698020773,0.9,0.41421356237309315,0.9,1.0001922696639305,1.0000003867476457
atlas,FB}GO,7,6,1.0,0.22474541592205632,0.9,0.2247448713915876,0.9,1.000002422882735,1.0000000000134783
atlas,Fxec?,7,6,1.0,0.22474406232645094,0.9,0.22474384989781804,0.9,1.0000009452033192,1.00000000000482
atlas,FB}G_,7,6,1.0,0.22475935122559854,0.9,0.2247593294831205,0.9,1.0000000967367098,1.0000000000011604
atlas,FzW_G,7,6,0.5,0.22474505799335276,0.9,0.7759408729688366,0.5,3.4525380886986468,77.98013704021183
atlas,F?~oO,7,6,1.0,0.8695238272995842,0.45999999999999996,0.9347560842189921,0.48,1.0750206663364188,1.0750206663364188
atlas,FhMh?,7,6,1.0,0.5459382654283287,0.56,0.5602245440237708,0.56,1.0261683041840517,1.0261683041840517
atlas,FjsAG,7,5,0.5,0.16507886205169164,0.9,0.16543714219832673,0.9,1.002170357501755,1.0000062560108454
atlas,FB}H?,7,6,0.6666666666666666,0.1651201497740713,0.9,0.22562498445433654,0.9,1.3664291412226315,1.4117442679512386
atlas,FB}K?,7,6,1.0,0.6973072064089811,0.54,0.6999671351879921,0.54,1.0038145723356413,1.0038145723356413
atlas,FyQAg,7,4,1.0,0.5637786382150942,0.56,0.5602245440237708,0.56,1.0063440529859624,1.0063440529859624
atlas,Flec?,7,6,1.0,0.22474442670515593,0.9,0.22474384989781804,0.9,1.0000025665099985,1.0000000000124964
atlas,FJyGO,7,6,1.0,0.2249359098085275,0.9,0.22474487139158938,0.9,1.0008500234766438,1.000002044751334
atlas,FjsGG,7,6,0.6,0.1689559420015474,0.9,0.16543714219832673,0.9,1.0212697085821412,1.0410312641757247
atlas,FhMgO,7,6,1.0,0.548530024894341,0.54,0.5638397561332846,0.54,1.0279104707930848,1.0279104707930848
atlas,FhMgG,7,6,0.8333333333333334,0.16593313306891933,0.9,0.20367952203684503,0.9,1.2274795170187498,1.2301866265843375
atlas,FyaAg,7,4,1.0,0.6867278701542918,0.54,0.7031841094451774,0.56,1.023963261149119,1.023963261149119
atlas,Fxea?,7,6,0.6666666666666666,0.1724127792110215,0.9,0.13002464689188997,0.9,1.3260007493377426,1.4379455018297793
atlas,Fxe_O,7,6,1.0,0.7142464175818353,0.54,0.6999671351879921,0.54,1.0203999326197053,1.0203999326197053
atlas,FJyH?,7,6,1.0,0.20403169422271006,0.9,0.20367952203684325,0.9,1.0017290505316636,1.0000043046802862
atlas,Fle__,7,6,1.0,0.5903184133103283,0.54,0.5638397561332846,0.54,1.0469613163829201,1.0469613163829201
atlas,Fle`?,7,6,1.0,0.2247595609666675,0.9,0.22475932948313027,0.9,1.0000010299173687,1.0000000000047307
atlas,Fz@cO,7,4,1.0,0.646998558936611,0.52,0.7759408729688366,0.5,1.199293046717371,1.199293046717371
atlas,F?~q?,7,6,0.5,0.22474518522803777,0.9,0.5957518879526613,0.52,2.650788213096452,59.87159006911916
atlas,Fju?G,7,6,0.75,0.12108445697789261,0.9,0.16543714219832673,0.9,1.3662954463968233,1.4119848599422495
atlas,FhMi?,7,6,0.8,0.13643190303596953,0.9,0.205649863855756,0.9,1.5073443914473401,1.5304989936052948
atlas,FhMk?,7,6,1.0,0.6561106252414648,0.52,0.6999671351879921,0.54,1.0668431637277433,1.0668431637277433
atlas,FhMg_,7,6,0.8,0.09856066165012489,0.9,0.13002464689188997,0.9,1.3192347201711911,1.363870552834862
atlas,FyIAg,7,4,0.8,0.136273132387001,0.9,0.13002464689188997,0.9,1.0480561620006275,1.0802046428838423
atlas,FhdW_,7,6,1.0,0.5572591332677372,0.54,0.5638397561332846,0.54,1.0118089098458718,1.0118089098458718
atlas,Flea?,7,6,0.6666666666666666,0.12607574970274804,0.9,0.13002464689189264,0.9,1.0313216236941285,1.0440557685583427
atlas,FhNGO,7,6,1.0,0.2038708026141931,0.9,0.20367952203684503,0.9,1.0009391252269018,1.0000018779976623
atlas,Fv@cO,7,4,0.6,0.05457698485257367,0.9,0.11138896346007776,0.9,2.0409512134275594,2.4074180034604775
atlas,Fhfa?,7,6,1.0,0.17272427198987206,0.9,0.1727197644968559,0.9,1.000026097146608,1.0000012066546315
atlas,FJyK?,7,6,1.0,0.20571526276593843,0.9,0.20564986385575423,0.9,1.000318010957839,1.0000001734881632
atlas,FHS|?,7,0,0.6,0.20811468613250206,0.9,0.1113889634600751,0.9,1.8683600212070934,1.9967578235157495
atlas,Fhfc?,7,6,1.0,0.20354210089837643,0.9,0.20367952203684503,0.9,1.0006751484722918,1.0000030058082525
atlas,FhdWG,7,6,0.8333333333333334,0.1404050771684977,0.9,0.17271976449685855,0.9,1.230153267816523,1.239172817798137
atlas,Fle_O,7,6,1.0,0.6039635366862137,0.52,0.5957518879526613,0.52,1.0137836721957731,1.0137836721957731
atlas,FyAIg,7,4,0.8,0.16931217131679155,0.9,0.22562498445433565,0.9,1.3325975486557313,1.3560847367345312
atlas,FhUgG,7,6,1.0,0.45951933539332135,0.54,0.5638397561332846,0.54,1.227020742556287,1.227020742556287
atlas,FhdY?,7,6,1.0,0.6609776975793566,0.54,0.7031841094451778,0.56,1.0638545173617662,1.0638545173617662
atlas,FJyG_,7,6,1.0,0.22563691037035571,0.9,0.22562498445433654,0.9,1.0000528572491563,1.0000000004416518
atlas,F~AGO,7,6,1.0,0.32356207478811694,0.9,0.3235518321983104,0.9,1.000031656720152,1.0000000002227418
atlas,Fhd[?,7,6,0.8,0.0984010650016156,0.9,0.13002464689188997,0.9,1.3213743864434309,1.3638770980673862
atlas,Fhf_O,7,6,1.0,0.20564761294399236,0.9,0.20564986385575246,0.9,1.000010945479638,1.0000009701223271
atlas,FhNK?,7,6,1.0,0.13036088613826635,0.9,0.1300246468918882,0.9,1.002585965464361,1.000006130863142
atlas,Fr@sO,7,4,0.75,0.023811543675298807,0.9,0.11138896346007598,0.9,4.6779396152978805,100.50875554754596
atlas,FhUk?,7,6,1.0,0.4577008170933681,0.54,0.5957518879526611,0.52,1.3016185807488552,1.3016185807488552
atlas,F~H`?,7,4,1.0,0.22527581861998058,0.9,0.22527527594667518,0.9,1.0000024089341502,1.0000000000121392
atlas,F~H`?,7,6,1.0,0.22527581861998058,0.9,0.2252752759466743,0.9,1.0000024089341542,1.0000000000121392
atlas,F~Ha?,7,4,1.0,0.22477380846295603,0.9,0.22475932948311872,0.9,1.0000644199280653,1.0000000075860953
atlas,F~Ha?,7,6,1.0,0.22477380846295603,0.9,0.22475932948311872,0.9,1.0000644199280653,1.0000000075860953
atlas,F~`a?,7,4,1.0,0.6964458487382856,0.56,0.6999671351879921,0.54,1.005056080750694,1.005056080750694
atlas,F~`a?,7,6,1.0,0.6964458487382856,0.56,0.7031841094451778,0.56,1.0096752112444918,1.0096752112444918
atlas,F~`c?,7,4,1.0,0.6357337388836122,0.56,0.6319949108691676,0.56,1.0059159147489063,1.0059159147489063
atlas,F~`c?,7,6,1.0,0.6357337388836122,0.56,0.6319949108691685,0.56,1.0059159147489047,1.0059159147489047
atlas,F~`__,7,4,0.8,0.21120087158736478,0.9,0.20564986385575423,0.9,1.026992518387973,1.0082110912168745
atlas,F~`__,7,6,0.8,0.21120087158736478,0.9,0.20564986385575423,0.9,1.026992518387973,1.0082110912168745
atlas,Fl{GO,7,5,1.0,0.02364106195928173,0.9,0.023640409104549676,0.9,1.0000276160505162,1.0000000024820457
atlas,Fl{GO,7,6,1.0,0.02364106195928173,0.9,0.023640409104549676,0.9,1.0000276160505162,1.0000000024820457
atlas,FZSw_,7,0,1.0,0.5678957243672869,0.54,0.6999671351879921,0.54,1.2325627842467926,1.2325627842467926
atlas,FZSw_,7,6,1.0,0.5678957243672869,0.54,0.5638397561332846,0.54,1.0071934768520356,1.0071934768520356
atlas,F~@h?,7,4,0.6,0.20396694447893626,0.9,0.3235518321983113,0.9,1.5862954314723512,1.6690464538387577
atlas,F~@h?,7,6,1.0,0.20396694447893626,0.9,0.20367952203684325,0.9,1.0014111504152146,1.0000048136670874
atlas,FZSx?,7,0,1.0,0.6225859866409333,0.56,0.631994910869168,0.56,1.0151126501882881,1.0151126501882881
atlas,FZSx?,7,6,1.0,0.6225859866409333,0.56,0.6319949108691676,0.56,1.0151126501882874,1.0151126501882874
atlas,FxqgG,7,3,0.8,0.1863504990641669,0.9,0.20564986385575335,0.9,1.1035648677546124,1.1036082262276472
atlas,FxqgG,7,6,0.8,0.1863504990641669,0.9,0.20564986385575423,0.9,1.103564867754617,1.1036082262276472
atlas,F~`_G,7,4,1.0,0.20606301928239734,0.9,0.20564986385575423,0.9,1.0020090235845374,1.0000062541900276
atlas,F~`_G,7,6,0.75,0.20606301928239734,0.9,0.3235518321983104,0.9,1.570159620707593,1.611988242466843
atlas,FZSwO,7,0,1.0,0.67469043515975,0.54,0.6999671351879921,0.54,1.037464144607678,1.037464144607678
atlas,FZSwO,7,6,1.0,0.67469043515975,0.54,0.6999671351879921,0.54,1.037464144607678,1.037464144607678
atlas,F~@gG,7,4,1.0,0.41405785554759955,0.9,0.41421356237309315,0.9,1.0003760508909743,1.0000007725452462
atlas,F~@gG,7,6,1.0,0.41405785554759955,0.9,0.41421356237309315,0.9,1.0003760508909743,1.0000007725452462
atlas,F?~wG,7,6,1.0,0.9040559731128976,0.45999999999999996,0.9347560842189921,0.48,1.033958197300977,1.033958197300977
atlas,F|ec?,7,6,1.0,0.22474438410564623,0.9,0.22474384989781804,0.9,1.0000023769630557,1.0000000000132105
atlas,F|e`?,7,6,1.0,0.2247595281928625,0.9,0.22475932948313027,0.9,1.00000088410004,1.0000000000047307
atlas,F?~y?,7,6,0.5,0.22474523453976225,0.9,0.7759408729688366,0.5,3.4525353765912934,77.9801370398499
atlas,F|e__,7,6,1.0,0.713201623034329,0.54,0.6999671351879921,0.54,1.0189072989016583,1.0189072989016583
atlas,FyuK?,7,6,1.0,0.7025838971890881,0.56,0.7031841094451774,0.56,1.0008542926453206,1.0008542926453206
atlas,FyVI?,7,6,1.0,0.5589245937946536,0.56,0.5602245440237708,0.56,1.0023258060989793,1.0023258060989793
atlas,F~aK?,7,6,1.0,0.22477681182887643,0.9,0.22474487139158583,0.9,1.0001421186481045,1.0000000223708096
atlas,FlfO_,7,6,1.0,0.6819327094641039,0.54,0.7031841094451778,0.56,1.0311634853206768,1.0311634853206768
atlas,F|e_G,7,6,0.6,0.16886235010415618,0.9,0.16543714219833028,0.9,1.0207039837627252,1.0410301226177838
atlas,F^eG_,7,6,1.0,0.2038662249928711,0.9,0.2036795220368397,0.9,1.0009166505997478,1.0000021597034248
atlas,FyVK?,7,6,1.0,0.6739975714252053,0.54,0.6999671351879928,0.54,1.038530648868472,1.038530648868472
atlas,FPzp?,7,6,1.0,0.569767933224224,0.54,0.5638397561332846,0.54,1.0105139395128748,1.0105139395128748
atlas,F~@`O,7,4,0.5,0.22474467394944408,0.9,0.22583427865700045,0.9,1.004848189229176,1.0000122240402332
atlas,Fxf`?,7,6,1.0,0.2035334599313643,0.9,0.20367952203684325,0.9,1.000717631909408,1.0000027267866025
atlas,FyVGG,7,6,0.8,0.16937708041237443,0.9,0.22562498445433565,0.9,1.3320868673908954,1.3560827262080597
atlas,F|e_O,7,6,1.0,0.6885733991158669,0.54,0.7759408729688364,0.5,1.126881860329124,1.126881860329124
atlas,F^MG_,7,6,1.0,0.5416854899505246,0.54,0.5638397561332846,0.54,1.040898762462298,1.040898762462298
atlas,F~aH?,7,6,1.0,0.2256283825584049,0.9,0.22562498445433654,0.9,1.0000150608500942,1.0000000001462057
atlas,FO~oG,7,6,1.0,0.22475988125748358,0.9,0.2247593294831125,0.9,1.0000024549564743,1.000000000012675
atlas,F^eH?,7,6,1.0,0.20565304927801265,0.9,0.20564986385575423,0.9,1.000015489542267,1.00000064164296
atlas,FPzs?,7,6,0.8,0.13614826193622243,0.9,0.13002464689189086,0.9,1.0470958021475962,1.0802027704752688
atlas,FlfQ?,7,6,1.0,0.6908585788507007,0.54,0.6999671351879924,0.54,1.0131844007096857,1.0131844007096857
atlas,F^MGO,7,6,0.8,0.13632349434651214,0.9,0.20564986385575423,0.9,1.5085430786642378,1.530501527306333
atlas,F~@cO,7,4,0.6666666666666666,0.16514549513804333,0.9,0.22583427865700045,0.9,1.3674867635246606,1.4117473058444698
atlas,Fxf_G,7,6,1.0,0.13011616445273333,0.9,0.13002464689189175,0.9,1.0007038477937007,1.000000123091217
atlas,FyuGG,7,6,0.75,0.20059304998261496,0.9,0.1654371421983276,0.9,1.2125031133706488,1.2243401805577485
atlas,FO~s?,7,6,1.0,0.6333990435493648,0.52,0.5957518879526613,0.52,1.0631926752697005,1.0631926752697005
atlas,FyVH?,7,6,0.75,0.12110369096979845,0.9,0.16543714219832673,0.9,1.3660784479276062,1.4119829984853052
atlas,FlMh?,7,6,1.0,0.5504124409896292,0.54,0.5638397561332846,0.54,1.024395006623603,1.024395006623603
atlas,FhewG,7,6,1.0,0.17270298781338944,0.9,0.17271976449685855,0.9,1.0000971418252893,1.0000010359871965
atlas,Flfc?,7,6,1.0,0.20370514390611838,0.9,0.20367952203684503,0.9,1.0001257950186504,1.0000002666339856
atlas,F~aGG,7,6,1.0,0.3235551445026488,0.9,0.3235518321983104,0.9,1.0000102373221498,1.0000000000739688
atlas,Fl{?W,7,5,0.5,0.02399434100380482,0.9,0.024332310275799074,0.9,1.0140853742113884,1.000623016047458
atlas,F^eI?,7,6,1.0,0.16566387919275716,0.9,0.16543714219833028,0.9,1.001370532586661,1.0000030687381052
atlas,FlfOO,7,6,0.75,0.15179143174046317,0.9,0.11138896346007598,0.9,1.3627151831327367,1.4133348265023566
atlas,FhewO,7,6,1.0,0.13005619052084594,0.9,0.13002464689188997,0.9,1.00024259730528,1.0000012418220239
atlas,FlfP?,7,6,0.75,0.12089899611879851,0.9,0.1654371421983285,0.9,1.368391363942887,1.4119896709999005
atlas,Fhe{?,7,6,1.0,0.20558986407053315,0.9,0.20564986385575423,0.9,1.0002918421367335,1.0000014349521849
atlas,FlMgG,7,6,0.8,0.09827286450753281,0.9,0.13002464689188997,0.9,1.32309816696066,1.3638809420681661
atlas,Flfa?,7,6,1.0,0.13037539294816547,0.9,0.13002464689189264,0.9,1.0026975351570417,1.0000074342657952
atlas,Fxf__,7,6,1.0,0.3234547818915976,0.9,0.3235518321983104,0.9,1.0003000428874331,1.0000006856685741
atlas,FJS|?,7,0,0.6666666666666666,0.10732056117520372,0.9,0.02433231027580529,0.9,4.410619458601816,100.37567073349152
atlas,FhDjO,7,0,1.0,0.5723120623177471,0.52,0.5957518879526613,0.52,1.0409563718436892,1.0409563718436892
atlas,FlMk?,7,6,1.0,0.6537671742680962,0.52,0.6999671351879921,0.54,1.0706672998252285,1.0706672998252285
atlas,Flf__,7,6,1.0,0.20577266216920087,0.9,0.20564986385575423,0.9,1.0005971232421178,1.0000009359890039
atlas,Flf`?,7,6,1.0,0.22563334730548767,0.9,0.22562498445433565,0.9,1.0000370652708177,1.0000000003131193
atlas,F~@_W,7,4,1.0,0.22585173603905417,0.9,0.22583427865700045,0.9,1.0000773017371745,1.0000000004508454
atlas,F^MI?,7,6,0.75,0.023777485659500996,0.9,0.11138896346007776,0.9,4.684640127858473,100.50892677239403
atlas,F^MGG,7,6,1.0,0.6587130821492151,0.5,0.7759408729688366,0.5,1.1779648742319444,1.1779648742319444
atlas,FO~q?,7,6,0.6,0.20786787736710277,0.9,0.11138896346007598,0.9,1.8661442831506978,1.9967523376125738
atlas,Fhey?,7,6,1.0,0.16537616295680468,0.9,0.16543714219832584,0.9,1.0003687305378894,1.0000021049163113
atlas,FlMi?,7,6,0.75,0.023505719837809025,0.9,0.11138896346007776,0.9,4.738802479935469,100.57106766505416
atlas,Flf_O,7,6,1.0,0.11143383369981219,0.9,0.11138896346007598,0.9,1.0004028248252106,1.0000000024810556
atlas,FtTgO,7,6,1.0,0.130000098165735,0.9,0.13002464689188997,0.9,1.000188836212444,1.000002599446722
atlas,FlUk?,7,6,1.0,0.4513282404175851,0.52,0.5957518879526611,0.52,1.3199969215342031,1.3199969215342031
atlas,Fn{GO,7,5,1.0,0.6308507293528494,0.56,0.6319949108691676,0.56,1.001813711965574,1.001813711965574
atlas,Fn{GO,7,6,1.0,0.6308507293528494,0.56,0.6319949108691676,0.56,1.001813711965574,1.001813711965574
atlas,Fn{OO,7,5,1.0,0.6867094169535528,0.54,0.6999671351879917,0.54,1.0193061546953208,1.0193061546953208
atlas,Fn{OO,7,6,1.0,0.6867094169535528,0.54,0.6999671351879917,0.54,1.0193061546953208,1.0193061546953208
atlas,Fn{_O,7,5,0.75,0.20618900144070995,0.9,0.3235518321983104,0.9,1.5692002480129783,1.6119851694176508
atlas,Fn{_O,7,6,1.0,0.20618900144070995,0.9,0.2056498638557569,0.9,1.0026216286986274,1.0000081605773568
atlas,Fn{`?,7,5,1.0,0.41405818257161453,0.9,0.41421356237309315,0.9,1.0003752607918859,1.0000007716430692
atlas,Fn{`?,7,6,1.0,0.41405818257161453,0.9,0.41421356237309315,0.9,1.0003752607918859,1.0000007716430692
atlas,Fn{c?,7,5,1.0,0.3242364184939799,0.9,0.3235518321983104,0.9,1.0021158473775846,1.0000060600339324
atlas,Fn{c?,7,6,1.0,0.3242364184939799,0.9,0.3235518321983104,0.9,1.0021158473775846,1.0000060600338727
atlas,F_~wO,7,6,1.0,0.22475985405908716,0.9,0.2247593294831205,0.9,1.0000023339452377,1.000000000013389
atlas,FjtY?,7,6,1.0,0.6984233236640573,0.56,0.7031841094451778,0.56,1.0068164759391833,1.0068164759391833
atlas,FjtWO,7,6,1.0,0.7014088688726567,0.54,0.6999671351879921,0.54,1.0020597162526457,1.0020597162526457
atlas,F_~y?,7,6,1.0,0.7205190438271236,0.54,0.7759408729688366,0.5,1.0769193120105935,1.0769193120105935
atlas,F^mH?,7,6,1.0,0.20559352539125708,0.9,0.20564986385575423,0.9,1.0002740283984621,1.0000011086512985
atlas,FjtWG,7,6,0.75,0.20069247352364616,0.9,0.16543714219832673,0.9,1.2131040880956176,1.2243423088992127
atlas,F^Mh?,7,6,1.0,0.5626579680103896,0.54,0.5638397561332846,0.54,1.002100366812673,1.002100366812673
atlas,FjvI?,7,6,1.0,0.20370784680390752,0.9,0.20367952203684503,0.9,1.0001390653649382,1.000000019990659
atlas,F^Mg_,7,6,1.0,0.6700353765495124,0.54,0.6999671351879928,0.54,1.0446719079112214,1.0446719079112214
atlas,FjvGO,7,6,1.0,0.22562709668335668,0.9,0.22562498445433654,0.9,1.0000093616805126,1.0000000000915794
atlas,F@`zw,7,0,0.5,0.22474352181061086,0.9,0.22583427865699868,0.9,1.0048533405439246,1.0000122240597813
atlas,Flfs?,7,6,1.0,0.20572187493330496,0.9,0.20564986385575246,0.9,1.000350163507052,1.000000474832306
atlas,F^Mk?,7,6,0.75,0.12092375465399652,0.9,0.1654371421983285,0.9,1.368111192641179,1.4119878035054072
atlas,Fxva?,7,6,1.0,0.1300725447031983,0.9,0.13002464689188997,0.9,1.0003683748616379,1.0000000616984999
atlas,FjvGG,7,6,1.0,0.16565639879506477,0.9,0.16543714219832673,0.9,1.0013253166358205,1.0000030684313974
atlas,Fjt[?,7,6,0.6666666666666666,0.16518283135871847,0.9,0.22583427865700045,0.9,1.367177670944316,1.411745816064751
atlas,FrXx?,7,6,1.0,0.6863949874212771,0.54,0.6999671351879921,0.54,1.0197730869476542,1.0197730869476542
atlas,FjvG_,7,6,1.0,0.32344911309122626,0.9,0.32355183219831307,0.9,1.0003175742425297,1.0000006857930688
atlas,Fxv`?,7,6,1.0,0.20553459784977246,0.9,0.20564986385575423,0.9,1.00056081072086,1.0000018986439423
atlas,F^MgG,7,6,1.0,0.7078851888460564,0.5,0.7759408729688366,0.5,1.0961394378567515,1.0961394378567515
atlas,FlfoG,7,6,1.0,0.13039775863491965,0.9,0.13002464689188997,0.9,1.0028695462894808,1.0000087452170467
atlas,FrXwG,7,6,1.0,0.6001959234527183,0.52,0.5957518879526613,0.52,1.0074595407751525,1.0074595407751525
atlas,Fn{GG,7,6,0.5,0.22474366611215757,0.9,0.5791163752953026,0.58,2.5767861907454,58.19976222703484
atlas,Flfq?,7,6,1.0,0.1656971403536831,0.9,0.16543714219832495,0.9,1.0015715827286624,1.0000041213073914
atlas,Fxv_O,7,6,1.0,0.32345293601022806,0.9,0.3235518321983113,0.9,1.0003057514001978,1.0000006849053216
atlas,Fxv_G,7,6,1.0,0.11163292062121144,0.9,0.11138896346007776,0.9,1.0021901376362221,1.00000606027854
atlas,FrXwO,7,6,0.75,0.1517641564167196,0.9,0.11138896346007598,0.9,1.3624703175473472,1.4133351933883946
atlas,F^mI?,7,6,1.0,0.22638038668235438,0.9,0.22583427865700045,0.9,1.0024181803958263,1.0000061048011422
atlas,Fn{@G,7,5,1.0,0.4414691218425557,0.6,0.5791163752953026,0.58,1.3117936150964529,1.3117936150964524
atlas,FhfwG,7,6,1.0,0.17275124192461355,0.9,0.17271976449685855,0.9,1.0001822456616167,1.0000000271014868
atlas,FzNI?,7,6,1.0,0.13002192614497332,0.9,0.1300246468918882,0.9,1.0000209252931067,1.0000012892435888
atlas,Fhfy?,7,6,1.0,0.1653699542280842,0.9,0.16543714219832584,0.9,1.000406288860363,1.0000021051630397
atlas,FjvH?,7,6,1.0,0.22584552336785713,0.9,0.22583427865700045,0.9,1.0000497918691686,1.0000000002997305
atlas,F^Mi?,7,6,0.6666666666666666,0.10715273841544182,0.9,0.024332310275798186,0.9,4.403722342880852,100.3753601681882
atlas,F?\vg,7,0,1.0,0.5649070131240439,0.52,0.5957518879526613,0.52,1.0546016850774065,1.0546016850774065
atlas,FyUy?,7,6,1.0,0.22565546193427988,0.9,0.22562498445433654,0.9,1.0001350802528233,1.000000015245378
atlas,FzNGG,7,6,1.0,0.16541354599960734,0.9,0.1654371421983285,0.9,1.0001426497363235,1.000001048590995
atlas,FzNG_,7,6,1.0,0.11127199510852304,0.9,0.11138896346007776,0.9,1.0010511930826858,1.0000030838704774
atlas,FlfoO,7,6,1.0,0.024463430058982105,0.9,0.024332310275799074,0.9,1.0053887108004471,1.0000122903158177
atlas,Fxv__,7,6,1.0,0.22584551469125014,0.9,0.22583427865699868,0.9,1.0000497534489374,1.0000000002951783
atlas,F^NI?,7,6,0.75,0.023215124028512335,0.9,0.11138896346007776,0.9,4.798120540871207,100.63330251831522
atlas,FyUx?,7,6,1.0,0.11171154949149464,0.9,0.11138896346007598,0.9,1.0028960322584766,1.0000061726181944
atlas,FrX{?,7,6,0.6666666666666666,0.1073692825984578,0.9,0.024332310275799074,0.9,4.412621793058727,100.37597052952654
atlas,F?\~_,7,0,1.0,0.6668261654540204,0.5,0.7759408729688366,0.5,1.1636329123955769,1.1636329123955769
atlas,F~|A?,7,5,1.0,0.41423568818249823,0.9,0.41421356237309315,0.9,1.0000534164291441,1.0000000074947935
atlas,F~|A?,7,6,1.0,0.41423568818249823,0.9,0.41421356237309315,0.9,1.0000534164291441,1.0000000074947935
atlas,F~{OO,7,5,1.0,0.32423012722850775,0.9,0.3235518321983104,0.9,1.0020964029954298,1.0000060598865912
atlas,F~{OO,7,6,1.0,0.32423012722850775,0.9,0.3235518321983104,0.9,1.0020964029954298,1.0000060598865912
atlas,F~Xq?,7,6,1.0,0.6951973712728476,0.54,0.6999671351879921,0.54,1.0068610212182068,1.0068610212182068
atlas,F~Xo_,7,6,1.0,0.7540257344024763,0.5,0.7759408729688366,0.5,1.0290641785372576,1.0290641785372576
atlas,Fn}GO,7,6,1.0,0.20567319587270205,0.9,0.20564986385575512,0.9,1.0001134550566164,1.0000000148054817
atlas,Fn}I?,7,6,1.0,0.16569101446372692,0.9,0.1654371421983276,0.9,1.0015345542241956,1.0000041210486932
atlas,F~Xs?,7,6,0.6666666666666666,0.16521775309704445,0.9,0.22583427865699868,0.9,1.3668886933981588,1.4117443300036945
atlas,Fn}K?,7,6,1.0,0.32344853804276497,0.9,0.3235518321983104,0.9,1.0003193526740621,1.0000006850065517
atlas,Fn}H?,7,6,1.0,0.22637449191262338,0.9,0.22583427865700045,0.9,1.0023920782036964,1.000006104651277
atlas,F~wY?,7,6,1.0,0.11191005806887411,0.9,0.11138896346007332,0.9,1.0046781529571156,1.0000122303507224
atlas,F~wWO,7,6,1.0,0.3235752495212605,0.9,0.3235518321983104,0.9,1.0000723758007828,1.0000000076418825
atlas,F~{AG,7,5,0.5555555555555556,0.22279238658449874,0.9,0.49999999999999956,0.9,2.2442418597206597,2.465629546470962
atlas,FyVy?,7,6,1.0,0.2256507359123443,0.9,0.22562498445433654,0.9,1.000114133893771,1.000000015079089
atlas,FlNwG,7,6,1.0,0.13005111147754356,0.9,0.13002464689188997,0.9,1.0002035351472678,1.0000000284788593
atlas,F}RBg,7,4,1.0,0.5913272933402751,0.52,0.5957518879526611,0.52,1.0074824799433701,1.0074824799433701
atlas,FlNw_,7,6,1.0,0.1654085517066637,0.9,0.16543714219833028,0.9,1.0001728477238425,1.0000010487961393
atlas,F~XoO,7,6,0.5,0.22474140359672923,0.9,0.5791163752953026,0.58,2.5768121317532375,58.199762229564776
atlas,FyVx?,7,6,1.0,0.22583962683197178,0.9,0.22583427865699957,0.9,1.0000236818564658,1.000000000150133
atlas,F}bBg,7,4,1.0,0.7123562462018025,0.5,0.7759408729688366,0.5,1.0892595904170979,1.0892595904170979
atlas,FR~g_,7,6,1.0,0.22584098864123003,0.9,0.22583427865699957,0.9,1.0000297119829211,1.0000000001824447
atlas,FR~k?,7,6,1.0,0.02445553901599773,0.9,0.02433231027580085,0.9,1.0050644077278363,1.0000122596522723
atlas,Fn}GG,7,6,1.0,0.4977005520121107,0.6,0.5791163752953026,0.58,1.1635839521456082,1.1635839521456077
atlas,Fl^gG,7,6,1.0,0.11111796890519532,0.9,0.1113889634600751,0.9,1.002438800470795,1.0000061626158152
atlas,Fp~oO,7,6,1.0,0.16546260237998212,0.9,0.16543714219833028,0.9,1.0001538964062937,1.0000000157882771
atlas,Fp~s?,7,6,1.0,0.11155286803845854,0.9,0.11138896346007598,0.9,1.0014714615639753,1.0000030864318525
atlas,F}BJg,7,4,0.6666666666666666,0.10721099915546972,0.9,0.02433231027580085,0.9,4.406116720535739,100.3756607426094
atlas,Fp~o_,7,6,1.0,0.02440309295567733,0.9,0.02433231027580174,0.9,1.0029089995595686,1.0000063513599293
atlas,Fl^k?,7,6,1.0,0.22585700333585645,0.9,0.22583427865700045,0.9,1.0001006254630216,1.0000000077926365
atlas,F~wWG,7,6,1.0,0.4467462650754448,0.6,0.5791163752953026,0.58,1.2962981910940063,1.2962981910940066
atlas,F@\|w,7,0,1.0,0.22636888962006196,0.9,0.22583427865699868,0.9,1.0023672711080114,1.000006104500519
atlas,F~{WO,7,6,1.0,0.3235715943286088,0.9,0.3235518321983104,0.9,1.0000610787154693,1.0000000075588464
atlas,F}~I?,7,6,1.0,0.7531400729295357,0.5,0.7759408729688366,0.5,1.0302743153084541,1.0302743153084541
atlas,Ftilg,7,1,1.0,0.16545847117910029,0.9,0.16543714219833028,0.9,1.0001289249831482,1.0000000156146356
atlas,F@\}w,7,0,1.0,0.22583668596461326,0.9,0.22583427865699868,0.9,1.0000106596200935,1.0000000000698002
atlas,FC\zw,7,0,0.5,0.22473825822683136,0.9,0.5791163752953026,0.58,2.5768481960503253,58.199762233175235
atlas,Fse|o,7,1,1.0,0.1114016580775985,0.9,0.11138896346007598,0.9,1.0001139665648031,1.0000000078606426
atlas,F@\~g,7,0,1.0,0.22585359116346915,0.9,0.22583427865699868,0.9,1.000085516275852,1.0000000077076623
atlas,FBX|w,7,0,1.0,0.02439724826559253,0.9,0.024332310275799074,0.9,1.0026687967175087,1.000006328258979
atlas,Fp~y?,7,6,1.0,0.5510450285533028,0.6,0.5791163752953026,0.58,1.0509420197759471,1.0509420197759467
atlas,F~{WG,7,6,0.625,0.24867979829199172,0.9,0.49999999999999956,0.9,2.010617683600161,2.0703306951068203
atlas,FB^bw,7,0,1.0,0.4974799148486799,0.58,0.5791163752953026,0.58,1.1641000129049517,1.164100012904952
atlas,FBX~o,7,0,1.0,0.02435616632155213,0.9,0.024332310275799074,0.9,1.0009804266624358,1.000001568583203
atlas,F~~I?,7,6,1.0,0.22585034427127315,0.9,0.22583427865700045,0.9,1.000071138953609,1.0000000076239377
atlas,FB\|w,7,0,1.0,0.5915409533919918,0.6,0.5791163752953026,0.58,1.021454371913337,1.021454371913337
atlas,Fsmtw,7,1,1.0,0.02435184637213439,0.9,0.024332310275799074,0.9,1.000802887030203,1.0000015513383265
atlas,FB\~W,7,0,1.0,0.5411971544888861,0.58,0.5791163752953026,0.58,1.0700654474841576,1.0700654474841547
atlas,FK\zw,7,0,0.7142857142857143,0.2954267069241867,0.9,0.49999999999999956,0.9,1.6924671611639737,1.6735841310199866
atlas,Fz~y?,7,6,1.0,0.5752404250905332,0.58,0.5791163752953026,0.58,1.006737965615263,1.0067379656152609
atlas,Fz~{?,7,6,0.8333333333333334,0.34956713726548827,0.9,0.49999999999999956,0.9,1.4303404030232423,1.4033960386234343
atlas,F~~x?,7,6,1.0,0.500859186164373,0.9,0.49999999999999956,0.9,1.0017183723287468,1.0000059728274127
unit_disk,G@nhKW,8,1,1.0,0.225292460112831,0.9,0.22527787111741482,0.9,1.0000647600021424,1.0000000075859599
unit_disk,Gxw?cG,8,5,0.5833333333333334,0.21094978139526077,0.9,0.21710162352899687,0.9,1.029162590703089,1.0274720494871268
unit_disk,Gxw?cG,8,6,0.5833333333333334,0.21094978139526077,0.9,0.21710162352899687,0.9,1.029162590703089,1.0274720494869376
unit_disk,G~JsGC,8,4,1.0,0.23782558879682458,0.9,0.2375468410774193,0.9,1.0011734431750008,1.0000047436560031
unit_disk,G~JsGC,8,7,0.6666666666666666,0.23782558879682458,0.9,0.4149948391324214,0.9,1.7449545325711493,1.7874186126146134
unit_disk,Gszka?,8,7,0.75,0.2065470497078845,0.9,0.2258687435767257,0.9,1.0935462108810923,1.0773015237895707
unit_disk,G~aoN_,8,4,1.0,0.23810710167364135,0.9,0.2375468410774193,0.9,1.0023585268222508,1.0000085248224402
unit_disk,G~aoN_,8,6,0.6666666666666666,0.23810710167364135,0.9,0.41499483913242496,0.9,1.7428914812512928,1.787411854145505
unit_disk,GTn||{,8,1,1.0,0.5820569561519147,0.9,0.5811388300841895,0.9,1.0015798738962118,1.0000059303459432
unit_disk,GDmUkK,8,1,1.0,0.2099324239886764,0.9,0.20966640301676165,0.9,1.0012687820656392,1.000003473967376
unit_disk,GUiOcg,8,1,1.0,0.22562507959181133,0.9,0.22562498445433832,0.9,1.0000004216619593,1.0000000000014282
unit_disk,GUiOcg,8,6,1.0,0.22562507959181133,0.9,0.2256249844543401,0.9,1.0000004216619514,1.000000000000714
unit_disk,G_vMv?,8,2,0.6666666666666666,0.14672446485397206,0.9,0.2064840882655652,0.9,1.4072914729732977,1.4951068861214096
unit_disk,GyFs?O,8,6,1.0,0.4993901304682442,0.58,0.4880844176119077,0.58,1.023163437406285,1.023163437406286
unit_disk,GyFs?O,8,7,1.0,0.4993901304682442,0.58,0.6433375257043474,0.58,1.2882463758367302,1.2882463758367302
unit_disk,GODKcC,8,1,0.75,0.12059670774420539,0.9,0.1649169786585416,0.9,1.3675081330440861,1.4119877500142333
unit_disk,GODKcC,8,2,1.0,0.12059670774420539,0.9,0.12056496888597046,0.9,1.000263251079714,1.0000000325266598
unit_disk,Gf_bjk,8,4,1.0,0.1664508845874293,0.9,0.16621233994974194,0.9,1.0014351800700205,1.0000030691615127
unit_disk,GAE[HC,8,1,1.0,0.1649180352729278,0.9,0.16491697865854782,0.9,1.0000064069472323,1.0000000000385594
unit_disk,GAE[HC,8,2,0.6666666666666666,0.1649180352729278,0.9,0.22527787111741127,0.9,1.3659989991063872,1.4117430091244716
unit_disk,Gb?W}_,8,2,0.9,0.28344990867525777,0.9,0.32287565553229314,0.9,1.1390924662537272,1.1217293304354836
unit_disk,GUc`HK,8,1,1.0,0.21753173584283658,0.9,0.21710162352899331,0.9,1.0019811565977803,1.0000044346589327
unit_disk,G`k|x{,8,1,0.6,0.2525408180835118,0.9,0.5811388300841895,0.9,2.3011679240383818,2.388782488959217
unit_disk,G[GjYC,8,3,0.5555555555555556,0.1880682695977578,0.9,0.20468564216975782,0.9,1.088358193583327,1.108586174601958
unit_disk,GPae?O,8,1,0.6,0.1686115802736694,0.9,0.16491697865854782,0.9,1.0224027971235823,1.0410352497951212
unit_disk,GPae?O,8,3,1.0,0.1686115802736694,0.9,0.16863382412295547,0.9,1.000131923615507,1.0000011241995774
unit_disk,GPae?O,8,7,0.6,0.1686115802736694,0.9,0.16491697865854515,0.9,1.0224027971235987,1.0410352497961706
unit_disk,GWB_k[,8,3,0.5,0.22474280965517046,0.9,0.5633501641719827,0.58,2.506643772213881,56.61529703617448
unit_disk,GWB_k[,8,4,1.0,0.22474280965517046,0.9,0.22474376357283976,0.9,1.0000042444858226,1.0000000000147278
unit_disk,GJXngG,8,0,1.0,0.6517118802241795,0.58,0.643337525704347,0.58,1.0130170465505863,1.0130170465505863
unit_disk,GJXngG,8,7,1.0,0.6517118802241795,0.58,0.643337525704347,0.58,1.0130170465505863,1.0130170465505846
unit_disk,GoTM?W,8,2,1.0,0.16516815984512156,0.9,0.1649524939258349,0.9,1.00130744261062,1.0000030682757368
unit_disk,GoTM?W,8,3,1.0,0.16516815984512156,0.9,0.16491697865854338,0.9,1.0015230765723537,1.0000041209413768
unit_disk,G@s{wg,8,1,1.0,0.22527201815179154,0.9,0.22474171195798043,0.9,1.0023596251411944,1.0000061044275057
unit_disk,GApXHK,8,0,0.7,0.17217386659938683,0.9,0.25075495769118206,0.9,1.4564054501641488,1.5105605839738123
unit_disk,GmCBCG,8,4,1.0,0.22528623086042288,0.9,0.2252835319712272,0.9,1.0000119799666316,1.00000000007471
unit_disk,GmCBCG,8,5,1.0,0.22528623086042288,0.9,0.22527787111741127,0.9,1.000037108584923,1.0000000002250224
unit_disk,HQAdIbH,9,4,0.8,0.25111441676865454,0.9,0.32287565553229314,0.9,1.2857710827082878,1.256770118010215
unit_disk,H@RB`Dr,9,0,0.6666666666666666,0.1648634265258444,0.9,0.22474140359672745,0.9,1.363197455813503,1.4117356488553234
unit_disk,H@RB`Dr,9,4,0.6666666666666666,0.1648634265258444,0.9,0.2247448713915885,0.9,1.3632184901625646,1.4117356489495798
unit_disk,HzxFFSC,9,8,0.5,0.2247450801676596,0.9,0.6150371759872928,0.56,2.7365990638303437,61.80971377985787
unit_disk,H`?G[~L,9,2,0.5333333333333333,0.20481749182699094,0.9,0.23108045346936912,0.9,1.1282261656858998,1.156010820875083
unit_disk,HCPH_pK,9,0,1.0,0.22474347923265725,0.9,0.22474487139159294,0.9,1.0000061944352754,1.0000000000249034
unit_disk,HCPH_pK,9,2,0.5,0.22474347923265725,0.9,0.32356207478810717,0.9,1.4396950509658688,1.496332441792052
unit_disk,HLnzLy?,9,8,1.0,0.22706268889337622,0.9,0.22704509035036313,0.9,1.0000775112246907,1.000000000867484
unit_disk,HMXx[gO,9,8,1.0,0.22475852032998667,0.9,0.2247436661121558,0.9,1.0000660940443298,1.0000000075871665
unit_disk,H@MKIc{,9,1,0.7142857142857143,0.2066108554546906,0.9,0.2614657428270517,0.9,1.2654985734009059,1.2473773070246374
unit_disk,HGadH`e,9,3,0.5,0.22474439660236634,0.9,0.22638038668235794,0.9,1.007279336458324,1.0000183289162685
unit_disk,HGadH`e,9,4,1.0,0.22474439660236634,0.9,0.22474467394944053,0.9,1.0000012340555688,1.0000000000001785
unit_disk,H`QpiKq,9,4,1.0,0.3234477360857433,0.9,0.32344853804275964,0.9,1.0000024794021627,1.0000000000110953
unit_disk,HA^Yjx~,9,0,1.0,0.18295298073252653,0.9,0.18273123087595966,0.9,1.0012135301420773,1.0000037464252982
unit_disk,HB?qa}K,9,0,1.0,0.2256260982474405,0.9,0.2256270966833629,0.9,1.0000044251792242,1.000000000005177
unit_disk,H\hvy?G,9,7,1.0,0.49567128537947536,0.6,0.5510450285533033,0.6,1.1117146480079736,1.1117146480079736
unit_disk,H\hvy?G,9,8,1.0,0.49567128537947536,0.6,0.5510450285533024,0.6,1.1117146480079718,1.1117146480079718
unit_disk,HQOQtAO,9,5,1.0,0.22527801889911103,0.9,0.2252752759466734,0.9,1.0000121760030083,1.000000000075067
unit_disk,HGYSKNc,9,3,1.0,0.2253083934060811,0.9,0.22529278052812263,0.9,1.000069300391792,1.000000007604615
unit_disk,HwBBDOS,9,3,0.8,0.1308209731379577,0.9,0.20059304998260874,0.9,1.5333401454755473,1.5972943816383562
unit_disk,HwBBDOS,9,4,0.8,0.1308209731379577,0.9,0.12108445697789083,0.9,1.0804109495394996,1.082298803675426
unit_disk,H`XGEYA,9,3,0.6666666666666666,0.16515283342791243,0.9,0.22585173603905595,0.9,1.36753170594338,1.411747306158811
unit_disk,H`XGEYA,9,6,1.0,0.16515283342791243,0.9,0.1651454951380451,0.9,1.000044435301497,1.0000000002269451
unit_disk,HovmY]_,9,3,1.0,0.2311655824282255,0.9,0.2310804534693709,0.9,1.0003683953254223,1.000001502574214
unit_disk,HGZZRVG,9,3,0.7272727272727273,0.15644967403931886,0.9,0.24867979829198905,0.9,1.589519440158699,1.6006399418651778
unit_disk,HCecqE[,9,1,1.0,0.39384808697744456,0.62,0.4977005520121107,0.6,1.2636866052382623,1.2636866052382623
unit_disk,HCecqE[,9,2,1.0,0.39384808697744456,0.62,0.4414691218425566,0.6,1.120912190358917,1.120912190358917
unit_disk,HAJ_dYd,9,6,1.0,0.1656948216794838,0.9,0.1656910144637207,0.9,1.000022977804653,1.0000000001509592
unit_disk,HTWST_{,9,1,1.0,0.16581067224673518,0.9,0.16565639879506477,0.9,1.000931285798753,1.0000021694424248
unit_disk,H~sevbY,9,5,1.0,0.32502067027188275,0.9,0.32501014363278635,0.9,1.0000323886478704,1.0000000002235743
unit_disk,HDc|~a@,9,1,1.0,0.5442908194867315,0.6,0.5510450285533024,0.6,1.0124091916026439,1.0124091916026439
unit_disk,IbI?Zp??_,10,8,1.0,0.22474173475280423,0.9,0.22474341012084942,0.9,1.0000074546369726,1.0000000000332046
unit_disk,IbI?Zp??_,10,9,1.0,0.22474173475280423,0.9,0.2247436423730811,0.9,1.000008488055318,1.0000000000339186
unit_disk,IGaIdYdWg,10,3,1.0,0.38802258407904455,0.62,0.4082692201450753,0.62,1.0521790145645395,1.0521790145645395
unit_disk,I?T@IoB_G,10,0,1.0,0.16487949698607451,0.9,0.16487701402948218,0.9,1.0000150594466242,1.0000000001116458
unit_disk,I?T@IoB_G,10,2,1.0,0.16487949698607451,0.9,0.16495626919506634,0.9,1.0004656261718115,1.0000010847191478
unit_disk,I~QtgPG|_,10,7,1.0,0.3615262407525508,0.9,0.3614630125403444,0.9,1.0001749230488675,1.0000002778368233
unit_disk,IATK`DWQG,10,0,1.0,0.22474364428757454,0.9,0.2247448713915876,0.9,1.0000054600165311,1.0000000000242786
unit_disk,IATK`DWQG,10,2,0.5,0.22474364428757454,0.9,0.5361709278958706,0.56,2.385700069941929,53.88385106652773
unit_disk,Ih[k`o@c_,10,8,0.6666666666666666,0.17621422093946393,0.9,0.20564632220867018,0.9,1.167024551777335,1.1892366329455346
unit_disk,IoaG{^l@o,10,3,1.0,0.6317591563069964,0.56,0.639689648732725,0.56,1.0125530312407136,1.0125530312407136
unit_disk,IE`cQHDa_,10,2,1.0,0.22582424367187492,0.9,0.2252917345704395,0.9,1.0023636424232374,1.0000061044647688
unit_disk,IOdAGy\P_,10,2,0.6666666666666666,0.2263361806277624,0.9,0.36070054082822534,0.9,1.5936494988463272,1.6290149397678861
unit_disk,ITQOAqslg,10,6,1.0,0.32275754820613045,0.9,0.32275773798861174,0.9,1.0000005880032314,1.0000000000017897
unit_disk,I@`DrcpKg,10,5,1.0,0.22476609971753625,0.9,0.22476571926107525,0.9,1.0000016926801039,1.0000000000000893
unit_disk,IAPKARYL?,10,2,1.0,0.2252753514260597,0.9,0.22527519458815704,0.9,1.0000006962058248,1.0000000000014282
unit_disk,Imv[B@d~W,10,6,1.0,0.2856709669765687,0.9,0.28568096545383437,0.9,1.0000349999769718,1.0000004997773966
unit_disk,IvvyTYsC?,10,9,1.0,0.22528353708562499,0.9,0.22528399390848897,0.9,1.0000020277685173,1.0000000000047307
unit_disk,I\}WO?Fz_,10,7,1.0,0.20582150906418306,0.9,0.2057458921005244,0.9,1.0003675259947435,1.0000009071095621
unit_disk,I{YFSaPCW,10,5,0.9411764705882353,0.3905077255442979,0.9,0.41421356237309404,0.9,1.0607051673452923,1.0454877979658002
unit_disk,I`Ks@EAIO,10,1,1.0,0.4592931295716176,0.58,0.4542951811556044,0.58,1.0110015439813818,1.0110015439813818
unit_disk,I|OCH?@`_,10,4,0.6470588235294118,0.16310657234979686,0.9,0.1780290485889937,0.9,1.0914891167426057,1.0867479220954226
unit_disk,I|OCH?@`_,10,8,0.5882352941176471,0.16310657234979686,0.9,0.17217386659939038,0.9,1.055591225534112,1.0517287828470816
unit_disk,IgM?J@`B_,10,3,0.75,0.18381838463340294,0.9,0.22529173457044305,0.9,1.225621338255976,1.2268963868048879
unit_disk,IaFEKKgE?,10,2,0.6666666666666666,0.1649286819562228,0.9,0.225303171781996,0.9,1.366064223091278,1.4117430095484977
unit_disk,I`TXExKC?,10,6,0.5555555555555556,0.20651479208511958,0.9,0.21193851828287613,0.9,1.026263136616001,1.0165186110621918
unit_disk,I`TXExKC?,10,9,0.8888888888888888,0.20651479208511958,0.9,0.20648408826556608,0.9,1.0001486982353527,1.0082413497992442
unit_disk,IhpCVRjX?,10,3,1.0,0.22528383257876428,0.9,0.22528358420273875,0.9,1.0000011025038793,1.000000000023029
unit_disk,Iep??SCXG,10,2,1.0,0.22527390053442886,0.9,0.22474354529530594,0.9,1.0023598241205374,1.0000061044283086
unit_disk,Iep??SCXG,10,6,1.0,0.22527390053442886,0.9,0.22527412018712667,0.9,1.0000009750472527,1.0
unit_disk,I`?U@SrA?,10,5,0.8571428571428571,0.1757876306936197,0.9,0.1963029005918786,0.9,1.1167048547005847,1.1072029217377282
unit_disk,I`?U@SrA?,10,9,0.6428571428571429,0.1757876306936197,0.9,0.20206917071120767,0.9,1.1495073340137003,1.1796999753704922
unit_disk,JOF_o`?F_S_,11,7,0.7916666666666666,0.20712527070450726,0.9,0.20838707466837114,0.9,1.0060919846215386,1.005780286334982
unit_disk,JOF_o`?F_S_,11,8,0.5833333333333334,0.20712527070450726,0.9,0.24610211880558452,0.9,1.188180070777955,1.2600099233150863
unit_disk,Jj|F{?FPg?_,11,10,1.0,0.13690864089616284,0.9,0.13686331516186812,0.9,1.0003311751892106,1.000000288927882
unit_disk,JjI?@Dw?pQ?,11,5,0.631578947368421,0.151038481265946,0.9,0.1609874380609959,0.9,1.065870344508642,1.0691260282079234
unit_disk,Jb?IXp^KRb?,11,0,1.0,0.32345429576009366,0.9,0.32345107285751595,0.9,1.000009964111571,1.0000000016900712
unit_disk,J?D?rW`I[u_,11,0,1.0,0.22564409304381883,0.9,0.22564491498390193,0.9,1.000003642639486,1.0000000000305265
unit_disk,JKcCs|D@GG_,11,2,1.0,0.4150230260208936,0.9,0.41501083969511576,0.9,1.0000293638734514,1.0000000002211025
unit_disk,J_jMMMKTtX?,11,3,1.0,0.3249636990496345,0.9,0.32427652317076117,0.9,1.0021191046214328,1.000006060070131
unit_disk,JOS_IoPUoK_,11,0,0.625,0.1671703799151274,0.9,0.17294509655621404,0.9,1.0345438985304602,1.0364472248986734
unit_disk,JIHjeXQSi`_,11,0,1.0,0.22584282869971695,0.9,0.22530442038853948,0.9,1.002389692622315,1.0000061046146347
unit_disk,JJ\|?H~?O?_,11,0,0.5714285714285714,0.21751465203659137,0.9,0.41583829665181327,0.9,1.9117714266984596,2.05109613793297
unit_disk,JJ\|?H~?O?_,11,10,1.0,0.21751465203659137,0.9,0.21750863382358432,0.9,1.0000276688465246,1.0000000002749516
unit_disk,JeBVhFSrml_,11,4,0.8666666666666667,0.23346739585060217,0.9,0.2337694392045675,0.9,1.0012937282007404,1.0006897805750954
unit_disk,J~Bvnf@}^n_,11,4,1.0,0.27708396616385045,0.9,0.27722635537577833,0.9,1.0005138847039734,1.000001798759906
unit_disk,JvBUnn@tto?,11,4,1.0,0.32427567019260906,0.9,0.3242720121246965,0.9,1.0000112808622879,1.000000000074744
unit_disk,JGpjY^N\k??,11,3,1.0,0.2069202706323061,0.9,0.2069546672803675,0.9,1.0001662314086304,1.000000453431481
unit_disk,JGpjY^N\k??,11,10,0.75,0.2069202706323061,0.9,0.32491286412137654,0.9,1.5702321629896827,1.61198723917488
unit_disk,JSe^T]jal~_,11,1,1.0,0.16522216181430593,0.9,0.16521591798916901,0.9,1.000037791910204,1.0000000038191266
unit_disk,JMYAsIT`W_?,11,10,1.0,0.49987120516533956,0.9,0.49999999999999467,0.9,1.000257656038844,1.0000004956760686
unit_disk,J`~?GCwpEW_,11,7,0.5666666666666667,0.22062799822575485,0.9,0.3500027972924187,0.9,1.5863933866375504,1.6229004200545976
unit_disk,JGeW`ID?c??,11,1,0.7,0.14508079669101548,0.9,0.14284047654004084,0.9,1.0156840708267074,1.0235809533379938
unit_disk,JGeW`ID?c??,11,9,0.7,0.14508079669101548,0.9,0.1428404765400444,0.9,1.015684070826682,1.0235809533385913
unit_disk,JGeW`ID?c??,11,10,0.9,0.14508079669101548,0.9,0.16498593101166037,0.9,1.1372003378437303,1.1313301100810889
unit_disk,J@t@sQHqMR_,11,5,1.0,0.32274990005072723,0.9,0.32275064890019944,0.9,1.0000023202159694,1.0000000000079934
unit_disk,JkGRU_ioRT?,11,5,0.7083333333333334,0.22199176626943462,0.9,0.3500027972924169,0.9,1.576647653082833,1.6090648553304376
unit_disk,J`wFOG?P]D?,11,3,0.7333333333333333,0.20683406293372997,0.9,0.20583374441204416,0.9,1.0048598373631261,1.0088102520537727
unit_disk,JOig?@An?b_,11,1,1.0,0.4149986690935421,0.9,0.41499867021885706,0.9,1.000000002711611,1.0000000000001794
unit_disk,JOig?@An?b_,11,6,1.0,0.4149986690935421,0.9,0.41499867021886416,0.9,1.000000002711628,1.0000000000007176
unit_disk,JOig?@An?b_,11,7,1.0,0.4149986690935421,0.9,0.41499483913241164,0.9,1.0000092289367706,1.0000000000743585
unit_disk,JJXoBp|A{g?,11,0,1.0,0.1675247406009177,0.9,0.16727226885403645,0.9,1.0015093461014841,1.000003069569218
unit_disk,JJXoBp|A{g?,11,6,1.0,0.1675247406009177,0.9,0.167281254515931,0.9,1.001455549133053,1.0000030692596196
unit_disk,JTOAV_CQoG_,11,8,1.0,0.2889226816511936,0.9,0.2889141856328017,0.9,1.000029406719415,1.00000000021477
unit_disk,KPMlHo|WHraL,12,1,0.5,0.2247414819467437,0.9,0.2258792765348545,0.9,1.005062681701015,1.0000122251260781
unit_disk,Kut^vtWwvv_G,12,11,1.0,0.4153400618277949,0.9,0.41455689470665646,0.9,1.0018891667974612,1.0000060160373627
unit_disk,K@aASYNQiSrK,12,2,0.8333333333333334,0.19911434783660908,0.9,0.27430516904706614,0.9,1.3776263339503678,1.345293265009684
unit_disk,K?dYlY?O@QtH,12,8,1.0,0.3521980006961929,0.62,0.3682569964076281,0.6,1.0455964987867372,1.0455964987867372
unit_disk,Key[[MF`yo?W,12,2,0.8181818181818182,0.21883054961444515,0.9,0.24838937935772698,0.9,1.1350763400967605,1.110290726068875
unit_disk,KQTGK__cO_}M,12,6,1.0,0.16517292884575951,0.9,0.16517457716593498,0.9,1.0000099793603405,1.0000000000786307
unit_disk,Ke??XJOd??ym,12,2,1.0,0.4148517343081899,0.9,0.41485049786724204,0.9,1.0000029804494732,1.000000000044669
unit_disk,Ke??XJOd??ym,12,4,1.0,0.4148517343081899,0.9,0.4148427211572887,0.9,1.000021726669992,1.0000000001919513
unit_disk,Ke??XJOd??ym,12,10,1.0,0.4148517343081899,0.9,0.4150103787425721,0.9,1.0003824123687146,1.0000007725519002
unit_disk,KCoSSiIHPIcB,12,1,1.0,0.20738099075743044,0.9,0.207404365418153,0.9,1.0001127136129362,1.0000010112290385
unit_disk,KOCI?Eo?sfgY,12,5,1.0,0.22528574299355597,0.9,0.22527767069731297,0.9,1.0000358326514032,1.000000000224219
unit_disk,K_oSOhPab@A?,12,2,1.0,0.15164297270042937,0.9,0.15137331612846516,0.9,1.0017814009685522,1.000003139205227
unit_disk,K_oSOhPab@A?,12,11,1.0,0.15164297270042937,0.9,0.15192136438692572,0.9,1.0018358363829118,1.0000059058581547
unit_disk,KWYg_?zYDWVT,12,7,1.0,0.22973330738992814,0.9,0.22962168982019815,0.9,1.0004860933207895,1.0000008257323554
unit_disk,K~{esVw?oC?I,12,5,1.0,0.26532653918745197,0.9,0.26532755001382213,0.9,1.0000038097446764,1.0000004315885527
unit_disk,K~{esVw?oC?I,12,10,0.9285714285714286,0.26532653918745197,0.9,0.2680096376541714,0.9,1.0101124390908511,1.0071181362111563
unit_disk,KA@PAiGVrKbi,12,0,0.8571428571428571,0.2200038921506291,0.9,0.2579597591456322,0.9,1.172523615941376,1.06368811470984
unit_disk,K?XzXb??C@_A,12,11,0.6666666666666666,0.1649246345993074,0.9,0.2252935403891403,0.9,1.3660393484363458,1.4117430093885948
unit_disk,K`ouUs?NpgaC,12,8,0.5526315789473685,0.2193796090562774,0.9,0.41898839642284447,0.9,1.9098784897340275,2.038980388746268
unit_disk,KOkWwUgnywV},12,1,1.0,0.2259166764252143,0.9,0.22537798955879929,0.9,1.0023901485121487,1.0000061046158346
unit_disk,Ku?L?W_{_OGg,12,8,1.0,0.17643548828150735,0.9,0.17643335856375586,0.9,1.000012070947177,1.0000000000654117
unit_disk,Ku?L?W_{_OGg,12,10,0.8333333333333334,0.17643548828150735,0.9,0.20443279420312344,0.9,1.158682962222122,1.148591106230561
unit_disk,KBa@`h?`PcOi,12,4,0.8620689655172413,0.21446630176724923,0.9,0.21595734988203663,0.9,1.006952365488195,1.0068919798402558
unit_disk,KBa@`h?`PcOi,12,8,0.5517241379310345,0.21446630176724923,0.9,0.3196275089997007,0.9,1.4903390712941853,1.6103171031534649
unit_disk,KKYRWhit?ADS,12,10,0.75,0.2060449193040519,0.9,0.32347270531033434,0.9,1.5699135237253736,1.6119878652248965
unit_disk,KC_uSTaD?U@?,12,11,1.0,0.5524032073316913,0.58,0.5590039408409719,0.56,1.0119491223469983,1.0119491223469983
unit_disk,K?SfGBBH??O@,12,3,1.0,0.32276655337408755,0.9,0.32276855657783265,0.9,1.0000062063547916,1.0000000000256506
unit_disk,K?SfGBBH??O@,12,7,1.0,0.32276655337408755,0.9,0.3227667236545244,0.9,1.0000005275653103,1.0000000000020282
unit_disk,K?SfGBBH??O@,12,10,1.0,0.32276655337408755,0.9,0.3227685565778291,0.9,1.0000062063547805,1.0000000000246962
unit_disk,K_H@UGgPQg?E,12,3,0.8333333333333334,0.09707471570342996,0.9,0.1363021103833546,0.9,1.4040948705919167,1.400479930998785
unit_disk,KeFX@DbGz`c?,12,11,1.0,0.22586221521090977,0.9,0.22584595327076862,0.9,1.0000720045672975,1.0000000076235807
unit_disk,KGCYwEU_BEK@,12,9,1.0,0.32354889560835964,0.9,0.3235489341286595,0.9,1.0000001190555752,1.000000000000358
